entry_id,uniprot_id,MSA_pos,seq_pos,residue,clusters
Q9VH77_DROME,Q9VH77,53,3,L,
MPI_SCHPO,O43014,53,4,L,
MPI_EMENI,P29951,53,8,L,
MPI_YEAST,P29952,53,8,L,
MPI_CAEEL,P34650,53,5,L,
MPI_DICDI,Q54PA0,53,24,L,
G5AL67_HETGA,G5AL67,53,9,L,
A0A8I3P413_CANLF,A0A8I3P413,53,9,L,
MPI_MOUSE,Q924M7,53,9,L,
MPI_RAT,Q68FX1,53,9,L,
A0A3P9PED3_POERE,A0A3P9PED3,53,9,L,
Q3ZB95_DANRE,Q3ZB95,53,9,L,
D8SVH8_SELML,D8SVH8,53,4,L,
MPI2_ARATH,Q9FZH5,53,25,L,
A0A072TVL2_MEDTR,A0A072TVL2,53,13,L,
B4FP68_MAIZE,B4FP68,53,29,L,
Q2R1L4_ORYSJ,Q2R1L4,53,53,L,
Q9VH77_DROME,Q9VH77,60,10,Y,"[12, 13, 41]"
MPI_SCHPO,O43014,60,11,Y,"[13, 14, 41]"
MPI_EMENI,P29951,60,15,Y,"[17, 18, 47]"
MPI_YEAST,P29952,60,15,Y,"[17, 18, 46]"
MPI_CAEEL,P34650,60,12,Y,"[14, 15, 43]"
MPI_DICDI,Q54PA0,60,31,Y,"[33, 34, 64]"
G5AL67_HETGA,G5AL67,60,16,Y,"[18, 19, 47]"
A0A8I3P413_CANLF,A0A8I3P413,60,16,Y,
MPI_MOUSE,Q924M7,60,16,Y,"[18, 19, 47]"
MPI_RAT,Q68FX1,60,16,Y,"[18, 19, 47]"
A0A3P9PED3_POERE,A0A3P9PED3,60,16,Y,"[18, 19, 47]"
Q3ZB95_DANRE,Q3ZB95,60,16,Y,"[18, 19, 47]"
D8SVH8_SELML,D8SVH8,60,11,Y,"[13, 14, 41]"
MPI2_ARATH,Q9FZH5,60,32,Y,"[34, 35, 62]"
A0A072TVL2_MEDTR,A0A072TVL2,60,20,Y,"[22, 23, 50]"
B4FP68_MAIZE,B4FP68,60,36,Y,"[38, 39, 63]"
Q2R1L4_ORYSJ,Q2R1L4,60,60,Y,"[62, 63, 87]"
Q9VH77_DROME,Q9VH77,62,12,W,"[10, 13]"
MPI_SCHPO,O43014,62,13,W,"[11, 14]"
MPI_EMENI,P29951,62,17,W,"[15, 18]"
MPI_YEAST,P29952,62,17,W,"[15, 18]"
MPI_CAEEL,P34650,62,14,W,"[12, 15]"
MPI_DICDI,Q54PA0,62,33,W,"[31, 34]"
G5AL67_HETGA,G5AL67,62,18,W,"[16, 19]"
A0A8I3P413_CANLF,A0A8I3P413,62,18,W,
MPI_MOUSE,Q924M7,62,18,W,"[16, 19]"
MPI_RAT,Q68FX1,62,18,W,"[16, 19]"
A0A3P9PED3_POERE,A0A3P9PED3,62,18,W,"[16, 19]"
Q3ZB95_DANRE,Q3ZB95,62,18,W,"[16, 19]"
D8SVH8_SELML,D8SVH8,62,13,W,"[11, 14]"
MPI2_ARATH,Q9FZH5,62,34,W,"[32, 35]"
A0A072TVL2_MEDTR,A0A072TVL2,62,22,W,"[20, 23]"
B4FP68_MAIZE,B4FP68,62,38,W,"[36, 39]"
Q2R1L4_ORYSJ,Q2R1L4,62,62,W,"[60, 63]"
Q9VH77_DROME,Q9VH77,63,13,G,"[10, 12, 40, 41, 78]"
MPI_SCHPO,O43014,63,14,G,"[11, 13, 40, 41, 91]"
MPI_EMENI,P29951,63,18,G,"[15, 17, 46, 47, 99]"
MPI_YEAST,P29952,63,18,G,"[15, 17, 45, 46, 101]"
MPI_CAEEL,P34650,63,15,G,"[12, 14, 42, 43, 91]"
MPI_DICDI,Q54PA0,63,34,G,"[31, 33, 63, 64, 133]"
G5AL67_HETGA,G5AL67,63,19,G,"[16, 18, 46, 47, 102]"
A0A8I3P413_CANLF,A0A8I3P413,63,19,G,
MPI_MOUSE,Q924M7,63,19,G,"[16, 18, 46, 47, 102]"
MPI_RAT,Q68FX1,63,19,G,"[16, 18, 46, 47, 102]"
A0A3P9PED3_POERE,A0A3P9PED3,63,19,G,"[16, 18, 46, 47, 102]"
Q3ZB95_DANRE,Q3ZB95,63,19,G,"[16, 18, 46, 47, 102]"
D8SVH8_SELML,D8SVH8,63,14,G,"[11, 13, 40, 41, 97]"
MPI2_ARATH,Q9FZH5,63,35,G,"[32, 34, 61, 62, 123]"
A0A072TVL2_MEDTR,A0A072TVL2,63,23,G,"[20, 22, 49, 50, 107]"
B4FP68_MAIZE,B4FP68,63,39,G,"[36, 38, 62, 63, 115]"
Q2R1L4_ORYSJ,Q2R1L4,63,63,G,"[60, 62, 86, 87, 141]"
Q9VH77_DROME,Q9VH77,69,19,S,"[40, 78]"
MPI_SCHPO,O43014,69,20,S,"[40, 91]"
MPI_EMENI,P29951,69,24,S,[99]
MPI_YEAST,P29952,69,24,S,"[45, 101]"
MPI_CAEEL,P34650,69,21,S,"[42, 91]"
MPI_DICDI,Q54PA0,69,40,S,[133]
G5AL67_HETGA,G5AL67,69,25,S,"[46, 102]"
A0A8I3P413_CANLF,A0A8I3P413,69,25,S,
MPI_MOUSE,Q924M7,69,25,S,[102]
MPI_RAT,Q68FX1,69,25,S,[102]
A0A3P9PED3_POERE,A0A3P9PED3,69,25,S,"[46, 102]"
Q3ZB95_DANRE,Q3ZB95,69,25,S,[102]
D8SVH8_SELML,D8SVH8,69,20,S,[97]
MPI2_ARATH,Q9FZH5,69,41,S,[123]
A0A072TVL2_MEDTR,A0A072TVL2,69,29,S,[107]
B4FP68_MAIZE,B4FP68,69,45,S,[115]
Q2R1L4_ORYSJ,Q2R1L4,69,69,S,[141]
Q9VH77_DROME,Q9VH77,93,40,Y,"[13, 19, 41]"
MPI_SCHPO,O43014,93,40,Y,"[14, 20, 41]"
MPI_EMENI,P29951,93,46,Y,"[18, 47]"
MPI_YEAST,P29952,93,45,Y,"[18, 24, 46]"
MPI_CAEEL,P34650,93,42,Y,"[15, 21, 43]"
MPI_DICDI,Q54PA0,93,63,Y,"[34, 64]"
G5AL67_HETGA,G5AL67,93,46,Y,"[19, 25, 47]"
A0A8I3P413_CANLF,A0A8I3P413,93,46,Y,
MPI_MOUSE,Q924M7,93,46,Y,"[19, 47]"
MPI_RAT,Q68FX1,93,46,Y,"[19, 47]"
A0A3P9PED3_POERE,A0A3P9PED3,93,46,Y,"[19, 25, 47]"
Q3ZB95_DANRE,Q3ZB95,93,46,Y,"[19, 47]"
D8SVH8_SELML,D8SVH8,93,40,Y,"[14, 41]"
MPI2_ARATH,Q9FZH5,93,61,Y,"[35, 62]"
A0A072TVL2_MEDTR,A0A072TVL2,93,49,Y,"[23, 50]"
B4FP68_MAIZE,B4FP68,93,62,Y,"[39, 63]"
Q2R1L4_ORYSJ,Q2R1L4,93,86,Y,"[63, 87]"
Q9VH77_DROME,Q9VH77,94,41,A,"[10, 13, 40, 42, 77, 78]"
MPI_SCHPO,O43014,94,41,A,"[11, 14, 40, 42, 90, 91]"
MPI_EMENI,P29951,94,47,A,"[15, 18, 46, 48, 98, 99]"
MPI_YEAST,P29952,94,46,A,"[15, 18, 45, 47, 100, 101]"
MPI_CAEEL,P34650,94,43,A,"[12, 15, 42, 44, 90, 91]"
MPI_DICDI,Q54PA0,94,64,A,"[31, 34, 63, 65, 132, 133]"
G5AL67_HETGA,G5AL67,94,47,A,"[16, 19, 46, 48, 101, 102]"
A0A8I3P413_CANLF,A0A8I3P413,94,47,A,
MPI_MOUSE,Q924M7,94,47,A,"[16, 19, 46, 48, 101, 102]"
MPI_RAT,Q68FX1,94,47,A,"[16, 19, 46, 48, 101, 102]"
A0A3P9PED3_POERE,A0A3P9PED3,94,47,A,"[16, 19, 46, 48, 101, 102]"
Q3ZB95_DANRE,Q3ZB95,94,47,A,"[16, 19, 46, 48, 101, 102]"
D8SVH8_SELML,D8SVH8,94,41,A,"[11, 14, 40, 42, 96, 97]"
MPI2_ARATH,Q9FZH5,94,62,A,"[32, 35, 61, 63, 122, 123]"
A0A072TVL2_MEDTR,A0A072TVL2,94,50,A,"[20, 23, 49, 51, 106, 107]"
B4FP68_MAIZE,B4FP68,94,63,A,"[36, 39, 62, 64, 114, 115]"
Q2R1L4_ORYSJ,Q2R1L4,94,87,A,"[60, 63, 86, 88, 140, 141]"
Q9VH77_DROME,Q9VH77,95,42,E,"[41, 76, 77]"
MPI_SCHPO,O43014,95,42,E,"[41, 89, 90]"
MPI_EMENI,P29951,95,48,E,"[47, 97, 98]"
MPI_YEAST,P29952,95,47,E,"[46, 99, 100]"
MPI_CAEEL,P34650,95,44,E,"[43, 89, 90]"
MPI_DICDI,Q54PA0,95,65,E,"[64, 131, 132]"
G5AL67_HETGA,G5AL67,95,48,E,"[47, 100, 101]"
A0A8I3P413_CANLF,A0A8I3P413,95,48,E,
MPI_MOUSE,Q924M7,95,48,E,"[47, 100, 101]"
MPI_RAT,Q68FX1,95,48,E,"[47, 100, 101]"
A0A3P9PED3_POERE,A0A3P9PED3,95,48,E,"[47, 100, 101]"
Q3ZB95_DANRE,Q3ZB95,95,48,E,"[47, 100, 101]"
D8SVH8_SELML,D8SVH8,95,42,E,"[41, 95, 96]"
MPI2_ARATH,Q9FZH5,95,63,E,"[62, 121, 122]"
A0A072TVL2_MEDTR,A0A072TVL2,95,51,E,"[50, 105, 106]"
B4FP68_MAIZE,B4FP68,95,64,E,"[63, 113, 114]"
Q2R1L4_ORYSJ,Q2R1L4,95,88,E,"[87, 139, 140]"
Q9VH77_DROME,Q9VH77,97,44,W,[75]
MPI_SCHPO,O43014,97,44,W,[88]
MPI_EMENI,P29951,97,50,W,[96]
MPI_YEAST,P29952,97,49,W,[98]
MPI_CAEEL,P34650,97,46,W,[88]
MPI_DICDI,Q54PA0,97,67,W,[130]
G5AL67_HETGA,G5AL67,97,50,W,[99]
A0A8I3P413_CANLF,A0A8I3P413,97,50,W,
MPI_MOUSE,Q924M7,97,50,W,[99]
MPI_RAT,Q68FX1,97,50,W,[99]
A0A3P9PED3_POERE,A0A3P9PED3,97,50,W,[99]
Q3ZB95_DANRE,Q3ZB95,97,50,W,[99]
D8SVH8_SELML,D8SVH8,97,44,W,[94]
MPI2_ARATH,Q9FZH5,97,65,W,[120]
A0A072TVL2_MEDTR,A0A072TVL2,97,53,W,[104]
B4FP68_MAIZE,B4FP68,97,66,W,[112]
Q2R1L4_ORYSJ,Q2R1L4,97,90,W,[138]
Q9VH77_DROME,Q9VH77,99,46,G,"[48, 73]"
MPI_SCHPO,O43014,99,46,G,"[48, 86]"
MPI_EMENI,P29951,99,52,G,"[54, 94]"
MPI_YEAST,P29952,99,51,G,"[53, 96]"
MPI_CAEEL,P34650,99,48,G,"[50, 86]"
MPI_DICDI,Q54PA0,99,69,G,"[71, 128]"
G5AL67_HETGA,G5AL67,99,52,G,"[54, 97]"
A0A8I3P413_CANLF,A0A8I3P413,99,52,G,
MPI_MOUSE,Q924M7,99,52,G,"[54, 97]"
MPI_RAT,Q68FX1,99,52,G,"[54, 97]"
A0A3P9PED3_POERE,A0A3P9PED3,99,52,G,"[54, 97]"
Q3ZB95_DANRE,Q3ZB95,99,52,G,"[54, 97]"
D8SVH8_SELML,D8SVH8,99,46,G,"[48, 92]"
MPI2_ARATH,Q9FZH5,99,67,G,"[69, 118]"
A0A072TVL2_MEDTR,A0A072TVL2,99,55,G,"[57, 102]"
B4FP68_MAIZE,B4FP68,99,68,G,"[70, 110]"
Q2R1L4_ORYSJ,Q2R1L4,99,92,G,"[94, 136]"
Q9VH77_DROME,Q9VH77,101,48,H,[46]
MPI_SCHPO,O43014,101,48,H,[46]
MPI_EMENI,P29951,101,54,H,[52]
MPI_YEAST,P29952,101,53,H,[51]
MPI_CAEEL,P34650,101,50,H,[48]
MPI_DICDI,Q54PA0,101,71,H,[69]
G5AL67_HETGA,G5AL67,101,54,H,[52]
A0A8I3P413_CANLF,A0A8I3P413,101,54,H,
MPI_MOUSE,Q924M7,101,54,H,[52]
MPI_RAT,Q68FX1,101,54,H,[52]
A0A3P9PED3_POERE,A0A3P9PED3,101,54,H,[52]
Q3ZB95_DANRE,Q3ZB95,101,54,H,[52]
D8SVH8_SELML,D8SVH8,101,48,H,[46]
MPI2_ARATH,Q9FZH5,101,69,H,[67]
A0A072TVL2_MEDTR,A0A072TVL2,101,57,H,[55]
B4FP68_MAIZE,B4FP68,101,70,H,[68]
Q2R1L4_ORYSJ,Q2R1L4,101,94,H,[92]
Q9VH77_DROME,Q9VH77,124,62,L,
MPI_SCHPO,O43014,124,62,L,
MPI_EMENI,P29951,124,68,L,
MPI_YEAST,P29952,124,67,L,
MPI_CAEEL,P34650,124,64,L,
MPI_DICDI,Q54PA0,124,87,L,
G5AL67_HETGA,G5AL67,124,71,L,
A0A8I3P413_CANLF,A0A8I3P413,124,71,L,
MPI_MOUSE,Q924M7,124,71,L,
MPI_RAT,Q68FX1,124,71,L,
A0A3P9PED3_POERE,A0A3P9PED3,124,71,L,
Q3ZB95_DANRE,Q3ZB95,124,71,L,
D8SVH8_SELML,D8SVH8,124,66,L,
MPI2_ARATH,Q9FZH5,124,92,L,
A0A072TVL2_MEDTR,A0A072TVL2,124,75,L,
B4FP68_MAIZE,B4FP68,124,84,L,
Q2R1L4_ORYSJ,Q2R1L4,124,108,L,
Q9VH77_DROME,Q9VH77,167,73,L,"[46, 74, 251, 252]"
MPI_SCHPO,O43014,167,86,L,"[46, 87, 275, 276]"
MPI_EMENI,P29951,167,94,L,"[52, 95, 301, 302]"
MPI_YEAST,P29952,167,96,L,"[51, 97, 291, 292]"
MPI_CAEEL,P34650,167,86,L,"[48, 87, 269, 270]"
MPI_DICDI,Q54PA0,167,128,L,"[69, 129, 305, 306]"
G5AL67_HETGA,G5AL67,167,97,L,"[52, 98, 286, 287]"
A0A8I3P413_CANLF,A0A8I3P413,167,97,L,
MPI_MOUSE,Q924M7,167,97,L,"[52, 98, 286, 287]"
MPI_RAT,Q68FX1,167,97,L,"[52, 98, 286, 287]"
A0A3P9PED3_POERE,A0A3P9PED3,167,97,L,"[52, 98, 285, 286]"
Q3ZB95_DANRE,Q3ZB95,167,97,L,"[52, 98, 285, 286]"
D8SVH8_SELML,D8SVH8,167,92,L,"[46, 93, 278, 279]"
MPI2_ARATH,Q9FZH5,167,118,L,"[67, 119, 306, 307]"
A0A072TVL2_MEDTR,A0A072TVL2,167,102,L,"[55, 103, 289, 290]"
B4FP68_MAIZE,B4FP68,167,110,L,"[68, 111, 298, 299]"
Q2R1L4_ORYSJ,Q2R1L4,167,136,L,"[92, 137, 324, 325]"
Q9VH77_DROME,Q9VH77,168,74,F,"[73, 75, 250, 251]"
MPI_SCHPO,O43014,168,87,F,"[86, 88, 275]"
MPI_EMENI,P29951,168,95,F,"[94, 96, 301]"
MPI_YEAST,P29952,168,97,F,"[96, 98, 290, 291]"
MPI_CAEEL,P34650,168,87,F,"[86, 88, 268, 269]"
MPI_DICDI,Q54PA0,168,129,F,"[128, 130, 304, 305]"
G5AL67_HETGA,G5AL67,168,98,F,"[97, 99, 286]"
A0A8I3P413_CANLF,A0A8I3P413,168,98,F,
MPI_MOUSE,Q924M7,168,98,F,"[97, 99, 285, 286]"
MPI_RAT,Q68FX1,168,98,F,"[97, 99, 286]"
A0A3P9PED3_POERE,A0A3P9PED3,168,98,F,"[97, 99, 285]"
Q3ZB95_DANRE,Q3ZB95,168,98,F,"[97, 99, 284, 285]"
D8SVH8_SELML,D8SVH8,168,93,F,"[92, 94, 277, 278]"
MPI2_ARATH,Q9FZH5,168,119,F,"[118, 120, 305, 306]"
A0A072TVL2_MEDTR,A0A072TVL2,168,103,F,"[102, 104, 289]"
B4FP68_MAIZE,B4FP68,168,111,F,"[110, 112, 298]"
Q2R1L4_ORYSJ,Q2R1L4,168,137,F,"[136, 138, 324]"
Q9VH77_DROME,Q9VH77,169,75,K,"[44, 74, 76, 250]"
MPI_SCHPO,O43014,169,88,K,"[44, 87, 89, 274]"
MPI_EMENI,P29951,169,96,K,"[50, 95, 97, 300]"
MPI_YEAST,P29952,169,98,K,"[49, 97, 99, 290]"
MPI_CAEEL,P34650,169,88,K,"[46, 87, 89, 268]"
MPI_DICDI,Q54PA0,169,130,K,"[67, 129, 131, 304]"
G5AL67_HETGA,G5AL67,169,99,K,"[50, 98, 100, 285]"
A0A8I3P413_CANLF,A0A8I3P413,169,99,K,
MPI_MOUSE,Q924M7,169,99,K,"[50, 98, 100, 285]"
MPI_RAT,Q68FX1,169,99,K,"[50, 98, 100, 285]"
A0A3P9PED3_POERE,A0A3P9PED3,169,99,K,"[50, 98, 100, 284]"
Q3ZB95_DANRE,Q3ZB95,169,99,K,"[50, 98, 100, 284]"
D8SVH8_SELML,D8SVH8,169,94,K,"[44, 93, 95, 277]"
MPI2_ARATH,Q9FZH5,169,120,K,"[65, 119, 121, 305]"
A0A072TVL2_MEDTR,A0A072TVL2,169,104,K,"[53, 103, 105, 288]"
B4FP68_MAIZE,B4FP68,169,112,K,"[66, 111, 113, 297]"
Q2R1L4_ORYSJ,Q2R1L4,169,138,K,"[90, 137, 139, 323]"
Q9VH77_DROME,Q9VH77,170,76,V,"[42, 75, 77, 250]"
MPI_SCHPO,O43014,170,89,V,"[42, 88, 90]"
MPI_EMENI,P29951,170,97,V,"[48, 96, 98]"
MPI_YEAST,P29952,170,99,V,"[47, 98, 100]"
MPI_CAEEL,P34650,170,89,V,"[44, 88, 90]"
MPI_DICDI,Q54PA0,170,131,V,"[65, 130, 132, 304]"
G5AL67_HETGA,G5AL67,170,100,V,"[48, 99, 101, 285]"
A0A8I3P413_CANLF,A0A8I3P413,170,100,V,
MPI_MOUSE,Q924M7,170,100,V,"[48, 99, 101, 285]"
MPI_RAT,Q68FX1,170,100,V,"[48, 99, 101, 285]"
A0A3P9PED3_POERE,A0A3P9PED3,170,100,V,"[48, 99, 101, 284]"
Q3ZB95_DANRE,Q3ZB95,170,100,V,"[48, 99, 101, 284]"
D8SVH8_SELML,D8SVH8,170,95,V,"[42, 94, 96, 277]"
MPI2_ARATH,Q9FZH5,170,121,V,"[63, 120, 122, 305]"
A0A072TVL2_MEDTR,A0A072TVL2,170,105,V,"[51, 104, 106, 288]"
B4FP68_MAIZE,B4FP68,170,113,V,"[64, 112, 114, 297]"
Q2R1L4_ORYSJ,Q2R1L4,170,139,V,"[88, 138, 140, 323]"
Q9VH77_DROME,Q9VH77,171,77,L,"[41, 42, 76, 78]"
MPI_SCHPO,O43014,171,90,L,"[41, 42, 89, 91]"
MPI_EMENI,P29951,171,98,L,"[47, 48, 97, 99]"
MPI_YEAST,P29952,171,100,L,"[46, 47, 99, 101]"
MPI_CAEEL,P34650,171,90,L,"[43, 44, 89, 91]"
MPI_DICDI,Q54PA0,171,132,L,"[64, 65, 131, 133]"
G5AL67_HETGA,G5AL67,171,101,L,"[47, 48, 100, 102]"
A0A8I3P413_CANLF,A0A8I3P413,171,101,L,
MPI_MOUSE,Q924M7,171,101,L,"[47, 48, 100, 102]"
MPI_RAT,Q68FX1,171,101,L,"[47, 48, 100, 102]"
A0A3P9PED3_POERE,A0A3P9PED3,171,101,L,"[47, 48, 100, 102]"
Q3ZB95_DANRE,Q3ZB95,171,101,L,"[47, 48, 100, 102]"
D8SVH8_SELML,D8SVH8,171,96,L,"[41, 42, 95, 97]"
MPI2_ARATH,Q9FZH5,171,122,L,"[62, 63, 121, 123]"
A0A072TVL2_MEDTR,A0A072TVL2,171,106,L,"[50, 51, 105, 107]"
B4FP68_MAIZE,B4FP68,171,114,L,"[63, 64, 113, 115]"
Q2R1L4_ORYSJ,Q2R1L4,171,140,L,"[87, 88, 139, 141]"
Q9VH77_DROME,Q9VH77,172,78,S,"[13, 19, 41, 77]"
MPI_SCHPO,O43014,172,91,S,"[14, 20, 41, 90]"
MPI_EMENI,P29951,172,99,S,"[18, 24, 47, 98]"
MPI_YEAST,P29952,172,101,S,"[18, 24, 46, 100]"
MPI_CAEEL,P34650,172,91,S,"[15, 21, 43, 90]"
MPI_DICDI,Q54PA0,172,133,S,"[34, 40, 64, 132]"
G5AL67_HETGA,G5AL67,172,102,S,"[19, 25, 47, 101]"
A0A8I3P413_CANLF,A0A8I3P413,172,102,S,
MPI_MOUSE,Q924M7,172,102,S,"[19, 25, 47, 101, 281]"
MPI_RAT,Q68FX1,172,102,S,"[19, 25, 47, 101, 281]"
A0A3P9PED3_POERE,A0A3P9PED3,172,102,S,"[19, 25, 47, 101]"
Q3ZB95_DANRE,Q3ZB95,172,102,S,"[19, 25, 47, 101]"
D8SVH8_SELML,D8SVH8,172,97,S,"[14, 20, 41, 96]"
MPI2_ARATH,Q9FZH5,172,123,S,"[35, 41, 62, 122]"
A0A072TVL2_MEDTR,A0A072TVL2,172,107,S,"[23, 29, 50, 106]"
B4FP68_MAIZE,B4FP68,172,115,S,"[39, 45, 63, 114]"
Q2R1L4_ORYSJ,Q2R1L4,172,141,S,"[63, 69, 87, 140]"
Q9VH77_DROME,Q9VH77,177,83,L,"[84, 242, 243]"
MPI_SCHPO,O43014,177,96,L,"[97, 266, 267]"
MPI_EMENI,P29951,177,104,L,"[105, 292, 293]"
MPI_YEAST,P29952,177,106,L,"[107, 282, 283]"
MPI_CAEEL,P34650,177,96,L,"[97, 260, 261]"
MPI_DICDI,Q54PA0,177,138,L,"[139, 296, 297]"
G5AL67_HETGA,G5AL67,177,107,L,"[108, 277, 278]"
A0A8I3P413_CANLF,A0A8I3P413,177,107,L,
MPI_MOUSE,Q924M7,177,107,L,"[108, 277, 278]"
MPI_RAT,Q68FX1,177,107,L,"[108, 277, 278]"
A0A3P9PED3_POERE,A0A3P9PED3,177,107,L,"[108, 276, 277]"
Q3ZB95_DANRE,Q3ZB95,177,107,L,"[108, 276, 277]"
D8SVH8_SELML,D8SVH8,177,102,L,"[103, 269, 270]"
MPI2_ARATH,Q9FZH5,177,128,L,"[129, 297, 298]"
A0A072TVL2_MEDTR,A0A072TVL2,177,112,L,"[113, 280, 281]"
B4FP68_MAIZE,B4FP68,177,120,L,"[121, 289, 290]"
Q2R1L4_ORYSJ,Q2R1L4,177,146,L,"[147, 315, 316]"
Q9VH77_DROME,Q9VH77,178,84,S,"[83, 85, 86, 242, 262, 264]"
MPI_SCHPO,O43014,178,97,S,"[96, 98, 99, 266, 286, 288]"
MPI_EMENI,P29951,178,105,S,"[104, 106, 107, 312, 314]"
MPI_YEAST,P29952,178,107,S,"[106, 108, 109, 282, 302, 304]"
MPI_CAEEL,P34650,178,97,S,"[96, 98, 99, 260, 280, 282]"
MPI_DICDI,Q54PA0,178,139,S,"[138, 140, 141, 296, 316, 318]"
G5AL67_HETGA,G5AL67,178,108,S,"[107, 109, 110, 277, 297, 299]"
A0A8I3P413_CANLF,A0A8I3P413,178,108,S,
MPI_MOUSE,Q924M7,178,108,S,"[107, 109, 110, 277, 297, 299]"
MPI_RAT,Q68FX1,178,108,S,"[107, 109, 110, 277, 297, 299]"
A0A3P9PED3_POERE,A0A3P9PED3,178,108,S,"[107, 109, 110, 276, 296, 298]"
Q3ZB95_DANRE,Q3ZB95,178,108,S,"[107, 109, 110, 276, 296, 298]"
D8SVH8_SELML,D8SVH8,178,103,S,"[102, 104, 105, 269, 289, 291]"
MPI2_ARATH,Q9FZH5,178,129,S,"[128, 130, 131, 297, 317, 319]"
A0A072TVL2_MEDTR,A0A072TVL2,178,113,S,"[112, 114, 115, 280, 300, 302]"
B4FP68_MAIZE,B4FP68,178,121,S,"[120, 122, 123, 289, 309, 311]"
Q2R1L4_ORYSJ,Q2R1L4,178,147,S,"[146, 148, 149, 315, 335, 337]"
Q9VH77_DROME,Q9VH77,179,85,I,"[84, 86, 241, 242, 260, 262]"
MPI_SCHPO,O43014,179,98,I,"[97, 99, 265, 266, 284, 286]"
MPI_EMENI,P29951,179,106,I,"[105, 107, 291, 292, 310, 312]"
MPI_YEAST,P29952,179,108,I,"[107, 109, 281, 282, 300, 302]"
MPI_CAEEL,P34650,179,98,I,"[97, 99, 259, 260, 278, 280]"
MPI_DICDI,Q54PA0,179,140,I,"[139, 141, 295, 296, 314, 316]"
G5AL67_HETGA,G5AL67,179,109,I,"[108, 110, 276, 277, 295, 297]"
A0A8I3P413_CANLF,A0A8I3P413,179,109,I,
MPI_MOUSE,Q924M7,179,109,I,"[108, 110, 276, 277, 295, 297]"
MPI_RAT,Q68FX1,179,109,I,"[108, 110, 276, 277, 295, 297]"
A0A3P9PED3_POERE,A0A3P9PED3,179,109,I,"[108, 110, 275, 276, 294, 296]"
Q3ZB95_DANRE,Q3ZB95,179,109,I,"[108, 110, 275, 276, 294, 296]"
D8SVH8_SELML,D8SVH8,179,104,I,"[103, 105, 268, 269, 287, 289]"
MPI2_ARATH,Q9FZH5,179,130,I,"[129, 131, 296, 297, 315, 317]"
A0A072TVL2_MEDTR,A0A072TVL2,179,114,I,"[113, 115, 279, 280, 298, 300]"
B4FP68_MAIZE,B4FP68,179,122,I,"[121, 123, 288, 289, 307, 309]"
Q2R1L4_ORYSJ,Q2R1L4,179,148,I,"[147, 149, 314, 315, 333, 335]"
Q9VH77_DROME,Q9VH77,180,86,Q,"[84, 85, 241, 260]"
MPI_SCHPO,O43014,180,99,Q,"[97, 98, 265, 284]"
MPI_EMENI,P29951,180,107,Q,"[105, 106, 291, 310]"
MPI_YEAST,P29952,180,109,Q,"[107, 108, 281, 300]"
MPI_CAEEL,P34650,180,99,Q,"[97, 98, 259, 278]"
MPI_DICDI,Q54PA0,180,141,Q,"[139, 140, 295, 314]"
G5AL67_HETGA,G5AL67,180,110,Q,"[108, 109, 276, 295]"
A0A8I3P413_CANLF,A0A8I3P413,180,110,Q,
MPI_MOUSE,Q924M7,180,110,Q,"[108, 109, 276, 295]"
MPI_RAT,Q68FX1,180,110,Q,"[108, 109, 276, 295]"
A0A3P9PED3_POERE,A0A3P9PED3,180,110,Q,"[108, 109, 275, 294]"
Q3ZB95_DANRE,Q3ZB95,180,110,Q,"[108, 109, 275, 294]"
D8SVH8_SELML,D8SVH8,180,105,Q,"[103, 104, 268, 287]"
MPI2_ARATH,Q9FZH5,180,131,Q,"[129, 130, 296, 315]"
A0A072TVL2_MEDTR,A0A072TVL2,180,115,Q,"[113, 114, 279, 298]"
B4FP68_MAIZE,B4FP68,180,123,Q,"[121, 122, 288, 307]"
Q2R1L4_ORYSJ,Q2R1L4,180,149,Q,"[147, 148, 314, 333]"
Q9VH77_DROME,Q9VH77,182,88,H,"[89, 111]"
MPI_SCHPO,O43014,182,101,H,"[102, 124]"
MPI_EMENI,P29951,182,109,H,"[110, 132]"
MPI_YEAST,P29952,182,111,H,"[112, 134]"
MPI_CAEEL,P34650,182,101,H,"[102, 124]"
MPI_DICDI,Q54PA0,182,143,H,"[144, 166]"
G5AL67_HETGA,G5AL67,182,112,H,"[113, 135]"
A0A8I3P413_CANLF,A0A8I3P413,182,112,H,
MPI_MOUSE,Q924M7,182,112,H,"[113, 135]"
MPI_RAT,Q68FX1,182,112,H,"[113, 135]"
A0A3P9PED3_POERE,A0A3P9PED3,182,112,H,"[113, 135]"
Q3ZB95_DANRE,Q3ZB95,182,112,H,"[113, 135]"
D8SVH8_SELML,D8SVH8,182,107,H,"[108, 130]"
MPI2_ARATH,Q9FZH5,182,133,H,"[134, 156]"
A0A072TVL2_MEDTR,A0A072TVL2,182,117,H,"[118, 140]"
B4FP68_MAIZE,B4FP68,182,125,H,"[126, 148]"
Q2R1L4_ORYSJ,Q2R1L4,182,151,H,"[152, 174]"
Q9VH77_DROME,Q9VH77,183,89,P,"[88, 110]"
MPI_SCHPO,O43014,183,102,P,"[101, 123]"
MPI_EMENI,P29951,183,110,P,"[109, 131]"
MPI_YEAST,P29952,183,112,P,"[111, 133]"
MPI_CAEEL,P34650,183,102,P,"[101, 123]"
MPI_DICDI,Q54PA0,183,144,P,"[143, 165]"
G5AL67_HETGA,G5AL67,183,113,P,"[112, 134]"
A0A8I3P413_CANLF,A0A8I3P413,183,113,P,
MPI_MOUSE,Q924M7,183,113,P,[112]
MPI_RAT,Q68FX1,183,113,P,[112]
A0A3P9PED3_POERE,A0A3P9PED3,183,113,P,"[112, 134]"
Q3ZB95_DANRE,Q3ZB95,183,113,P,"[112, 134]"
D8SVH8_SELML,D8SVH8,183,108,P,"[107, 129]"
MPI2_ARATH,Q9FZH5,183,134,P,"[133, 155]"
A0A072TVL2_MEDTR,A0A072TVL2,183,118,P,"[117, 139]"
B4FP68_MAIZE,B4FP68,183,126,P,"[125, 147]"
Q2R1L4_ORYSJ,Q2R1L4,183,152,P,"[151, 173]"
Q9VH77_DROME,Q9VH77,191,97,L,
MPI_SCHPO,O43014,191,110,L,
MPI_EMENI,P29951,191,118,L,
MPI_YEAST,P29952,191,120,L,
MPI_CAEEL,P34650,191,110,L,
MPI_DICDI,Q54PA0,191,152,L,
G5AL67_HETGA,G5AL67,191,121,L,
A0A8I3P413_CANLF,A0A8I3P413,191,121,L,
MPI_MOUSE,Q924M7,191,121,L,
MPI_RAT,Q68FX1,191,121,L,
A0A3P9PED3_POERE,A0A3P9PED3,191,121,L,
Q3ZB95_DANRE,Q3ZB95,191,121,L,
D8SVH8_SELML,D8SVH8,191,116,L,
MPI2_ARATH,Q9FZH5,191,142,L,
A0A072TVL2_MEDTR,A0A072TVL2,191,126,L,
B4FP68_MAIZE,B4FP68,191,134,L,
Q2R1L4_ORYSJ,Q2R1L4,191,160,L,
Q9VH77_DROME,Q9VH77,196,102,P,[105]
MPI_SCHPO,O43014,196,115,P,[118]
MPI_EMENI,P29951,196,123,P,[126]
MPI_YEAST,P29952,196,125,P,[128]
MPI_CAEEL,P34650,196,115,P,[118]
MPI_DICDI,Q54PA0,196,157,P,[160]
G5AL67_HETGA,G5AL67,196,126,P,[129]
A0A8I3P413_CANLF,A0A8I3P413,196,126,P,
MPI_MOUSE,Q924M7,196,126,P,[129]
MPI_RAT,Q68FX1,196,126,P,[129]
A0A3P9PED3_POERE,A0A3P9PED3,196,126,P,[129]
Q3ZB95_DANRE,Q3ZB95,196,126,P,[129]
D8SVH8_SELML,D8SVH8,196,121,P,[124]
MPI2_ARATH,Q9FZH5,196,147,P,[150]
A0A072TVL2_MEDTR,A0A072TVL2,196,131,P,[134]
B4FP68_MAIZE,B4FP68,196,139,P,[142]
Q2R1L4_ORYSJ,Q2R1L4,196,165,P,[168]
Q9VH77_DROME,Q9VH77,199,105,Y,"[102, 107, 257]"
MPI_SCHPO,O43014,199,118,Y,"[115, 120, 281]"
MPI_EMENI,P29951,199,126,Y,"[123, 128, 307]"
MPI_YEAST,P29952,199,128,Y,"[125, 130, 297]"
MPI_CAEEL,P34650,199,118,Y,"[115, 120, 275]"
MPI_DICDI,Q54PA0,199,160,Y,"[157, 162, 311]"
G5AL67_HETGA,G5AL67,199,129,Y,"[126, 131, 292]"
A0A8I3P413_CANLF,A0A8I3P413,199,129,Y,
MPI_MOUSE,Q924M7,199,129,Y,"[126, 131, 292]"
MPI_RAT,Q68FX1,199,129,Y,"[126, 131, 292]"
A0A3P9PED3_POERE,A0A3P9PED3,199,129,Y,"[126, 131, 291]"
Q3ZB95_DANRE,Q3ZB95,199,129,Y,"[126, 131, 291]"
D8SVH8_SELML,D8SVH8,199,124,Y,"[121, 126, 284]"
MPI2_ARATH,Q9FZH5,199,150,Y,"[147, 152, 312]"
A0A072TVL2_MEDTR,A0A072TVL2,199,134,Y,"[131, 136, 295]"
B4FP68_MAIZE,B4FP68,199,142,Y,"[139, 144, 304]"
Q2R1L4_ORYSJ,Q2R1L4,199,168,Y,"[165, 170, 330]"
Q9VH77_DROME,Q9VH77,201,107,D,[105]
MPI_SCHPO,O43014,201,120,D,[118]
MPI_EMENI,P29951,201,128,D,[126]
MPI_YEAST,P29952,201,130,D,[128]
MPI_CAEEL,P34650,201,120,D,[118]
MPI_DICDI,Q54PA0,201,162,D,[160]
G5AL67_HETGA,G5AL67,201,131,D,[129]
A0A8I3P413_CANLF,A0A8I3P413,201,131,D,
MPI_MOUSE,Q924M7,201,131,D,[129]
MPI_RAT,Q68FX1,201,131,D,[129]
A0A3P9PED3_POERE,A0A3P9PED3,201,131,D,[129]
Q3ZB95_DANRE,Q3ZB95,201,131,D,[129]
D8SVH8_SELML,D8SVH8,201,126,D,[124]
MPI2_ARATH,Q9FZH5,201,152,D,[150]
A0A072TVL2_MEDTR,A0A072TVL2,201,136,D,[134]
B4FP68_MAIZE,B4FP68,201,144,D,[142]
Q2R1L4_ORYSJ,Q2R1L4,201,170,D,[168]
Q9VH77_DROME,Q9VH77,204,110,H,"[89, 111]"
MPI_SCHPO,O43014,204,123,H,"[102, 124]"
MPI_EMENI,P29951,204,131,H,"[110, 132]"
MPI_YEAST,P29952,204,133,H,"[112, 134]"
MPI_CAEEL,P34650,204,123,H,"[102, 124]"
MPI_DICDI,Q54PA0,204,165,H,"[144, 166]"
G5AL67_HETGA,G5AL67,204,134,H,"[113, 135]"
A0A8I3P413_CANLF,A0A8I3P413,204,134,H,
MPI_MOUSE,Q924M7,204,134,H,[135]
MPI_RAT,Q68FX1,204,134,H,[135]
A0A3P9PED3_POERE,A0A3P9PED3,204,134,H,"[113, 135]"
Q3ZB95_DANRE,Q3ZB95,204,134,H,"[113, 135]"
D8SVH8_SELML,D8SVH8,204,129,H,"[108, 130]"
MPI2_ARATH,Q9FZH5,204,155,H,"[134, 156]"
A0A072TVL2_MEDTR,A0A072TVL2,204,139,H,"[118, 140]"
B4FP68_MAIZE,B4FP68,204,147,H,"[126, 148]"
Q2R1L4_ORYSJ,Q2R1L4,204,173,H,"[152, 174]"
Q9VH77_DROME,Q9VH77,205,111,K,"[88, 110, 112, 253, 255]"
MPI_SCHPO,O43014,205,124,K,"[101, 123, 125, 277, 279]"
MPI_EMENI,P29951,205,132,K,"[109, 131, 133, 303, 305]"
MPI_YEAST,P29952,205,134,K,"[111, 133, 135, 293, 295]"
MPI_CAEEL,P34650,205,124,K,"[101, 123, 125, 271, 273]"
MPI_DICDI,Q54PA0,205,166,K,"[143, 165, 167, 307, 309]"
G5AL67_HETGA,G5AL67,205,135,K,"[112, 134, 136, 288, 290]"
A0A8I3P413_CANLF,A0A8I3P413,205,135,K,
MPI_MOUSE,Q924M7,205,135,K,"[112, 134, 136, 288, 290]"
MPI_RAT,Q68FX1,205,135,K,"[112, 134, 136, 288, 290]"
A0A3P9PED3_POERE,A0A3P9PED3,205,135,K,"[112, 134, 136, 287, 289]"
Q3ZB95_DANRE,Q3ZB95,205,135,K,"[112, 134, 136, 287, 289]"
D8SVH8_SELML,D8SVH8,205,130,K,"[107, 129, 131, 280, 282]"
MPI2_ARATH,Q9FZH5,205,156,K,"[133, 155, 157, 308, 310]"
A0A072TVL2_MEDTR,A0A072TVL2,205,140,K,"[117, 139, 141, 291, 293]"
B4FP68_MAIZE,B4FP68,205,148,K,"[125, 147, 149, 300, 302]"
Q2R1L4_ORYSJ,Q2R1L4,205,174,K,"[151, 173, 175, 326, 328]"
Q9VH77_DROME,Q9VH77,206,112,P,"[111, 113, 252, 253]"
MPI_SCHPO,O43014,206,125,P,"[124, 126, 276, 277]"
MPI_EMENI,P29951,206,133,P,"[132, 134, 302, 303]"
MPI_YEAST,P29952,206,135,P,"[134, 136, 292, 293]"
MPI_CAEEL,P34650,206,125,P,"[124, 126, 270, 271]"
MPI_DICDI,Q54PA0,206,167,P,"[166, 168, 306, 307]"
G5AL67_HETGA,G5AL67,206,136,P,"[135, 137, 287, 288]"
A0A8I3P413_CANLF,A0A8I3P413,206,136,P,
MPI_MOUSE,Q924M7,206,136,P,"[135, 137, 287, 288]"
MPI_RAT,Q68FX1,206,136,P,"[135, 137, 287, 288]"
A0A3P9PED3_POERE,A0A3P9PED3,206,136,P,"[135, 137, 286, 287]"
Q3ZB95_DANRE,Q3ZB95,206,136,P,"[135, 137, 286, 287]"
D8SVH8_SELML,D8SVH8,206,131,P,"[130, 132, 279, 280]"
MPI2_ARATH,Q9FZH5,206,157,P,"[156, 158, 307, 308]"
A0A072TVL2_MEDTR,A0A072TVL2,206,141,P,"[140, 142, 290, 291]"
B4FP68_MAIZE,B4FP68,206,149,P,"[148, 150, 299, 300]"
Q2R1L4_ORYSJ,Q2R1L4,206,175,P,"[174, 176, 325, 326]"
Q9VH77_DROME,Q9VH77,207,113,E,"[112, 251, 252]"
MPI_SCHPO,O43014,207,126,E,"[125, 275, 276]"
MPI_EMENI,P29951,207,134,E,"[133, 301, 302]"
MPI_YEAST,P29952,207,136,E,"[135, 291, 292]"
MPI_CAEEL,P34650,207,126,E,"[125, 269, 270]"
MPI_DICDI,Q54PA0,207,168,E,"[167, 305, 306]"
G5AL67_HETGA,G5AL67,207,137,E,"[136, 286, 287]"
A0A8I3P413_CANLF,A0A8I3P413,207,137,E,
MPI_MOUSE,Q924M7,207,137,E,"[136, 286, 287]"
MPI_RAT,Q68FX1,207,137,E,"[136, 286, 287]"
A0A3P9PED3_POERE,A0A3P9PED3,207,137,E,"[136, 285, 286]"
Q3ZB95_DANRE,Q3ZB95,207,137,E,"[136, 285, 286]"
D8SVH8_SELML,D8SVH8,207,132,E,"[131, 278, 279]"
MPI2_ARATH,Q9FZH5,207,158,E,"[157, 306, 307]"
A0A072TVL2_MEDTR,A0A072TVL2,207,142,E,"[141, 289, 290]"
B4FP68_MAIZE,B4FP68,207,150,E,"[149, 298, 299]"
Q2R1L4_ORYSJ,Q2R1L4,207,176,E,"[175, 324, 325]"
Q9VH77_DROME,Q9VH77,211,117,A,"[119, 121, 230]"
MPI_SCHPO,O43014,211,130,A,"[132, 134, 254]"
MPI_EMENI,P29951,211,138,A,"[140, 142, 280]"
MPI_YEAST,P29952,211,140,A,"[142, 144, 270]"
MPI_CAEEL,P34650,211,130,A,"[132, 134, 248]"
MPI_DICDI,Q54PA0,211,172,A,"[174, 176, 284]"
G5AL67_HETGA,G5AL67,211,141,A,"[143, 145, 265]"
A0A8I3P413_CANLF,A0A8I3P413,211,141,A,
MPI_MOUSE,Q924M7,211,141,A,"[143, 145, 265]"
MPI_RAT,Q68FX1,211,141,A,"[143, 145, 265]"
A0A3P9PED3_POERE,A0A3P9PED3,211,141,A,"[143, 145, 264]"
Q3ZB95_DANRE,Q3ZB95,211,141,A,"[143, 145, 264]"
D8SVH8_SELML,D8SVH8,211,136,A,"[138, 140, 257]"
MPI2_ARATH,Q9FZH5,211,162,A,"[164, 166, 285]"
A0A072TVL2_MEDTR,A0A072TVL2,211,146,A,"[148, 150, 268]"
B4FP68_MAIZE,B4FP68,211,154,A,"[156, 158, 277]"
Q2R1L4_ORYSJ,Q2R1L4,211,180,A,"[182, 184, 303, 305]"
Q9VH77_DROME,Q9VH77,213,119,T,"[117, 121, 246]"
MPI_SCHPO,O43014,213,132,T,"[130, 134, 270]"
MPI_EMENI,P29951,213,140,T,"[138, 296]"
MPI_YEAST,P29952,213,142,T,"[140, 286]"
MPI_CAEEL,P34650,213,132,T,"[130, 134, 264]"
MPI_DICDI,Q54PA0,213,174,T,"[172, 176, 300]"
G5AL67_HETGA,G5AL67,213,143,T,"[141, 145]"
A0A8I3P413_CANLF,A0A8I3P413,213,143,T,
MPI_MOUSE,Q924M7,213,143,T,"[141, 145, 281]"
MPI_RAT,Q68FX1,213,143,T,"[141, 145, 281]"
A0A3P9PED3_POERE,A0A3P9PED3,213,143,T,"[141, 145, 280]"
Q3ZB95_DANRE,Q3ZB95,213,143,T,"[141, 145, 280]"
D8SVH8_SELML,D8SVH8,213,138,T,"[136, 140, 273]"
MPI2_ARATH,Q9FZH5,213,164,T,"[162, 166, 301]"
A0A072TVL2_MEDTR,A0A072TVL2,213,148,T,"[146, 150, 284]"
B4FP68_MAIZE,B4FP68,213,156,T,"[154, 158, 293]"
Q2R1L4_ORYSJ,Q2R1L4,213,182,T,"[180, 184, 319]"
Q9VH77_DROME,Q9VH77,215,121,F,"[117, 119, 227, 246]"
MPI_SCHPO,O43014,215,134,F,"[130, 132, 251, 270]"
MPI_EMENI,P29951,215,142,F,"[138, 277, 296]"
MPI_YEAST,P29952,215,144,F,"[140, 267, 286]"
MPI_CAEEL,P34650,215,134,F,"[130, 132, 245, 264]"
MPI_DICDI,Q54PA0,215,176,F,"[172, 174, 281, 300]"
G5AL67_HETGA,G5AL67,215,145,F,"[141, 143, 262, 281]"
A0A8I3P413_CANLF,A0A8I3P413,215,145,F,
MPI_MOUSE,Q924M7,215,145,F,"[141, 143, 262, 281]"
MPI_RAT,Q68FX1,215,145,F,"[141, 143, 262, 281]"
A0A3P9PED3_POERE,A0A3P9PED3,215,145,F,"[141, 143, 261, 280]"
Q3ZB95_DANRE,Q3ZB95,215,145,F,"[141, 143, 261, 280]"
D8SVH8_SELML,D8SVH8,215,140,F,"[136, 138, 254, 273]"
MPI2_ARATH,Q9FZH5,215,166,F,"[162, 164, 282, 301]"
A0A072TVL2_MEDTR,A0A072TVL2,215,150,F,"[146, 148, 265, 284]"
B4FP68_MAIZE,B4FP68,215,158,F,"[154, 156, 274, 293]"
Q2R1L4_ORYSJ,Q2R1L4,215,184,F,"[180, 182, 300, 319]"
Q9VH77_DROME,Q9VH77,221,127,F,[223]
MPI_SCHPO,O43014,221,140,F,
MPI_EMENI,P29951,221,148,F,
MPI_YEAST,P29952,221,150,F,[263]
MPI_CAEEL,P34650,221,140,F,
MPI_DICDI,Q54PA0,221,182,F,[277]
G5AL67_HETGA,G5AL67,221,151,F,
A0A8I3P413_CANLF,A0A8I3P413,221,151,F,
MPI_MOUSE,Q924M7,221,151,F,[258]
MPI_RAT,Q68FX1,221,151,F,[258]
A0A3P9PED3_POERE,A0A3P9PED3,221,151,F,[257]
Q3ZB95_DANRE,Q3ZB95,221,151,F,[257]
D8SVH8_SELML,D8SVH8,221,146,F,[250]
MPI2_ARATH,Q9FZH5,221,172,F,
A0A072TVL2_MEDTR,A0A072TVL2,221,156,F,[261]
B4FP68_MAIZE,B4FP68,221,164,F,[270]
Q2R1L4_ORYSJ,Q2R1L4,221,190,F,[296]
Q9VH77_DROME,Q9VH77,336,213,D,[215]
MPI_SCHPO,O43014,336,237,D,[239]
MPI_EMENI,P29951,336,263,D,[265]
MPI_YEAST,P29952,336,252,D,[254]
MPI_CAEEL,P34650,336,231,D,[233]
MPI_DICDI,Q54PA0,336,267,D,[269]
G5AL67_HETGA,G5AL67,336,248,D,[250]
A0A8I3P413_CANLF,A0A8I3P413,336,248,D,
MPI_MOUSE,Q924M7,336,248,D,[250]
MPI_RAT,Q68FX1,336,248,D,[250]
A0A3P9PED3_POERE,A0A3P9PED3,336,247,D,[249]
Q3ZB95_DANRE,Q3ZB95,336,247,D,[249]
D8SVH8_SELML,D8SVH8,336,240,D,[242]
MPI2_ARATH,Q9FZH5,336,268,D,[270]
A0A072TVL2_MEDTR,A0A072TVL2,336,251,D,[253]
B4FP68_MAIZE,B4FP68,336,260,D,[262]
Q2R1L4_ORYSJ,Q2R1L4,336,286,D,[288]
Q9VH77_DROME,Q9VH77,338,215,G,"[213, 262]"
MPI_SCHPO,O43014,338,239,G,"[237, 286]"
MPI_EMENI,P29951,338,265,G,"[263, 312]"
MPI_YEAST,P29952,338,254,G,"[252, 302]"
MPI_CAEEL,P34650,338,233,G,"[231, 280]"
MPI_DICDI,Q54PA0,338,269,G,"[267, 316]"
G5AL67_HETGA,G5AL67,338,250,G,"[248, 297]"
A0A8I3P413_CANLF,A0A8I3P413,338,250,G,
MPI_MOUSE,Q924M7,338,250,G,"[248, 297]"
MPI_RAT,Q68FX1,338,250,G,"[248, 297]"
A0A3P9PED3_POERE,A0A3P9PED3,338,249,G,"[247, 296]"
Q3ZB95_DANRE,Q3ZB95,338,249,G,"[247, 296]"
D8SVH8_SELML,D8SVH8,338,242,G,"[240, 289]"
MPI2_ARATH,Q9FZH5,338,270,G,"[268, 317]"
A0A072TVL2_MEDTR,A0A072TVL2,338,253,G,"[251, 300]"
B4FP68_MAIZE,B4FP68,338,262,G,"[260, 309]"
Q2R1L4_ORYSJ,Q2R1L4,338,288,G,"[286, 335]"
Q9VH77_DROME,Q9VH77,347,223,N,[127]
MPI_SCHPO,O43014,347,247,N,
MPI_EMENI,P29951,347,273,N,
MPI_YEAST,P29952,347,263,N,[150]
MPI_CAEEL,P34650,347,241,N,
MPI_DICDI,Q54PA0,347,277,N,[182]
G5AL67_HETGA,G5AL67,347,258,N,
A0A8I3P413_CANLF,A0A8I3P413,347,258,N,
MPI_MOUSE,Q924M7,347,258,N,[151]
MPI_RAT,Q68FX1,347,258,N,[151]
A0A3P9PED3_POERE,A0A3P9PED3,347,257,N,[151]
Q3ZB95_DANRE,Q3ZB95,347,257,N,[151]
D8SVH8_SELML,D8SVH8,347,250,N,[146]
MPI2_ARATH,Q9FZH5,347,278,N,
A0A072TVL2_MEDTR,A0A072TVL2,347,261,N,[156]
B4FP68_MAIZE,B4FP68,347,270,N,[164]
Q2R1L4_ORYSJ,Q2R1L4,347,296,N,[190]
Q9VH77_DROME,Q9VH77,351,227,L,[121]
MPI_SCHPO,O43014,351,251,L,[134]
MPI_EMENI,P29951,351,277,L,[142]
MPI_YEAST,P29952,351,267,L,[144]
MPI_CAEEL,P34650,351,245,L,[134]
MPI_DICDI,Q54PA0,351,281,L,[176]
G5AL67_HETGA,G5AL67,351,262,L,[145]
A0A8I3P413_CANLF,A0A8I3P413,351,262,L,
MPI_MOUSE,Q924M7,351,262,L,[145]
MPI_RAT,Q68FX1,351,262,L,[145]
A0A3P9PED3_POERE,A0A3P9PED3,351,261,L,[145]
Q3ZB95_DANRE,Q3ZB95,351,261,L,[145]
D8SVH8_SELML,D8SVH8,351,254,L,[140]
MPI2_ARATH,Q9FZH5,351,282,L,[166]
A0A072TVL2_MEDTR,A0A072TVL2,351,265,L,[150]
B4FP68_MAIZE,B4FP68,351,274,L,[158]
Q2R1L4_ORYSJ,Q2R1L4,351,300,L,[184]
Q9VH77_DROME,Q9VH77,354,230,G,[117]
MPI_SCHPO,O43014,354,254,G,[130]
MPI_EMENI,P29951,354,280,G,[138]
MPI_YEAST,P29952,354,270,G,[140]
MPI_CAEEL,P34650,354,248,G,[130]
MPI_DICDI,Q54PA0,354,284,G,[172]
G5AL67_HETGA,G5AL67,354,265,G,[141]
A0A8I3P413_CANLF,A0A8I3P413,354,265,G,
MPI_MOUSE,Q924M7,354,265,G,[141]
MPI_RAT,Q68FX1,354,265,G,[141]
A0A3P9PED3_POERE,A0A3P9PED3,354,264,G,[141]
Q3ZB95_DANRE,Q3ZB95,354,264,G,[141]
D8SVH8_SELML,D8SVH8,354,257,G,[136]
MPI2_ARATH,Q9FZH5,354,285,G,[162]
A0A072TVL2_MEDTR,A0A072TVL2,354,268,G,[146]
B4FP68_MAIZE,B4FP68,354,277,G,[154]
Q2R1L4_ORYSJ,Q2R1L4,354,303,G,[180]
Q9VH77_DROME,Q9VH77,356,232,A,
MPI_SCHPO,O43014,356,256,A,
MPI_EMENI,P29951,356,282,A,
MPI_YEAST,P29952,356,272,A,
MPI_CAEEL,P34650,356,250,A,
MPI_DICDI,Q54PA0,356,286,A,
G5AL67_HETGA,G5AL67,356,267,A,
A0A8I3P413_CANLF,A0A8I3P413,356,267,A,
MPI_MOUSE,Q924M7,356,267,A,
MPI_RAT,Q68FX1,356,267,A,
A0A3P9PED3_POERE,A0A3P9PED3,356,266,A,
Q3ZB95_DANRE,Q3ZB95,356,266,A,
D8SVH8_SELML,D8SVH8,356,259,A,
MPI2_ARATH,Q9FZH5,356,287,A,
A0A072TVL2_MEDTR,A0A072TVL2,356,270,A,
B4FP68_MAIZE,B4FP68,356,279,A,
Q2R1L4_ORYSJ,Q2R1L4,356,305,A,[180]
Q9VH77_DROME,Q9VH77,365,241,H,"[85, 86, 242]"
MPI_SCHPO,O43014,365,265,H,"[98, 99, 266]"
MPI_EMENI,P29951,365,291,H,"[106, 107, 292]"
MPI_YEAST,P29952,365,281,H,"[108, 109, 282]"
MPI_CAEEL,P34650,365,259,H,"[98, 99, 260]"
MPI_DICDI,Q54PA0,365,295,H,"[140, 141, 296]"
G5AL67_HETGA,G5AL67,365,276,H,"[109, 110, 277]"
A0A8I3P413_CANLF,A0A8I3P413,365,276,H,
MPI_MOUSE,Q924M7,365,276,H,"[109, 110, 277]"
MPI_RAT,Q68FX1,365,276,H,"[109, 110, 277]"
A0A3P9PED3_POERE,A0A3P9PED3,365,275,H,"[109, 110, 276]"
Q3ZB95_DANRE,Q3ZB95,365,275,H,"[109, 110, 276]"
D8SVH8_SELML,D8SVH8,365,268,H,"[104, 105, 269]"
MPI2_ARATH,Q9FZH5,365,296,H,"[130, 131, 297]"
A0A072TVL2_MEDTR,A0A072TVL2,365,279,H,"[114, 115, 280]"
B4FP68_MAIZE,B4FP68,365,288,H,"[122, 123, 289]"
Q2R1L4_ORYSJ,Q2R1L4,365,314,H,"[148, 149, 315]"
Q9VH77_DROME,Q9VH77,366,242,A,"[83, 84, 85, 241, 243]"
MPI_SCHPO,O43014,366,266,A,"[96, 97, 98, 265, 267]"
MPI_EMENI,P29951,366,292,A,"[104, 106, 291, 293]"
MPI_YEAST,P29952,366,282,A,"[106, 107, 108, 281, 283]"
MPI_CAEEL,P34650,366,260,A,"[96, 97, 98, 259, 261]"
MPI_DICDI,Q54PA0,366,296,A,"[138, 139, 140, 295, 297]"
G5AL67_HETGA,G5AL67,366,277,A,"[107, 108, 109, 276, 278]"
A0A8I3P413_CANLF,A0A8I3P413,366,277,A,
MPI_MOUSE,Q924M7,366,277,A,"[107, 108, 109, 276, 278]"
MPI_RAT,Q68FX1,366,277,A,"[107, 108, 109, 276, 278]"
A0A3P9PED3_POERE,A0A3P9PED3,366,276,A,"[107, 108, 109, 275, 277]"
Q3ZB95_DANRE,Q3ZB95,366,276,A,"[107, 108, 109, 275, 277]"
D8SVH8_SELML,D8SVH8,366,269,A,"[102, 103, 104, 268, 270]"
MPI2_ARATH,Q9FZH5,366,297,A,"[128, 129, 130, 296, 298]"
A0A072TVL2_MEDTR,A0A072TVL2,366,280,A,"[112, 113, 114, 279, 281]"
B4FP68_MAIZE,B4FP68,366,289,A,"[120, 121, 122, 288, 290]"
Q2R1L4_ORYSJ,Q2R1L4,366,315,A,"[146, 147, 148, 314, 316]"
Q9VH77_DROME,Q9VH77,367,243,Y,"[83, 242]"
MPI_SCHPO,O43014,367,267,Y,"[96, 266]"
MPI_EMENI,P29951,367,293,Y,"[104, 292]"
MPI_YEAST,P29952,367,283,Y,"[106, 282]"
MPI_CAEEL,P34650,367,261,Y,"[96, 260]"
MPI_DICDI,Q54PA0,367,297,Y,"[138, 296]"
G5AL67_HETGA,G5AL67,367,278,Y,"[107, 277]"
A0A8I3P413_CANLF,A0A8I3P413,367,278,Y,
MPI_MOUSE,Q924M7,367,278,Y,"[107, 277]"
MPI_RAT,Q68FX1,367,278,Y,"[107, 277]"
A0A3P9PED3_POERE,A0A3P9PED3,367,277,Y,"[107, 276]"
Q3ZB95_DANRE,Q3ZB95,367,277,Y,"[107, 276]"
D8SVH8_SELML,D8SVH8,367,270,Y,"[102, 269]"
MPI2_ARATH,Q9FZH5,367,298,Y,"[128, 297]"
A0A072TVL2_MEDTR,A0A072TVL2,367,281,Y,"[112, 280]"
B4FP68_MAIZE,B4FP68,367,290,Y,"[120, 289]"
Q2R1L4_ORYSJ,Q2R1L4,367,316,Y,"[146, 315]"
Q9VH77_DROME,Q9VH77,370,246,G,"[119, 121]"
MPI_SCHPO,O43014,370,270,G,"[132, 134]"
MPI_EMENI,P29951,370,296,G,"[140, 142]"
MPI_YEAST,P29952,370,286,G,"[142, 144]"
MPI_CAEEL,P34650,370,264,G,"[132, 134]"
MPI_DICDI,Q54PA0,370,300,G,"[174, 176]"
G5AL67_HETGA,G5AL67,370,281,G,[145]
A0A8I3P413_CANLF,A0A8I3P413,370,281,G,
MPI_MOUSE,Q924M7,370,281,G,"[102, 143, 145]"
MPI_RAT,Q68FX1,370,281,G,"[102, 143, 145]"
A0A3P9PED3_POERE,A0A3P9PED3,370,280,G,"[143, 145]"
Q3ZB95_DANRE,Q3ZB95,370,280,G,"[143, 145]"
D8SVH8_SELML,D8SVH8,370,273,G,"[138, 140]"
MPI2_ARATH,Q9FZH5,370,301,G,"[164, 166]"
A0A072TVL2_MEDTR,A0A072TVL2,370,284,G,"[148, 150]"
B4FP68_MAIZE,B4FP68,370,293,G,"[156, 158]"
Q2R1L4_ORYSJ,Q2R1L4,370,319,G,"[182, 184]"
Q9VH77_DROME,Q9VH77,374,250,E,"[74, 75, 76, 251]"
MPI_SCHPO,O43014,374,274,E,"[88, 275]"
MPI_EMENI,P29951,374,300,E,"[96, 301]"
MPI_YEAST,P29952,374,290,E,"[97, 98, 291]"
MPI_CAEEL,P34650,374,268,E,"[87, 88, 269]"
MPI_DICDI,Q54PA0,374,304,E,"[129, 130, 131, 305]"
G5AL67_HETGA,G5AL67,374,285,E,"[99, 100, 286]"
A0A8I3P413_CANLF,A0A8I3P413,374,285,E,
MPI_MOUSE,Q924M7,374,285,E,"[98, 99, 100, 286]"
MPI_RAT,Q68FX1,374,285,E,"[99, 100, 286]"
A0A3P9PED3_POERE,A0A3P9PED3,374,284,E,"[99, 100, 285]"
Q3ZB95_DANRE,Q3ZB95,374,284,E,"[98, 99, 100, 285]"
D8SVH8_SELML,D8SVH8,374,277,E,"[93, 94, 95, 278]"
MPI2_ARATH,Q9FZH5,374,305,E,"[119, 120, 121, 306]"
A0A072TVL2_MEDTR,A0A072TVL2,374,288,E,"[104, 105, 289]"
B4FP68_MAIZE,B4FP68,374,297,E,"[112, 113, 298]"
Q2R1L4_ORYSJ,Q2R1L4,374,323,E,"[138, 139, 324]"
Q9VH77_DROME,Q9VH77,375,251,C,"[73, 74, 113, 250, 252]"
MPI_SCHPO,O43014,375,275,C,"[86, 87, 126, 274, 276]"
MPI_EMENI,P29951,375,301,C,"[94, 95, 134, 300, 302]"
MPI_YEAST,P29952,375,291,C,"[96, 97, 136, 290, 292]"
MPI_CAEEL,P34650,375,269,C,"[86, 87, 126, 268, 270]"
MPI_DICDI,Q54PA0,375,305,C,"[128, 129, 168, 304, 306]"
G5AL67_HETGA,G5AL67,375,286,C,"[97, 98, 137, 285, 287]"
A0A8I3P413_CANLF,A0A8I3P413,375,286,C,
MPI_MOUSE,Q924M7,375,286,C,"[97, 98, 137, 285, 287]"
MPI_RAT,Q68FX1,375,286,C,"[97, 98, 137, 285, 287]"
A0A3P9PED3_POERE,A0A3P9PED3,375,285,C,"[97, 98, 137, 284, 286]"
Q3ZB95_DANRE,Q3ZB95,375,285,C,"[97, 98, 137, 284, 286]"
D8SVH8_SELML,D8SVH8,375,278,C,"[92, 93, 132, 277, 279]"
MPI2_ARATH,Q9FZH5,375,306,C,"[118, 119, 158, 305, 307]"
A0A072TVL2_MEDTR,A0A072TVL2,375,289,C,"[102, 103, 142, 288, 290]"
B4FP68_MAIZE,B4FP68,375,298,C,"[110, 111, 150, 297, 299]"
Q2R1L4_ORYSJ,Q2R1L4,375,324,C,"[136, 137, 176, 323, 325]"
Q9VH77_DROME,Q9VH77,376,252,M,"[73, 112, 113, 251, 253]"
MPI_SCHPO,O43014,376,276,M,"[86, 125, 126, 275, 277]"
MPI_EMENI,P29951,376,302,M,"[94, 133, 134, 301, 303]"
MPI_YEAST,P29952,376,292,M,"[96, 135, 136, 291, 293]"
MPI_CAEEL,P34650,376,270,M,"[86, 125, 126, 269, 271]"
MPI_DICDI,Q54PA0,376,306,M,"[128, 167, 168, 305, 307]"
G5AL67_HETGA,G5AL67,376,287,M,"[97, 136, 137, 286, 288]"
A0A8I3P413_CANLF,A0A8I3P413,376,287,M,
MPI_MOUSE,Q924M7,376,287,M,"[97, 136, 137, 286, 288]"
MPI_RAT,Q68FX1,376,287,M,"[97, 136, 137, 286, 288]"
A0A3P9PED3_POERE,A0A3P9PED3,376,286,M,"[97, 136, 137, 285, 287]"
Q3ZB95_DANRE,Q3ZB95,376,286,M,"[97, 136, 137, 285, 287]"
D8SVH8_SELML,D8SVH8,376,279,M,"[92, 131, 132, 278, 280]"
MPI2_ARATH,Q9FZH5,376,307,M,"[118, 157, 158, 306, 308]"
A0A072TVL2_MEDTR,A0A072TVL2,376,290,M,"[102, 141, 142, 289, 291]"
B4FP68_MAIZE,B4FP68,376,299,M,"[110, 149, 150, 298, 300]"
Q2R1L4_ORYSJ,Q2R1L4,376,325,M,"[136, 175, 176, 324, 326]"
Q9VH77_DROME,Q9VH77,377,253,A,"[111, 112, 252]"
MPI_SCHPO,O43014,377,277,A,"[124, 125, 276, 279]"
MPI_EMENI,P29951,377,303,A,"[132, 133, 302]"
MPI_YEAST,P29952,377,293,A,"[134, 135, 292, 295]"
MPI_CAEEL,P34650,377,271,A,"[124, 125, 270, 273]"
MPI_DICDI,Q54PA0,377,307,A,"[166, 167, 306, 309]"
G5AL67_HETGA,G5AL67,377,288,A,"[135, 136, 287]"
A0A8I3P413_CANLF,A0A8I3P413,377,288,A,
MPI_MOUSE,Q924M7,377,288,A,"[135, 136, 287, 290]"
MPI_RAT,Q68FX1,377,288,A,"[135, 136, 287, 290]"
A0A3P9PED3_POERE,A0A3P9PED3,377,287,A,"[135, 136, 286]"
Q3ZB95_DANRE,Q3ZB95,377,287,A,"[135, 136, 286, 289]"
D8SVH8_SELML,D8SVH8,377,280,A,"[130, 131, 279]"
MPI2_ARATH,Q9FZH5,377,308,A,"[156, 157, 307, 310]"
A0A072TVL2_MEDTR,A0A072TVL2,377,291,A,"[140, 141, 290]"
B4FP68_MAIZE,B4FP68,377,300,A,"[148, 149, 299]"
Q2R1L4_ORYSJ,Q2R1L4,377,326,A,"[174, 175, 325]"
Q9VH77_DROME,Q9VH77,379,255,S,"[111, 256, 257]"
MPI_SCHPO,O43014,379,279,S,"[124, 277, 280, 281]"
MPI_EMENI,P29951,379,305,S,"[132, 306, 307]"
MPI_YEAST,P29952,379,295,S,"[134, 293, 296, 297]"
MPI_CAEEL,P34650,379,273,S,"[124, 271, 274, 275]"
MPI_DICDI,Q54PA0,379,309,S,"[166, 307, 310, 311]"
G5AL67_HETGA,G5AL67,379,290,S,"[135, 291, 292]"
A0A8I3P413_CANLF,A0A8I3P413,379,290,S,
MPI_MOUSE,Q924M7,379,290,S,"[135, 288, 291, 292]"
MPI_RAT,Q68FX1,379,290,S,"[135, 288, 291, 292]"
A0A3P9PED3_POERE,A0A3P9PED3,379,289,S,"[135, 290, 291]"
Q3ZB95_DANRE,Q3ZB95,379,289,S,"[135, 287, 290, 291]"
D8SVH8_SELML,D8SVH8,379,282,S,"[130, 283, 284]"
MPI2_ARATH,Q9FZH5,379,310,S,"[156, 308, 311, 312]"
A0A072TVL2_MEDTR,A0A072TVL2,379,293,S,"[140, 294, 295]"
B4FP68_MAIZE,B4FP68,379,302,S,"[148, 303, 304]"
Q2R1L4_ORYSJ,Q2R1L4,379,328,S,"[174, 329, 330]"
Q9VH77_DROME,Q9VH77,380,256,D,"[255, 257]"
MPI_SCHPO,O43014,380,280,D,"[279, 281]"
MPI_EMENI,P29951,380,306,D,"[305, 307]"
MPI_YEAST,P29952,380,296,D,"[295, 297]"
MPI_CAEEL,P34650,380,274,D,"[273, 275]"
MPI_DICDI,Q54PA0,380,310,D,"[309, 311]"
G5AL67_HETGA,G5AL67,380,291,D,"[290, 292]"
A0A8I3P413_CANLF,A0A8I3P413,380,291,D,
MPI_MOUSE,Q924M7,380,291,D,"[290, 292]"
MPI_RAT,Q68FX1,380,291,D,"[290, 292]"
A0A3P9PED3_POERE,A0A3P9PED3,380,290,D,"[289, 291]"
Q3ZB95_DANRE,Q3ZB95,380,290,D,"[289, 291]"
D8SVH8_SELML,D8SVH8,380,283,D,"[282, 284]"
MPI2_ARATH,Q9FZH5,380,311,D,"[310, 312]"
A0A072TVL2_MEDTR,A0A072TVL2,380,294,D,"[293, 295]"
B4FP68_MAIZE,B4FP68,380,303,D,"[302, 304]"
Q2R1L4_ORYSJ,Q2R1L4,380,329,D,"[328, 330]"
Q9VH77_DROME,Q9VH77,381,257,N,"[105, 255, 256]"
MPI_SCHPO,O43014,381,281,N,"[118, 279, 280]"
MPI_EMENI,P29951,381,307,N,"[126, 305, 306]"
MPI_YEAST,P29952,381,297,N,"[128, 295, 296]"
MPI_CAEEL,P34650,381,275,N,"[118, 273, 274]"
MPI_DICDI,Q54PA0,381,311,N,"[160, 309, 310]"
G5AL67_HETGA,G5AL67,381,292,N,"[129, 290, 291]"
A0A8I3P413_CANLF,A0A8I3P413,381,292,N,
MPI_MOUSE,Q924M7,381,292,N,"[129, 290, 291]"
MPI_RAT,Q68FX1,381,292,N,"[129, 290, 291]"
A0A3P9PED3_POERE,A0A3P9PED3,381,291,N,"[129, 289, 290]"
Q3ZB95_DANRE,Q3ZB95,381,291,N,"[129, 289, 290]"
D8SVH8_SELML,D8SVH8,381,284,N,"[124, 282, 283]"
MPI2_ARATH,Q9FZH5,381,312,N,"[150, 310, 311]"
A0A072TVL2_MEDTR,A0A072TVL2,381,295,N,"[134, 293, 294]"
B4FP68_MAIZE,B4FP68,381,304,N,"[142, 302, 303]"
Q2R1L4_ORYSJ,Q2R1L4,381,330,N,"[168, 328, 329]"
Q9VH77_DROME,Q9VH77,384,260,R,"[85, 86]"
MPI_SCHPO,O43014,384,284,R,"[98, 99]"
MPI_EMENI,P29951,384,310,R,"[106, 107]"
MPI_YEAST,P29952,384,300,R,"[108, 109]"
MPI_CAEEL,P34650,384,278,R,"[98, 99, 280]"
MPI_DICDI,Q54PA0,384,314,R,"[140, 141]"
G5AL67_HETGA,G5AL67,384,295,R,"[109, 110, 297]"
A0A8I3P413_CANLF,A0A8I3P413,384,295,R,
MPI_MOUSE,Q924M7,384,295,R,"[109, 110, 304]"
MPI_RAT,Q68FX1,384,295,R,"[109, 110, 304]"
A0A3P9PED3_POERE,A0A3P9PED3,384,294,R,"[109, 110]"
Q3ZB95_DANRE,Q3ZB95,384,294,R,"[109, 110, 303]"
D8SVH8_SELML,D8SVH8,384,287,R,"[104, 105]"
MPI2_ARATH,Q9FZH5,384,315,R,"[130, 131, 317]"
A0A072TVL2_MEDTR,A0A072TVL2,384,298,R,"[114, 115]"
B4FP68_MAIZE,B4FP68,384,307,R,"[122, 123, 309]"
Q2R1L4_ORYSJ,Q2R1L4,384,333,R,"[148, 149]"
Q9VH77_DROME,Q9VH77,386,262,G,"[84, 85, 215, 264]"
MPI_SCHPO,O43014,386,286,G,"[97, 98, 239, 288]"
MPI_EMENI,P29951,386,312,G,"[105, 106, 265, 314]"
MPI_YEAST,P29952,386,302,G,"[107, 108, 254, 304]"
MPI_CAEEL,P34650,386,280,G,"[97, 98, 233, 278, 282]"
MPI_DICDI,Q54PA0,386,316,G,"[139, 140, 269, 318]"
G5AL67_HETGA,G5AL67,386,297,G,"[108, 109, 250, 295, 299]"
A0A8I3P413_CANLF,A0A8I3P413,386,297,G,
MPI_MOUSE,Q924M7,386,297,G,"[108, 109, 250, 299]"
MPI_RAT,Q68FX1,386,297,G,"[108, 109, 250, 299]"
A0A3P9PED3_POERE,A0A3P9PED3,386,296,G,"[108, 109, 249, 298]"
Q3ZB95_DANRE,Q3ZB95,386,296,G,"[108, 109, 249, 298]"
D8SVH8_SELML,D8SVH8,386,289,G,"[103, 104, 242, 291]"
MPI2_ARATH,Q9FZH5,386,317,G,"[129, 130, 270, 315, 319]"
A0A072TVL2_MEDTR,A0A072TVL2,386,300,G,"[113, 114, 253, 302]"
B4FP68_MAIZE,B4FP68,386,309,G,"[121, 122, 262, 307, 311]"
Q2R1L4_ORYSJ,Q2R1L4,386,335,G,"[147, 148, 288, 337]"
Q9VH77_DROME,Q9VH77,388,264,T,"[84, 262, 266]"
MPI_SCHPO,O43014,388,288,T,"[97, 286, 290]"
MPI_EMENI,P29951,388,314,T,"[105, 312, 316]"
MPI_YEAST,P29952,388,304,T,"[107, 302, 306]"
MPI_CAEEL,P34650,388,282,T,"[97, 280, 284]"
MPI_DICDI,Q54PA0,388,318,T,"[139, 316, 320]"
G5AL67_HETGA,G5AL67,388,299,T,"[108, 297, 301]"
A0A8I3P413_CANLF,A0A8I3P413,388,299,T,
MPI_MOUSE,Q924M7,388,299,T,"[108, 297, 301]"
MPI_RAT,Q68FX1,388,299,T,"[108, 297, 301]"
A0A3P9PED3_POERE,A0A3P9PED3,388,298,T,"[108, 296, 300]"
Q3ZB95_DANRE,Q3ZB95,388,298,T,"[108, 296, 300]"
D8SVH8_SELML,D8SVH8,388,291,T,"[103, 289, 293]"
MPI2_ARATH,Q9FZH5,388,319,T,"[129, 317, 321]"
A0A072TVL2_MEDTR,A0A072TVL2,388,302,T,"[113, 300, 304]"
B4FP68_MAIZE,B4FP68,388,311,T,"[121, 309, 313]"
Q2R1L4_ORYSJ,Q2R1L4,388,337,T,"[147, 335, 339]"
Q9VH77_DROME,Q9VH77,390,266,K,[264]
MPI_SCHPO,O43014,390,290,K,[288]
MPI_EMENI,P29951,390,316,K,[314]
MPI_YEAST,P29952,390,306,K,[304]
MPI_CAEEL,P34650,390,284,K,[282]
MPI_DICDI,Q54PA0,390,320,K,[318]
G5AL67_HETGA,G5AL67,390,301,K,[299]
A0A8I3P413_CANLF,A0A8I3P413,390,301,K,
MPI_MOUSE,Q924M7,390,301,K,[299]
MPI_RAT,Q68FX1,390,301,K,[299]
A0A3P9PED3_POERE,A0A3P9PED3,390,300,K,[298]
Q3ZB95_DANRE,Q3ZB95,390,300,K,[298]
D8SVH8_SELML,D8SVH8,390,293,K,[291]
MPI2_ARATH,Q9FZH5,390,321,K,[319]
A0A072TVL2_MEDTR,A0A072TVL2,390,304,K,[302]
B4FP68_MAIZE,B4FP68,390,313,K,[311]
Q2R1L4_ORYSJ,Q2R1L4,390,339,K,[337]
Q9VH77_DROME,Q9VH77,393,269,D,
MPI_SCHPO,O43014,393,293,D,
MPI_EMENI,P29951,393,319,D,
MPI_YEAST,P29952,393,309,D,
MPI_CAEEL,P34650,393,287,D,
MPI_DICDI,Q54PA0,393,323,D,
G5AL67_HETGA,G5AL67,393,304,D,
A0A8I3P413_CANLF,A0A8I3P413,393,304,D,
MPI_MOUSE,Q924M7,393,304,D,[295]
MPI_RAT,Q68FX1,393,304,D,[295]
A0A3P9PED3_POERE,A0A3P9PED3,393,303,D,
Q3ZB95_DANRE,Q3ZB95,393,303,D,[294]
D8SVH8_SELML,D8SVH8,393,296,D,
MPI2_ARATH,Q9FZH5,393,324,D,
A0A072TVL2_MEDTR,A0A072TVL2,393,307,D,[311]
B4FP68_MAIZE,B4FP68,393,316,D,
Q2R1L4_ORYSJ,Q2R1L4,393,342,D,
Q9VH77_DROME,Q9VH77,397,273,L,
MPI_SCHPO,O43014,397,297,L,
MPI_EMENI,P29951,397,323,L,
MPI_YEAST,P29952,397,313,L,
MPI_CAEEL,P34650,397,291,L,
MPI_DICDI,Q54PA0,397,327,L,
G5AL67_HETGA,G5AL67,397,308,L,
A0A8I3P413_CANLF,A0A8I3P413,397,308,L,
MPI_MOUSE,Q924M7,397,308,L,
MPI_RAT,Q68FX1,397,308,L,
A0A3P9PED3_POERE,A0A3P9PED3,397,307,L,
Q3ZB95_DANRE,Q3ZB95,397,307,L,
D8SVH8_SELML,D8SVH8,397,300,L,
MPI2_ARATH,Q9FZH5,397,328,L,
A0A072TVL2_MEDTR,A0A072TVL2,397,311,L,[307]
B4FP68_MAIZE,B4FP68,397,320,L,
Q2R1L4_ORYSJ,Q2R1L4,397,346,L,
Q9VH77_DROME,Q9VH77,444,308,F,
MPI_SCHPO,O43014,444,337,F,
MPI_EMENI,P29951,444,370,F,
MPI_YEAST,P29952,444,353,F,
MPI_CAEEL,P34650,444,325,F,
MPI_DICDI,Q54PA0,444,364,F,
G5AL67_HETGA,G5AL67,444,345,F,
A0A8I3P413_CANLF,A0A8I3P413,444,343,F,
MPI_MOUSE,Q924M7,444,345,F,
MPI_RAT,Q68FX1,444,345,F,
A0A3P9PED3_POERE,A0A3P9PED3,444,344,F,
Q3ZB95_DANRE,Q3ZB95,444,344,F,
D8SVH8_SELML,D8SVH8,444,333,F,
MPI2_ARATH,Q9FZH5,444,361,F,
A0A072TVL2_MEDTR,A0A072TVL2,444,344,F,
B4FP68_MAIZE,B4FP68,444,353,F,
Q2R1L4_ORYSJ,Q2R1L4,444,379,F,
Q9VH77_DROME,Q9VH77,474,338,G,
MPI_SCHPO,O43014,474,366,G,
MPI_EMENI,P29951,474,400,G,
MPI_YEAST,P29952,474,383,G,
MPI_CAEEL,P34650,474,354,G,
MPI_DICDI,Q54PA0,474,394,G,
G5AL67_HETGA,G5AL67,474,375,G,
A0A8I3P413_CANLF,A0A8I3P413,474,373,G,
MPI_MOUSE,Q924M7,474,375,G,
MPI_RAT,Q68FX1,474,375,G,
A0A3P9PED3_POERE,A0A3P9PED3,474,374,G,
Q3ZB95_DANRE,Q3ZB95,474,374,G,
D8SVH8_SELML,D8SVH8,474,362,G,
MPI2_ARATH,Q9FZH5,474,390,G,
A0A072TVL2_MEDTR,A0A072TVL2,474,373,G,
B4FP68_MAIZE,B4FP68,474,383,G,
Q2R1L4_ORYSJ,Q2R1L4,474,408,G,
Q9VH77_DROME,Q9VH77,497,358,G,
MPI_SCHPO,O43014,497,383,G,
MPI_EMENI,P29951,497,416,G,
MPI_YEAST,P29952,497,399,G,
MPI_CAEEL,P34650,497,370,G,
MPI_DICDI,Q54PA0,497,413,G,
G5AL67_HETGA,G5AL67,497,393,G,
A0A8I3P413_CANLF,A0A8I3P413,497,391,G,
MPI_MOUSE,Q924M7,497,393,G,
MPI_RAT,Q68FX1,497,393,G,
A0A3P9PED3_POERE,A0A3P9PED3,497,392,G,
Q3ZB95_DANRE,Q3ZB95,497,392,G,
D8SVH8_SELML,D8SVH8,497,385,G,
MPI2_ARATH,Q9FZH5,497,406,G,
A0A072TVL2_MEDTR,A0A072TVL2,497,390,G,
B4FP68_MAIZE,B4FP68,497,401,G,
Q2R1L4_ORYSJ,Q2R1L4,497,426,G,
