,entry_id,uniprot_id,MSA_pos,seq_pos,residue,clusters,separated_clusters
0,Q9VH77_DROME,Q9VH77,60,10,Y,"[12, 13, 41]",[41]
1,MPI_SCHPO,O43014,60,11,Y,"[13, 14, 41]",[41]
2,MPI_EMENI,P29951,60,15,Y,"[17, 18, 47]",[47]
3,MPI_YEAST,P29952,60,15,Y,"[17, 18, 46]",[46]
4,MPI_CAEEL,P34650,60,12,Y,"[14, 15, 43]",[43]
5,MPI_DICDI,Q54PA0,60,31,Y,"[33, 34, 64]",[64]
6,G5AL67_HETGA,G5AL67,60,16,Y,"[18, 19, 47]",[47]
7,MPI_MOUSE,Q924M7,60,16,Y,"[18, 19, 47]",[47]
8,MPI_RAT,Q68FX1,60,16,Y,"[18, 19, 47]",[47]
9,A0A3P9PED3_POERE,A0A3P9PED3,60,16,Y,"[18, 19, 47]",[47]
10,Q3ZB95_DANRE,Q3ZB95,60,16,Y,"[18, 19, 47]",[47]
11,D8SVH8_SELML,D8SVH8,60,11,Y,"[13, 14, 41]",[41]
12,MPI2_ARATH,Q9FZH5,60,32,Y,"[34, 35, 62]",[62]
13,A0A072TVL2_MEDTR,A0A072TVL2,60,20,Y,"[22, 23, 50]",[50]
14,B4FP68_MAIZE,B4FP68,60,36,Y,"[38, 39, 63]",[63]
15,Q2R1L4_ORYSJ,Q2R1L4,60,60,Y,"[62, 63, 87]",[87]
16,Q9VH77_DROME,Q9VH77,63,13,G,"[10, 12, 40, 41, 78]","[40, 41, 78]"
17,MPI_SCHPO,O43014,63,14,G,"[11, 13, 40, 41, 91]","[40, 41, 91]"
18,MPI_EMENI,P29951,63,18,G,"[15, 17, 46, 47, 99]","[46, 47, 99]"
19,MPI_YEAST,P29952,63,18,G,"[15, 17, 45, 46, 101]","[45, 46, 101]"
20,MPI_CAEEL,P34650,63,15,G,"[12, 14, 42, 43, 91]","[42, 43, 91]"
21,MPI_DICDI,Q54PA0,63,34,G,"[31, 33, 63, 64, 133]","[63, 64, 133]"
22,G5AL67_HETGA,G5AL67,63,19,G,"[16, 18, 46, 47, 102]","[46, 47, 102]"
23,MPI_MOUSE,Q924M7,63,19,G,"[16, 18, 46, 47, 102]","[46, 47, 102]"
24,MPI_RAT,Q68FX1,63,19,G,"[16, 18, 46, 47, 102]","[46, 47, 102]"
25,A0A3P9PED3_POERE,A0A3P9PED3,63,19,G,"[16, 18, 46, 47, 102]","[46, 47, 102]"
26,Q3ZB95_DANRE,Q3ZB95,63,19,G,"[16, 18, 46, 47, 102]","[46, 47, 102]"
27,D8SVH8_SELML,D8SVH8,63,14,G,"[11, 13, 40, 41, 97]","[40, 41, 97]"
28,MPI2_ARATH,Q9FZH5,63,35,G,"[32, 34, 61, 62, 123]","[61, 62, 123]"
29,A0A072TVL2_MEDTR,A0A072TVL2,63,23,G,"[20, 22, 49, 50, 107]","[49, 50, 107]"
30,B4FP68_MAIZE,B4FP68,63,39,G,"[36, 38, 62, 63, 115]","[62, 63, 115]"
31,Q2R1L4_ORYSJ,Q2R1L4,63,63,G,"[60, 62, 86, 87, 141]","[86, 87, 141]"
32,Q9VH77_DROME,Q9VH77,69,19,S,"[40, 78]","[40, 78]"
33,MPI_SCHPO,O43014,69,20,S,"[40, 91]",[91]
34,MPI_EMENI,P29951,69,24,S,[99],[99]
35,MPI_YEAST,P29952,69,24,S,"[45, 101]","[45, 101]"
36,MPI_CAEEL,P34650,69,21,S,"[42, 91]","[42, 91]"
37,MPI_DICDI,Q54PA0,69,40,S,[133],[133]
38,G5AL67_HETGA,G5AL67,69,25,S,"[46, 102]","[46, 102]"
39,MPI_MOUSE,Q924M7,69,25,S,[102],[102]
40,MPI_RAT,Q68FX1,69,25,S,[102],[102]
41,A0A3P9PED3_POERE,A0A3P9PED3,69,25,S,"[46, 102]","[46, 102]"
42,Q3ZB95_DANRE,Q3ZB95,69,25,S,[102],[102]
43,D8SVH8_SELML,D8SVH8,69,20,S,[97],[97]
44,MPI2_ARATH,Q9FZH5,69,41,S,[123],[123]
45,A0A072TVL2_MEDTR,A0A072TVL2,69,29,S,[107],[107]
46,B4FP68_MAIZE,B4FP68,69,45,S,[115],[115]
47,Q2R1L4_ORYSJ,Q2R1L4,69,69,S,[141],[141]
48,Q9VH77_DROME,Q9VH77,93,40,Y,"[13, 19, 41]","[13, 19]"
49,MPI_SCHPO,O43014,93,40,Y,"[14, 20, 41]",[14]
50,MPI_EMENI,P29951,93,46,Y,"[18, 47]",[18]
51,MPI_YEAST,P29952,93,45,Y,"[18, 24, 46]","[18, 24]"
52,MPI_CAEEL,P34650,93,42,Y,"[15, 21, 43]","[15, 21]"
53,MPI_DICDI,Q54PA0,93,63,Y,"[34, 64]",[34]
54,G5AL67_HETGA,G5AL67,93,46,Y,"[19, 25, 47]","[19, 25]"
55,MPI_MOUSE,Q924M7,93,46,Y,"[19, 47]",[19]
56,MPI_RAT,Q68FX1,93,46,Y,"[19, 47]",[19]
57,A0A3P9PED3_POERE,A0A3P9PED3,93,46,Y,"[19, 25, 47]","[19, 25]"
58,Q3ZB95_DANRE,Q3ZB95,93,46,Y,"[19, 47]",[19]
59,D8SVH8_SELML,D8SVH8,93,40,Y,"[14, 41]",[14]
60,MPI2_ARATH,Q9FZH5,93,61,Y,"[35, 62]",[35]
61,A0A072TVL2_MEDTR,A0A072TVL2,93,49,Y,"[23, 50]",[23]
62,B4FP68_MAIZE,B4FP68,93,62,Y,"[39, 63]",[39]
63,Q2R1L4_ORYSJ,Q2R1L4,93,86,Y,"[63, 87]",[63]
64,Q9VH77_DROME,Q9VH77,94,41,A,"[10, 13, 40, 42, 77, 78]","[10, 13, 77, 78]"
65,MPI_SCHPO,O43014,94,41,A,"[11, 14, 40, 42, 90, 91]","[11, 14, 90, 91]"
66,MPI_EMENI,P29951,94,47,A,"[15, 18, 46, 48, 98, 99]","[15, 18, 98, 99]"
67,MPI_YEAST,P29952,94,46,A,"[15, 18, 45, 47, 100, 101]","[15, 18, 100, 101]"
68,MPI_CAEEL,P34650,94,43,A,"[12, 15, 42, 44, 90, 91]","[12, 15, 90, 91]"
69,MPI_DICDI,Q54PA0,94,64,A,"[31, 34, 63, 65, 132, 133]","[31, 34, 132, 133]"
70,G5AL67_HETGA,G5AL67,94,47,A,"[16, 19, 46, 48, 101, 102]","[16, 19, 101, 102]"
71,MPI_MOUSE,Q924M7,94,47,A,"[16, 19, 46, 48, 101, 102]","[16, 19, 101, 102]"
72,MPI_RAT,Q68FX1,94,47,A,"[16, 19, 46, 48, 101, 102]","[16, 19, 101, 102]"
73,A0A3P9PED3_POERE,A0A3P9PED3,94,47,A,"[16, 19, 46, 48, 101, 102]","[16, 19, 101, 102]"
74,Q3ZB95_DANRE,Q3ZB95,94,47,A,"[16, 19, 46, 48, 101, 102]","[16, 19, 101, 102]"
75,D8SVH8_SELML,D8SVH8,94,41,A,"[11, 14, 40, 42, 96, 97]","[11, 14, 96, 97]"
76,MPI2_ARATH,Q9FZH5,94,62,A,"[32, 35, 61, 63, 122, 123]","[32, 35, 122, 123]"
77,A0A072TVL2_MEDTR,A0A072TVL2,94,50,A,"[20, 23, 49, 51, 106, 107]","[20, 23, 106, 107]"
78,B4FP68_MAIZE,B4FP68,94,63,A,"[36, 39, 62, 64, 114, 115]","[36, 39, 114, 115]"
79,Q2R1L4_ORYSJ,Q2R1L4,94,87,A,"[60, 63, 86, 88, 140, 141]","[60, 63, 140, 141]"
80,Q9VH77_DROME,Q9VH77,95,42,E,"[41, 76, 77]","[76, 77]"
81,MPI_SCHPO,O43014,95,42,E,"[41, 89, 90]","[89, 90]"
82,MPI_EMENI,P29951,95,48,E,"[47, 97, 98]","[97, 98]"
83,MPI_YEAST,P29952,95,47,E,"[46, 99, 100]","[99, 100]"
84,MPI_CAEEL,P34650,95,44,E,"[43, 89, 90]","[89, 90]"
85,MPI_DICDI,Q54PA0,95,65,E,"[64, 131, 132]","[131, 132]"
86,G5AL67_HETGA,G5AL67,95,48,E,"[47, 100, 101]","[100, 101]"
87,MPI_MOUSE,Q924M7,95,48,E,"[47, 100, 101]","[100, 101]"
88,MPI_RAT,Q68FX1,95,48,E,"[47, 100, 101]","[100, 101]"
89,A0A3P9PED3_POERE,A0A3P9PED3,95,48,E,"[47, 100, 101]","[100, 101]"
90,Q3ZB95_DANRE,Q3ZB95,95,48,E,"[47, 100, 101]","[100, 101]"
91,D8SVH8_SELML,D8SVH8,95,42,E,"[41, 95, 96]","[95, 96]"
92,MPI2_ARATH,Q9FZH5,95,63,E,"[62, 121, 122]","[121, 122]"
93,A0A072TVL2_MEDTR,A0A072TVL2,95,51,E,"[50, 105, 106]","[105, 106]"
94,B4FP68_MAIZE,B4FP68,95,64,E,"[63, 113, 114]","[113, 114]"
95,Q2R1L4_ORYSJ,Q2R1L4,95,88,E,"[87, 139, 140]","[139, 140]"
96,Q9VH77_DROME,Q9VH77,97,44,W,[75],[75]
97,MPI_SCHPO,O43014,97,44,W,[88],[88]
98,MPI_EMENI,P29951,97,50,W,[96],[96]
99,MPI_YEAST,P29952,97,49,W,[98],[98]
100,MPI_CAEEL,P34650,97,46,W,[88],[88]
101,MPI_DICDI,Q54PA0,97,67,W,[130],[130]
102,G5AL67_HETGA,G5AL67,97,50,W,[99],[99]
103,MPI_MOUSE,Q924M7,97,50,W,[99],[99]
104,MPI_RAT,Q68FX1,97,50,W,[99],[99]
105,A0A3P9PED3_POERE,A0A3P9PED3,97,50,W,[99],[99]
106,Q3ZB95_DANRE,Q3ZB95,97,50,W,[99],[99]
107,D8SVH8_SELML,D8SVH8,97,44,W,[94],[94]
108,MPI2_ARATH,Q9FZH5,97,65,W,[120],[120]
109,A0A072TVL2_MEDTR,A0A072TVL2,97,53,W,[104],[104]
110,B4FP68_MAIZE,B4FP68,97,66,W,[112],[112]
111,Q2R1L4_ORYSJ,Q2R1L4,97,90,W,[138],[138]
112,Q9VH77_DROME,Q9VH77,99,46,G,"[48, 73]",[73]
113,MPI_SCHPO,O43014,99,46,G,"[48, 86]",[86]
114,MPI_EMENI,P29951,99,52,G,"[54, 94]",[94]
115,MPI_YEAST,P29952,99,51,G,"[53, 96]",[96]
116,MPI_CAEEL,P34650,99,48,G,"[50, 86]",[86]
117,MPI_DICDI,Q54PA0,99,69,G,"[71, 128]",[128]
118,G5AL67_HETGA,G5AL67,99,52,G,"[54, 97]",[97]
119,MPI_MOUSE,Q924M7,99,52,G,"[54, 97]",[97]
120,MPI_RAT,Q68FX1,99,52,G,"[54, 97]",[97]
121,A0A3P9PED3_POERE,A0A3P9PED3,99,52,G,"[54, 97]",[97]
122,Q3ZB95_DANRE,Q3ZB95,99,52,G,"[54, 97]",[97]
123,D8SVH8_SELML,D8SVH8,99,46,G,"[48, 92]",[92]
124,MPI2_ARATH,Q9FZH5,99,67,G,"[69, 118]",[118]
125,A0A072TVL2_MEDTR,A0A072TVL2,99,55,G,"[57, 102]",[102]
126,B4FP68_MAIZE,B4FP68,99,68,G,"[70, 110]",[110]
127,Q2R1L4_ORYSJ,Q2R1L4,99,92,G,"[94, 136]",[136]
128,Q9VH77_DROME,Q9VH77,167,73,L,"[46, 74, 251, 252]","[46, 251, 252]"
129,MPI_SCHPO,O43014,167,86,L,"[46, 87, 275, 276]","[46, 275, 276]"
130,MPI_EMENI,P29951,167,94,L,"[52, 95, 301, 302]","[52, 301, 302]"
131,MPI_YEAST,P29952,167,96,L,"[51, 97, 291, 292]","[51, 291, 292]"
132,MPI_CAEEL,P34650,167,86,L,"[48, 87, 269, 270]","[48, 269, 270]"
133,MPI_DICDI,Q54PA0,167,128,L,"[69, 129, 305, 306]","[69, 305, 306]"
134,G5AL67_HETGA,G5AL67,167,97,L,"[52, 98, 286, 287]","[52, 286, 287]"
135,MPI_MOUSE,Q924M7,167,97,L,"[52, 98, 286, 287]","[52, 286, 287]"
136,MPI_RAT,Q68FX1,167,97,L,"[52, 98, 286, 287]","[52, 286, 287]"
137,A0A3P9PED3_POERE,A0A3P9PED3,167,97,L,"[52, 98, 285, 286]","[52, 285, 286]"
138,Q3ZB95_DANRE,Q3ZB95,167,97,L,"[52, 98, 285, 286]","[52, 285, 286]"
139,D8SVH8_SELML,D8SVH8,167,92,L,"[46, 93, 278, 279]","[46, 278, 279]"
140,MPI2_ARATH,Q9FZH5,167,118,L,"[67, 119, 306, 307]","[67, 306, 307]"
141,A0A072TVL2_MEDTR,A0A072TVL2,167,102,L,"[55, 103, 289, 290]","[55, 289, 290]"
142,B4FP68_MAIZE,B4FP68,167,110,L,"[68, 111, 298, 299]","[68, 298, 299]"
143,Q2R1L4_ORYSJ,Q2R1L4,167,136,L,"[92, 137, 324, 325]","[92, 324, 325]"
144,Q9VH77_DROME,Q9VH77,168,74,F,"[73, 75, 250, 251]","[250, 251]"
145,MPI_SCHPO,O43014,168,87,F,"[86, 88, 275]",[275]
146,MPI_EMENI,P29951,168,95,F,"[94, 96, 301]",[301]
147,MPI_YEAST,P29952,168,97,F,"[96, 98, 290, 291]","[290, 291]"
148,MPI_CAEEL,P34650,168,87,F,"[86, 88, 268, 269]","[268, 269]"
149,MPI_DICDI,Q54PA0,168,129,F,"[128, 130, 304, 305]","[304, 305]"
150,G5AL67_HETGA,G5AL67,168,98,F,"[97, 99, 286]",[286]
151,MPI_MOUSE,Q924M7,168,98,F,"[97, 99, 285, 286]","[285, 286]"
152,MPI_RAT,Q68FX1,168,98,F,"[97, 99, 286]",[286]
153,A0A3P9PED3_POERE,A0A3P9PED3,168,98,F,"[97, 99, 285]",[285]
154,Q3ZB95_DANRE,Q3ZB95,168,98,F,"[97, 99, 284, 285]","[284, 285]"
155,D8SVH8_SELML,D8SVH8,168,93,F,"[92, 94, 277, 278]","[277, 278]"
156,MPI2_ARATH,Q9FZH5,168,119,F,"[118, 120, 305, 306]","[305, 306]"
157,A0A072TVL2_MEDTR,A0A072TVL2,168,103,F,"[102, 104, 289]",[289]
158,B4FP68_MAIZE,B4FP68,168,111,F,"[110, 112, 298]",[298]
159,Q2R1L4_ORYSJ,Q2R1L4,168,137,F,"[136, 138, 324]",[324]
160,Q9VH77_DROME,Q9VH77,169,75,K,"[44, 74, 76, 250]","[44, 250]"
161,MPI_SCHPO,O43014,169,88,K,"[44, 87, 89, 274]","[44, 274]"
162,MPI_EMENI,P29951,169,96,K,"[50, 95, 97, 300]","[50, 300]"
163,MPI_YEAST,P29952,169,98,K,"[49, 97, 99, 290]","[49, 290]"
164,MPI_CAEEL,P34650,169,88,K,"[46, 87, 89, 268]","[46, 268]"
165,MPI_DICDI,Q54PA0,169,130,K,"[67, 129, 131, 304]","[67, 304]"
166,G5AL67_HETGA,G5AL67,169,99,K,"[50, 98, 100, 285]","[50, 285]"
167,MPI_MOUSE,Q924M7,169,99,K,"[50, 98, 100, 285]","[50, 285]"
168,MPI_RAT,Q68FX1,169,99,K,"[50, 98, 100, 285]","[50, 285]"
169,A0A3P9PED3_POERE,A0A3P9PED3,169,99,K,"[50, 98, 100, 284]","[50, 284]"
170,Q3ZB95_DANRE,Q3ZB95,169,99,K,"[50, 98, 100, 284]","[50, 284]"
171,D8SVH8_SELML,D8SVH8,169,94,K,"[44, 93, 95, 277]","[44, 277]"
172,MPI2_ARATH,Q9FZH5,169,120,K,"[65, 119, 121, 305]","[65, 305]"
173,A0A072TVL2_MEDTR,A0A072TVL2,169,104,K,"[53, 103, 105, 288]","[53, 288]"
174,B4FP68_MAIZE,B4FP68,169,112,K,"[66, 111, 113, 297]","[66, 297]"
175,Q2R1L4_ORYSJ,Q2R1L4,169,138,K,"[90, 137, 139, 323]","[90, 323]"
176,Q9VH77_DROME,Q9VH77,170,76,V,"[42, 75, 77, 250]","[42, 250]"
177,MPI_SCHPO,O43014,170,89,V,"[42, 88, 90]",[42]
178,MPI_EMENI,P29951,170,97,V,"[48, 96, 98]",[48]
179,MPI_YEAST,P29952,170,99,V,"[47, 98, 100]",[47]
180,MPI_CAEEL,P34650,170,89,V,"[44, 88, 90]",[44]
181,MPI_DICDI,Q54PA0,170,131,V,"[65, 130, 132, 304]","[65, 304]"
182,G5AL67_HETGA,G5AL67,170,100,V,"[48, 99, 101, 285]","[48, 285]"
183,MPI_MOUSE,Q924M7,170,100,V,"[48, 99, 101, 285]","[48, 285]"
184,MPI_RAT,Q68FX1,170,100,V,"[48, 99, 101, 285]","[48, 285]"
185,A0A3P9PED3_POERE,A0A3P9PED3,170,100,V,"[48, 99, 101, 284]","[48, 284]"
186,Q3ZB95_DANRE,Q3ZB95,170,100,V,"[48, 99, 101, 284]","[48, 284]"
187,D8SVH8_SELML,D8SVH8,170,95,V,"[42, 94, 96, 277]","[42, 277]"
188,MPI2_ARATH,Q9FZH5,170,121,V,"[63, 120, 122, 305]","[63, 305]"
189,A0A072TVL2_MEDTR,A0A072TVL2,170,105,V,"[51, 104, 106, 288]","[51, 288]"
190,B4FP68_MAIZE,B4FP68,170,113,V,"[64, 112, 114, 297]","[64, 297]"
191,Q2R1L4_ORYSJ,Q2R1L4,170,139,V,"[88, 138, 140, 323]","[88, 323]"
192,Q9VH77_DROME,Q9VH77,171,77,L,"[41, 42, 76, 78]","[41, 42]"
193,MPI_SCHPO,O43014,171,90,L,"[41, 42, 89, 91]","[41, 42]"
194,MPI_EMENI,P29951,171,98,L,"[47, 48, 97, 99]","[47, 48]"
195,MPI_YEAST,P29952,171,100,L,"[46, 47, 99, 101]","[46, 47]"
196,MPI_CAEEL,P34650,171,90,L,"[43, 44, 89, 91]","[43, 44]"
197,MPI_DICDI,Q54PA0,171,132,L,"[64, 65, 131, 133]","[64, 65]"
198,G5AL67_HETGA,G5AL67,171,101,L,"[47, 48, 100, 102]","[47, 48]"
199,MPI_MOUSE,Q924M7,171,101,L,"[47, 48, 100, 102]","[47, 48]"
200,MPI_RAT,Q68FX1,171,101,L,"[47, 48, 100, 102]","[47, 48]"
201,A0A3P9PED3_POERE,A0A3P9PED3,171,101,L,"[47, 48, 100, 102]","[47, 48]"
202,Q3ZB95_DANRE,Q3ZB95,171,101,L,"[47, 48, 100, 102]","[47, 48]"
203,D8SVH8_SELML,D8SVH8,171,96,L,"[41, 42, 95, 97]","[41, 42]"
204,MPI2_ARATH,Q9FZH5,171,122,L,"[62, 63, 121, 123]","[62, 63]"
205,A0A072TVL2_MEDTR,A0A072TVL2,171,106,L,"[50, 51, 105, 107]","[50, 51]"
206,B4FP68_MAIZE,B4FP68,171,114,L,"[63, 64, 113, 115]","[63, 64]"
207,Q2R1L4_ORYSJ,Q2R1L4,171,140,L,"[87, 88, 139, 141]","[87, 88]"
208,Q9VH77_DROME,Q9VH77,172,78,S,"[13, 19, 41, 77]","[13, 19, 41]"
209,MPI_SCHPO,O43014,172,91,S,"[14, 20, 41, 90]","[14, 20, 41]"
210,MPI_EMENI,P29951,172,99,S,"[18, 24, 47, 98]","[18, 24, 47]"
211,MPI_YEAST,P29952,172,101,S,"[18, 24, 46, 100]","[18, 24, 46]"
212,MPI_CAEEL,P34650,172,91,S,"[15, 21, 43, 90]","[15, 21, 43]"
213,MPI_DICDI,Q54PA0,172,133,S,"[34, 40, 64, 132]","[34, 40, 64]"
214,G5AL67_HETGA,G5AL67,172,102,S,"[19, 25, 47, 101]","[19, 25, 47]"
215,MPI_MOUSE,Q924M7,172,102,S,"[19, 25, 47, 101, 281]","[19, 25, 47, 281]"
216,MPI_RAT,Q68FX1,172,102,S,"[19, 25, 47, 101, 281]","[19, 25, 47, 281]"
217,A0A3P9PED3_POERE,A0A3P9PED3,172,102,S,"[19, 25, 47, 101]","[19, 25, 47]"
218,Q3ZB95_DANRE,Q3ZB95,172,102,S,"[19, 25, 47, 101]","[19, 25, 47]"
219,D8SVH8_SELML,D8SVH8,172,97,S,"[14, 20, 41, 96]","[14, 20, 41]"
220,MPI2_ARATH,Q9FZH5,172,123,S,"[35, 41, 62, 122]","[35, 41, 62]"
221,A0A072TVL2_MEDTR,A0A072TVL2,172,107,S,"[23, 29, 50, 106]","[23, 29, 50]"
222,B4FP68_MAIZE,B4FP68,172,115,S,"[39, 45, 63, 114]","[39, 45, 63]"
223,Q2R1L4_ORYSJ,Q2R1L4,172,141,S,"[63, 69, 87, 140]","[63, 69, 87]"
224,Q9VH77_DROME,Q9VH77,177,83,L,"[84, 242, 243]","[242, 243]"
225,MPI_SCHPO,O43014,177,96,L,"[97, 266, 267]","[266, 267]"
226,MPI_EMENI,P29951,177,104,L,"[105, 292, 293]","[292, 293]"
227,MPI_YEAST,P29952,177,106,L,"[107, 282, 283]","[282, 283]"
228,MPI_CAEEL,P34650,177,96,L,"[97, 260, 261]","[260, 261]"
229,MPI_DICDI,Q54PA0,177,138,L,"[139, 296, 297]","[296, 297]"
230,G5AL67_HETGA,G5AL67,177,107,L,"[108, 277, 278]","[277, 278]"
231,MPI_MOUSE,Q924M7,177,107,L,"[108, 277, 278]","[277, 278]"
232,MPI_RAT,Q68FX1,177,107,L,"[108, 277, 278]","[277, 278]"
233,A0A3P9PED3_POERE,A0A3P9PED3,177,107,L,"[108, 276, 277]","[276, 277]"
234,Q3ZB95_DANRE,Q3ZB95,177,107,L,"[108, 276, 277]","[276, 277]"
235,D8SVH8_SELML,D8SVH8,177,102,L,"[103, 269, 270]","[269, 270]"
236,MPI2_ARATH,Q9FZH5,177,128,L,"[129, 297, 298]","[297, 298]"
237,A0A072TVL2_MEDTR,A0A072TVL2,177,112,L,"[113, 280, 281]","[280, 281]"
238,B4FP68_MAIZE,B4FP68,177,120,L,"[121, 289, 290]","[289, 290]"
239,Q2R1L4_ORYSJ,Q2R1L4,177,146,L,"[147, 315, 316]","[315, 316]"
240,Q9VH77_DROME,Q9VH77,178,84,S,"[83, 85, 86, 242, 262, 264]","[242, 262, 264]"
241,MPI_SCHPO,O43014,178,97,S,"[96, 98, 99, 266, 286, 288]","[266, 286, 288]"
242,MPI_EMENI,P29951,178,105,S,"[104, 106, 107, 312, 314]","[312, 314]"
243,MPI_YEAST,P29952,178,107,S,"[106, 108, 109, 282, 302, 304]","[282, 302, 304]"
244,MPI_CAEEL,P34650,178,97,S,"[96, 98, 99, 260, 280, 282]","[260, 280, 282]"
245,MPI_DICDI,Q54PA0,178,139,S,"[138, 140, 141, 296, 316, 318]","[296, 316, 318]"
246,G5AL67_HETGA,G5AL67,178,108,S,"[107, 109, 110, 277, 297, 299]","[277, 297, 299]"
247,MPI_MOUSE,Q924M7,178,108,S,"[107, 109, 110, 277, 297, 299]","[277, 297, 299]"
248,MPI_RAT,Q68FX1,178,108,S,"[107, 109, 110, 277, 297, 299]","[277, 297, 299]"
249,A0A3P9PED3_POERE,A0A3P9PED3,178,108,S,"[107, 109, 110, 276, 296, 298]","[276, 296, 298]"
250,Q3ZB95_DANRE,Q3ZB95,178,108,S,"[107, 109, 110, 276, 296, 298]","[276, 296, 298]"
251,D8SVH8_SELML,D8SVH8,178,103,S,"[102, 104, 105, 269, 289, 291]","[269, 289, 291]"
252,MPI2_ARATH,Q9FZH5,178,129,S,"[128, 130, 131, 297, 317, 319]","[297, 317, 319]"
253,A0A072TVL2_MEDTR,A0A072TVL2,178,113,S,"[112, 114, 115, 280, 300, 302]","[280, 300, 302]"
254,B4FP68_MAIZE,B4FP68,178,121,S,"[120, 122, 123, 289, 309, 311]","[289, 309, 311]"
255,Q2R1L4_ORYSJ,Q2R1L4,178,147,S,"[146, 148, 149, 315, 335, 337]","[315, 335, 337]"
256,Q9VH77_DROME,Q9VH77,179,85,I,"[84, 86, 241, 242, 260, 262]","[241, 242, 260, 262]"
257,MPI_SCHPO,O43014,179,98,I,"[97, 99, 265, 266, 284, 286]","[265, 266, 284, 286]"
258,MPI_EMENI,P29951,179,106,I,"[105, 107, 291, 292, 310, 312]","[291, 292, 310, 312]"
259,MPI_YEAST,P29952,179,108,I,"[107, 109, 281, 282, 300, 302]","[281, 282, 300, 302]"
260,MPI_CAEEL,P34650,179,98,I,"[97, 99, 259, 260, 278, 280]","[259, 260, 278, 280]"
261,MPI_DICDI,Q54PA0,179,140,I,"[139, 141, 295, 296, 314, 316]","[295, 296, 314, 316]"
262,G5AL67_HETGA,G5AL67,179,109,I,"[108, 110, 276, 277, 295, 297]","[276, 277, 295, 297]"
263,MPI_MOUSE,Q924M7,179,109,I,"[108, 110, 276, 277, 295, 297]","[276, 277, 295, 297]"
264,MPI_RAT,Q68FX1,179,109,I,"[108, 110, 276, 277, 295, 297]","[276, 277, 295, 297]"
265,A0A3P9PED3_POERE,A0A3P9PED3,179,109,I,"[108, 110, 275, 276, 294, 296]","[275, 276, 294, 296]"
266,Q3ZB95_DANRE,Q3ZB95,179,109,I,"[108, 110, 275, 276, 294, 296]","[275, 276, 294, 296]"
267,D8SVH8_SELML,D8SVH8,179,104,I,"[103, 105, 268, 269, 287, 289]","[268, 269, 287, 289]"
268,MPI2_ARATH,Q9FZH5,179,130,I,"[129, 131, 296, 297, 315, 317]","[296, 297, 315, 317]"
269,A0A072TVL2_MEDTR,A0A072TVL2,179,114,I,"[113, 115, 279, 280, 298, 300]","[279, 280, 298, 300]"
270,B4FP68_MAIZE,B4FP68,179,122,I,"[121, 123, 288, 289, 307, 309]","[288, 289, 307, 309]"
271,Q2R1L4_ORYSJ,Q2R1L4,179,148,I,"[147, 149, 314, 315, 333, 335]","[314, 315, 333, 335]"
272,Q9VH77_DROME,Q9VH77,180,86,Q,"[84, 85, 241, 260]","[241, 260]"
273,MPI_SCHPO,O43014,180,99,Q,"[97, 98, 265, 284]","[265, 284]"
274,MPI_EMENI,P29951,180,107,Q,"[105, 106, 291, 310]","[291, 310]"
275,MPI_YEAST,P29952,180,109,Q,"[107, 108, 281, 300]","[281, 300]"
276,MPI_CAEEL,P34650,180,99,Q,"[97, 98, 259, 278]","[259, 278]"
277,MPI_DICDI,Q54PA0,180,141,Q,"[139, 140, 295, 314]","[295, 314]"
278,G5AL67_HETGA,G5AL67,180,110,Q,"[108, 109, 276, 295]","[276, 295]"
279,MPI_MOUSE,Q924M7,180,110,Q,"[108, 109, 276, 295]","[276, 295]"
280,MPI_RAT,Q68FX1,180,110,Q,"[108, 109, 276, 295]","[276, 295]"
281,A0A3P9PED3_POERE,A0A3P9PED3,180,110,Q,"[108, 109, 275, 294]","[275, 294]"
282,Q3ZB95_DANRE,Q3ZB95,180,110,Q,"[108, 109, 275, 294]","[275, 294]"
283,D8SVH8_SELML,D8SVH8,180,105,Q,"[103, 104, 268, 287]","[268, 287]"
284,MPI2_ARATH,Q9FZH5,180,131,Q,"[129, 130, 296, 315]","[296, 315]"
285,A0A072TVL2_MEDTR,A0A072TVL2,180,115,Q,"[113, 114, 279, 298]","[279, 298]"
286,B4FP68_MAIZE,B4FP68,180,123,Q,"[121, 122, 288, 307]","[288, 307]"
287,Q2R1L4_ORYSJ,Q2R1L4,180,149,Q,"[147, 148, 314, 333]","[314, 333]"
288,Q9VH77_DROME,Q9VH77,182,88,H,"[89, 111]",[111]
289,MPI_SCHPO,O43014,182,101,H,"[102, 124]",[124]
290,MPI_EMENI,P29951,182,109,H,"[110, 132]",[132]
291,MPI_YEAST,P29952,182,111,H,"[112, 134]",[134]
292,MPI_CAEEL,P34650,182,101,H,"[102, 124]",[124]
293,MPI_DICDI,Q54PA0,182,143,H,"[144, 166]",[166]
294,G5AL67_HETGA,G5AL67,182,112,H,"[113, 135]",[135]
295,MPI_MOUSE,Q924M7,182,112,H,"[113, 135]",[135]
296,MPI_RAT,Q68FX1,182,112,H,"[113, 135]",[135]
297,A0A3P9PED3_POERE,A0A3P9PED3,182,112,H,"[113, 135]",[135]
298,Q3ZB95_DANRE,Q3ZB95,182,112,H,"[113, 135]",[135]
299,D8SVH8_SELML,D8SVH8,182,107,H,"[108, 130]",[130]
300,MPI2_ARATH,Q9FZH5,182,133,H,"[134, 156]",[156]
301,A0A072TVL2_MEDTR,A0A072TVL2,182,117,H,"[118, 140]",[140]
302,B4FP68_MAIZE,B4FP68,182,125,H,"[126, 148]",[148]
303,Q2R1L4_ORYSJ,Q2R1L4,182,151,H,"[152, 174]",[174]
304,Q9VH77_DROME,Q9VH77,183,89,P,"[88, 110]",[110]
305,MPI_SCHPO,O43014,183,102,P,"[101, 123]",[123]
306,MPI_EMENI,P29951,183,110,P,"[109, 131]",[131]
307,MPI_YEAST,P29952,183,112,P,"[111, 133]",[133]
308,MPI_CAEEL,P34650,183,102,P,"[101, 123]",[123]
309,MPI_DICDI,Q54PA0,183,144,P,"[143, 165]",[165]
310,G5AL67_HETGA,G5AL67,183,113,P,"[112, 134]",[134]
311,A0A3P9PED3_POERE,A0A3P9PED3,183,113,P,"[112, 134]",[134]
312,Q3ZB95_DANRE,Q3ZB95,183,113,P,"[112, 134]",[134]
313,D8SVH8_SELML,D8SVH8,183,108,P,"[107, 129]",[129]
314,MPI2_ARATH,Q9FZH5,183,134,P,"[133, 155]",[155]
315,A0A072TVL2_MEDTR,A0A072TVL2,183,118,P,"[117, 139]",[139]
316,B4FP68_MAIZE,B4FP68,183,126,P,"[125, 147]",[147]
317,Q2R1L4_ORYSJ,Q2R1L4,183,152,P,"[151, 173]",[173]
318,Q9VH77_DROME,Q9VH77,199,105,Y,"[102, 107, 257]",[257]
319,MPI_SCHPO,O43014,199,118,Y,"[115, 120, 281]",[281]
320,MPI_EMENI,P29951,199,126,Y,"[123, 128, 307]",[307]
321,MPI_YEAST,P29952,199,128,Y,"[125, 130, 297]",[297]
322,MPI_CAEEL,P34650,199,118,Y,"[115, 120, 275]",[275]
323,MPI_DICDI,Q54PA0,199,160,Y,"[157, 162, 311]",[311]
324,G5AL67_HETGA,G5AL67,199,129,Y,"[126, 131, 292]",[292]
325,MPI_MOUSE,Q924M7,199,129,Y,"[126, 131, 292]",[292]
326,MPI_RAT,Q68FX1,199,129,Y,"[126, 131, 292]",[292]
327,A0A3P9PED3_POERE,A0A3P9PED3,199,129,Y,"[126, 131, 291]",[291]
328,Q3ZB95_DANRE,Q3ZB95,199,129,Y,"[126, 131, 291]",[291]
329,D8SVH8_SELML,D8SVH8,199,124,Y,"[121, 126, 284]",[284]
330,MPI2_ARATH,Q9FZH5,199,150,Y,"[147, 152, 312]",[312]
331,A0A072TVL2_MEDTR,A0A072TVL2,199,134,Y,"[131, 136, 295]",[295]
332,B4FP68_MAIZE,B4FP68,199,142,Y,"[139, 144, 304]",[304]
333,Q2R1L4_ORYSJ,Q2R1L4,199,168,Y,"[165, 170, 330]",[330]
334,Q9VH77_DROME,Q9VH77,204,110,H,"[89, 111]",[89]
335,MPI_SCHPO,O43014,204,123,H,"[102, 124]",[102]
336,MPI_EMENI,P29951,204,131,H,"[110, 132]",[110]
337,MPI_YEAST,P29952,204,133,H,"[112, 134]",[112]
338,MPI_CAEEL,P34650,204,123,H,"[102, 124]",[102]
339,MPI_DICDI,Q54PA0,204,165,H,"[144, 166]",[144]
340,G5AL67_HETGA,G5AL67,204,134,H,"[113, 135]",[113]
341,A0A3P9PED3_POERE,A0A3P9PED3,204,134,H,"[113, 135]",[113]
342,Q3ZB95_DANRE,Q3ZB95,204,134,H,"[113, 135]",[113]
343,D8SVH8_SELML,D8SVH8,204,129,H,"[108, 130]",[108]
344,MPI2_ARATH,Q9FZH5,204,155,H,"[134, 156]",[134]
345,A0A072TVL2_MEDTR,A0A072TVL2,204,139,H,"[118, 140]",[118]
346,B4FP68_MAIZE,B4FP68,204,147,H,"[126, 148]",[126]
347,Q2R1L4_ORYSJ,Q2R1L4,204,173,H,"[152, 174]",[152]
348,Q9VH77_DROME,Q9VH77,205,111,K,"[88, 110, 112, 253, 255]","[88, 253, 255]"
349,MPI_SCHPO,O43014,205,124,K,"[101, 123, 125, 277, 279]","[101, 277, 279]"
350,MPI_EMENI,P29951,205,132,K,"[109, 131, 133, 303, 305]","[109, 303, 305]"
351,MPI_YEAST,P29952,205,134,K,"[111, 133, 135, 293, 295]","[111, 293, 295]"
352,MPI_CAEEL,P34650,205,124,K,"[101, 123, 125, 271, 273]","[101, 271, 273]"
353,MPI_DICDI,Q54PA0,205,166,K,"[143, 165, 167, 307, 309]","[143, 307, 309]"
354,G5AL67_HETGA,G5AL67,205,135,K,"[112, 134, 136, 288, 290]","[112, 288, 290]"
355,MPI_MOUSE,Q924M7,205,135,K,"[112, 134, 136, 288, 290]","[112, 288, 290]"
356,MPI_RAT,Q68FX1,205,135,K,"[112, 134, 136, 288, 290]","[112, 288, 290]"
357,A0A3P9PED3_POERE,A0A3P9PED3,205,135,K,"[112, 134, 136, 287, 289]","[112, 287, 289]"
358,Q3ZB95_DANRE,Q3ZB95,205,135,K,"[112, 134, 136, 287, 289]","[112, 287, 289]"
359,D8SVH8_SELML,D8SVH8,205,130,K,"[107, 129, 131, 280, 282]","[107, 280, 282]"
360,MPI2_ARATH,Q9FZH5,205,156,K,"[133, 155, 157, 308, 310]","[133, 308, 310]"
361,A0A072TVL2_MEDTR,A0A072TVL2,205,140,K,"[117, 139, 141, 291, 293]","[117, 291, 293]"
362,B4FP68_MAIZE,B4FP68,205,148,K,"[125, 147, 149, 300, 302]","[125, 300, 302]"
363,Q2R1L4_ORYSJ,Q2R1L4,205,174,K,"[151, 173, 175, 326, 328]","[151, 326, 328]"
364,Q9VH77_DROME,Q9VH77,206,112,P,"[111, 113, 252, 253]","[252, 253]"
365,MPI_SCHPO,O43014,206,125,P,"[124, 126, 276, 277]","[276, 277]"
366,MPI_EMENI,P29951,206,133,P,"[132, 134, 302, 303]","[302, 303]"
367,MPI_YEAST,P29952,206,135,P,"[134, 136, 292, 293]","[292, 293]"
368,MPI_CAEEL,P34650,206,125,P,"[124, 126, 270, 271]","[270, 271]"
369,MPI_DICDI,Q54PA0,206,167,P,"[166, 168, 306, 307]","[306, 307]"
370,G5AL67_HETGA,G5AL67,206,136,P,"[135, 137, 287, 288]","[287, 288]"
371,MPI_MOUSE,Q924M7,206,136,P,"[135, 137, 287, 288]","[287, 288]"
372,MPI_RAT,Q68FX1,206,136,P,"[135, 137, 287, 288]","[287, 288]"
373,A0A3P9PED3_POERE,A0A3P9PED3,206,136,P,"[135, 137, 286, 287]","[286, 287]"
374,Q3ZB95_DANRE,Q3ZB95,206,136,P,"[135, 137, 286, 287]","[286, 287]"
375,D8SVH8_SELML,D8SVH8,206,131,P,"[130, 132, 279, 280]","[279, 280]"
376,MPI2_ARATH,Q9FZH5,206,157,P,"[156, 158, 307, 308]","[307, 308]"
377,A0A072TVL2_MEDTR,A0A072TVL2,206,141,P,"[140, 142, 290, 291]","[290, 291]"
378,B4FP68_MAIZE,B4FP68,206,149,P,"[148, 150, 299, 300]","[299, 300]"
379,Q2R1L4_ORYSJ,Q2R1L4,206,175,P,"[174, 176, 325, 326]","[325, 326]"
380,Q9VH77_DROME,Q9VH77,207,113,E,"[112, 251, 252]","[251, 252]"
381,MPI_SCHPO,O43014,207,126,E,"[125, 275, 276]","[275, 276]"
382,MPI_EMENI,P29951,207,134,E,"[133, 301, 302]","[301, 302]"
383,MPI_YEAST,P29952,207,136,E,"[135, 291, 292]","[291, 292]"
384,MPI_CAEEL,P34650,207,126,E,"[125, 269, 270]","[269, 270]"
385,MPI_DICDI,Q54PA0,207,168,E,"[167, 305, 306]","[305, 306]"
386,G5AL67_HETGA,G5AL67,207,137,E,"[136, 286, 287]","[286, 287]"
387,MPI_MOUSE,Q924M7,207,137,E,"[136, 286, 287]","[286, 287]"
388,MPI_RAT,Q68FX1,207,137,E,"[136, 286, 287]","[286, 287]"
389,A0A3P9PED3_POERE,A0A3P9PED3,207,137,E,"[136, 285, 286]","[285, 286]"
390,Q3ZB95_DANRE,Q3ZB95,207,137,E,"[136, 285, 286]","[285, 286]"
391,D8SVH8_SELML,D8SVH8,207,132,E,"[131, 278, 279]","[278, 279]"
392,MPI2_ARATH,Q9FZH5,207,158,E,"[157, 306, 307]","[306, 307]"
393,A0A072TVL2_MEDTR,A0A072TVL2,207,142,E,"[141, 289, 290]","[289, 290]"
394,B4FP68_MAIZE,B4FP68,207,150,E,"[149, 298, 299]","[298, 299]"
395,Q2R1L4_ORYSJ,Q2R1L4,207,176,E,"[175, 324, 325]","[324, 325]"
396,Q9VH77_DROME,Q9VH77,211,117,A,"[119, 121, 230]",[230]
397,MPI_SCHPO,O43014,211,130,A,"[132, 134, 254]",[254]
398,MPI_EMENI,P29951,211,138,A,"[140, 142, 280]",[280]
399,MPI_YEAST,P29952,211,140,A,"[142, 144, 270]",[270]
400,MPI_CAEEL,P34650,211,130,A,"[132, 134, 248]",[248]
401,MPI_DICDI,Q54PA0,211,172,A,"[174, 176, 284]",[284]
402,G5AL67_HETGA,G5AL67,211,141,A,"[143, 145, 265]",[265]
403,MPI_MOUSE,Q924M7,211,141,A,"[143, 145, 265]",[265]
404,MPI_RAT,Q68FX1,211,141,A,"[143, 145, 265]",[265]
405,A0A3P9PED3_POERE,A0A3P9PED3,211,141,A,"[143, 145, 264]",[264]
406,Q3ZB95_DANRE,Q3ZB95,211,141,A,"[143, 145, 264]",[264]
407,D8SVH8_SELML,D8SVH8,211,136,A,"[138, 140, 257]",[257]
408,MPI2_ARATH,Q9FZH5,211,162,A,"[164, 166, 285]",[285]
409,A0A072TVL2_MEDTR,A0A072TVL2,211,146,A,"[148, 150, 268]",[268]
410,B4FP68_MAIZE,B4FP68,211,154,A,"[156, 158, 277]",[277]
411,Q2R1L4_ORYSJ,Q2R1L4,211,180,A,"[182, 184, 303, 305]","[303, 305]"
412,Q9VH77_DROME,Q9VH77,213,119,T,"[117, 121, 246]",[246]
413,MPI_SCHPO,O43014,213,132,T,"[130, 134, 270]",[270]
414,MPI_EMENI,P29951,213,140,T,"[138, 296]",[296]
415,MPI_YEAST,P29952,213,142,T,"[140, 286]",[286]
416,MPI_CAEEL,P34650,213,132,T,"[130, 134, 264]",[264]
417,MPI_DICDI,Q54PA0,213,174,T,"[172, 176, 300]",[300]
418,MPI_MOUSE,Q924M7,213,143,T,"[141, 145, 281]",[281]
419,MPI_RAT,Q68FX1,213,143,T,"[141, 145, 281]",[281]
420,A0A3P9PED3_POERE,A0A3P9PED3,213,143,T,"[141, 145, 280]",[280]
421,Q3ZB95_DANRE,Q3ZB95,213,143,T,"[141, 145, 280]",[280]
422,D8SVH8_SELML,D8SVH8,213,138,T,"[136, 140, 273]",[273]
423,MPI2_ARATH,Q9FZH5,213,164,T,"[162, 166, 301]",[301]
424,A0A072TVL2_MEDTR,A0A072TVL2,213,148,T,"[146, 150, 284]",[284]
425,B4FP68_MAIZE,B4FP68,213,156,T,"[154, 158, 293]",[293]
426,Q2R1L4_ORYSJ,Q2R1L4,213,182,T,"[180, 184, 319]",[319]
427,Q9VH77_DROME,Q9VH77,215,121,F,"[117, 119, 227, 246]","[227, 246]"
428,MPI_SCHPO,O43014,215,134,F,"[130, 132, 251, 270]","[251, 270]"
429,MPI_EMENI,P29951,215,142,F,"[138, 277, 296]","[277, 296]"
430,MPI_YEAST,P29952,215,144,F,"[140, 267, 286]","[267, 286]"
431,MPI_CAEEL,P34650,215,134,F,"[130, 132, 245, 264]","[245, 264]"
432,MPI_DICDI,Q54PA0,215,176,F,"[172, 174, 281, 300]","[281, 300]"
433,G5AL67_HETGA,G5AL67,215,145,F,"[141, 143, 262, 281]","[262, 281]"
434,MPI_MOUSE,Q924M7,215,145,F,"[141, 143, 262, 281]","[262, 281]"
435,MPI_RAT,Q68FX1,215,145,F,"[141, 143, 262, 281]","[262, 281]"
436,A0A3P9PED3_POERE,A0A3P9PED3,215,145,F,"[141, 143, 261, 280]","[261, 280]"
437,Q3ZB95_DANRE,Q3ZB95,215,145,F,"[141, 143, 261, 280]","[261, 280]"
438,D8SVH8_SELML,D8SVH8,215,140,F,"[136, 138, 254, 273]","[254, 273]"
439,MPI2_ARATH,Q9FZH5,215,166,F,"[162, 164, 282, 301]","[282, 301]"
440,A0A072TVL2_MEDTR,A0A072TVL2,215,150,F,"[146, 148, 265, 284]","[265, 284]"
441,B4FP68_MAIZE,B4FP68,215,158,F,"[154, 156, 274, 293]","[274, 293]"
442,Q2R1L4_ORYSJ,Q2R1L4,215,184,F,"[180, 182, 300, 319]","[300, 319]"
443,Q9VH77_DROME,Q9VH77,221,127,F,[223],[223]
444,MPI_YEAST,P29952,221,150,F,[263],[263]
445,MPI_DICDI,Q54PA0,221,182,F,[277],[277]
446,MPI_MOUSE,Q924M7,221,151,F,[258],[258]
447,MPI_RAT,Q68FX1,221,151,F,[258],[258]
448,A0A3P9PED3_POERE,A0A3P9PED3,221,151,F,[257],[257]
449,Q3ZB95_DANRE,Q3ZB95,221,151,F,[257],[257]
450,D8SVH8_SELML,D8SVH8,221,146,F,[250],[250]
451,A0A072TVL2_MEDTR,A0A072TVL2,221,156,F,[261],[261]
452,B4FP68_MAIZE,B4FP68,221,164,F,[270],[270]
453,Q2R1L4_ORYSJ,Q2R1L4,221,190,F,[296],[296]
454,Q9VH77_DROME,Q9VH77,338,215,G,"[213, 262]",[262]
455,MPI_SCHPO,O43014,338,239,G,"[237, 286]",[286]
456,MPI_EMENI,P29951,338,265,G,"[263, 312]",[312]
457,MPI_YEAST,P29952,338,254,G,"[252, 302]",[302]
458,MPI_CAEEL,P34650,338,233,G,"[231, 280]",[280]
459,MPI_DICDI,Q54PA0,338,269,G,"[267, 316]",[316]
460,G5AL67_HETGA,G5AL67,338,250,G,"[248, 297]",[297]
461,MPI_MOUSE,Q924M7,338,250,G,"[248, 297]",[297]
462,MPI_RAT,Q68FX1,338,250,G,"[248, 297]",[297]
463,A0A3P9PED3_POERE,A0A3P9PED3,338,249,G,"[247, 296]",[296]
464,Q3ZB95_DANRE,Q3ZB95,338,249,G,"[247, 296]",[296]
465,D8SVH8_SELML,D8SVH8,338,242,G,"[240, 289]",[289]
466,MPI2_ARATH,Q9FZH5,338,270,G,"[268, 317]",[317]
467,A0A072TVL2_MEDTR,A0A072TVL2,338,253,G,"[251, 300]",[300]
468,B4FP68_MAIZE,B4FP68,338,262,G,"[260, 309]",[309]
469,Q2R1L4_ORYSJ,Q2R1L4,338,288,G,"[286, 335]",[335]
470,Q9VH77_DROME,Q9VH77,347,223,N,[127],[127]
471,MPI_YEAST,P29952,347,263,N,[150],[150]
472,MPI_DICDI,Q54PA0,347,277,N,[182],[182]
473,MPI_MOUSE,Q924M7,347,258,N,[151],[151]
474,MPI_RAT,Q68FX1,347,258,N,[151],[151]
475,A0A3P9PED3_POERE,A0A3P9PED3,347,257,N,[151],[151]
476,Q3ZB95_DANRE,Q3ZB95,347,257,N,[151],[151]
477,D8SVH8_SELML,D8SVH8,347,250,N,[146],[146]
478,A0A072TVL2_MEDTR,A0A072TVL2,347,261,N,[156],[156]
479,B4FP68_MAIZE,B4FP68,347,270,N,[164],[164]
480,Q2R1L4_ORYSJ,Q2R1L4,347,296,N,[190],[190]
481,Q9VH77_DROME,Q9VH77,351,227,L,[121],[121]
482,MPI_SCHPO,O43014,351,251,L,[134],[134]
483,MPI_EMENI,P29951,351,277,L,[142],[142]
484,MPI_YEAST,P29952,351,267,L,[144],[144]
485,MPI_CAEEL,P34650,351,245,L,[134],[134]
486,MPI_DICDI,Q54PA0,351,281,L,[176],[176]
487,G5AL67_HETGA,G5AL67,351,262,L,[145],[145]
488,MPI_MOUSE,Q924M7,351,262,L,[145],[145]
489,MPI_RAT,Q68FX1,351,262,L,[145],[145]
490,A0A3P9PED3_POERE,A0A3P9PED3,351,261,L,[145],[145]
491,Q3ZB95_DANRE,Q3ZB95,351,261,L,[145],[145]
492,D8SVH8_SELML,D8SVH8,351,254,L,[140],[140]
493,MPI2_ARATH,Q9FZH5,351,282,L,[166],[166]
494,A0A072TVL2_MEDTR,A0A072TVL2,351,265,L,[150],[150]
495,B4FP68_MAIZE,B4FP68,351,274,L,[158],[158]
496,Q2R1L4_ORYSJ,Q2R1L4,351,300,L,[184],[184]
497,Q9VH77_DROME,Q9VH77,354,230,G,[117],[117]
498,MPI_SCHPO,O43014,354,254,G,[130],[130]
499,MPI_EMENI,P29951,354,280,G,[138],[138]
500,MPI_YEAST,P29952,354,270,G,[140],[140]
501,MPI_CAEEL,P34650,354,248,G,[130],[130]
502,MPI_DICDI,Q54PA0,354,284,G,[172],[172]
503,G5AL67_HETGA,G5AL67,354,265,G,[141],[141]
504,MPI_MOUSE,Q924M7,354,265,G,[141],[141]
505,MPI_RAT,Q68FX1,354,265,G,[141],[141]
506,A0A3P9PED3_POERE,A0A3P9PED3,354,264,G,[141],[141]
507,Q3ZB95_DANRE,Q3ZB95,354,264,G,[141],[141]
508,D8SVH8_SELML,D8SVH8,354,257,G,[136],[136]
509,MPI2_ARATH,Q9FZH5,354,285,G,[162],[162]
510,A0A072TVL2_MEDTR,A0A072TVL2,354,268,G,[146],[146]
511,B4FP68_MAIZE,B4FP68,354,277,G,[154],[154]
512,Q2R1L4_ORYSJ,Q2R1L4,354,303,G,[180],[180]
513,Q2R1L4_ORYSJ,Q2R1L4,356,305,A,[180],[180]
514,Q9VH77_DROME,Q9VH77,365,241,H,"[85, 86, 242]","[85, 86]"
515,MPI_SCHPO,O43014,365,265,H,"[98, 99, 266]","[98, 99]"
516,MPI_EMENI,P29951,365,291,H,"[106, 107, 292]","[106, 107]"
517,MPI_YEAST,P29952,365,281,H,"[108, 109, 282]","[108, 109]"
518,MPI_CAEEL,P34650,365,259,H,"[98, 99, 260]","[98, 99]"
519,MPI_DICDI,Q54PA0,365,295,H,"[140, 141, 296]","[140, 141]"
520,G5AL67_HETGA,G5AL67,365,276,H,"[109, 110, 277]","[109, 110]"
521,MPI_MOUSE,Q924M7,365,276,H,"[109, 110, 277]","[109, 110]"
522,MPI_RAT,Q68FX1,365,276,H,"[109, 110, 277]","[109, 110]"
523,A0A3P9PED3_POERE,A0A3P9PED3,365,275,H,"[109, 110, 276]","[109, 110]"
524,Q3ZB95_DANRE,Q3ZB95,365,275,H,"[109, 110, 276]","[109, 110]"
525,D8SVH8_SELML,D8SVH8,365,268,H,"[104, 105, 269]","[104, 105]"
526,MPI2_ARATH,Q9FZH5,365,296,H,"[130, 131, 297]","[130, 131]"
527,A0A072TVL2_MEDTR,A0A072TVL2,365,279,H,"[114, 115, 280]","[114, 115]"
528,B4FP68_MAIZE,B4FP68,365,288,H,"[122, 123, 289]","[122, 123]"
529,Q2R1L4_ORYSJ,Q2R1L4,365,314,H,"[148, 149, 315]","[148, 149]"
530,Q9VH77_DROME,Q9VH77,366,242,A,"[83, 84, 85, 241, 243]","[83, 84, 85]"
531,MPI_SCHPO,O43014,366,266,A,"[96, 97, 98, 265, 267]","[96, 97, 98]"
532,MPI_EMENI,P29951,366,292,A,"[104, 106, 291, 293]","[104, 106]"
533,MPI_YEAST,P29952,366,282,A,"[106, 107, 108, 281, 283]","[106, 107, 108]"
534,MPI_CAEEL,P34650,366,260,A,"[96, 97, 98, 259, 261]","[96, 97, 98]"
535,MPI_DICDI,Q54PA0,366,296,A,"[138, 139, 140, 295, 297]","[138, 139, 140]"
536,G5AL67_HETGA,G5AL67,366,277,A,"[107, 108, 109, 276, 278]","[107, 108, 109]"
537,MPI_MOUSE,Q924M7,366,277,A,"[107, 108, 109, 276, 278]","[107, 108, 109]"
538,MPI_RAT,Q68FX1,366,277,A,"[107, 108, 109, 276, 278]","[107, 108, 109]"
539,A0A3P9PED3_POERE,A0A3P9PED3,366,276,A,"[107, 108, 109, 275, 277]","[107, 108, 109]"
540,Q3ZB95_DANRE,Q3ZB95,366,276,A,"[107, 108, 109, 275, 277]","[107, 108, 109]"
541,D8SVH8_SELML,D8SVH8,366,269,A,"[102, 103, 104, 268, 270]","[102, 103, 104]"
542,MPI2_ARATH,Q9FZH5,366,297,A,"[128, 129, 130, 296, 298]","[128, 129, 130]"
543,A0A072TVL2_MEDTR,A0A072TVL2,366,280,A,"[112, 113, 114, 279, 281]","[112, 113, 114]"
544,B4FP68_MAIZE,B4FP68,366,289,A,"[120, 121, 122, 288, 290]","[120, 121, 122]"
545,Q2R1L4_ORYSJ,Q2R1L4,366,315,A,"[146, 147, 148, 314, 316]","[146, 147, 148]"
546,Q9VH77_DROME,Q9VH77,367,243,Y,"[83, 242]",[83]
547,MPI_SCHPO,O43014,367,267,Y,"[96, 266]",[96]
548,MPI_EMENI,P29951,367,293,Y,"[104, 292]",[104]
549,MPI_YEAST,P29952,367,283,Y,"[106, 282]",[106]
550,MPI_CAEEL,P34650,367,261,Y,"[96, 260]",[96]
551,MPI_DICDI,Q54PA0,367,297,Y,"[138, 296]",[138]
552,G5AL67_HETGA,G5AL67,367,278,Y,"[107, 277]",[107]
553,MPI_MOUSE,Q924M7,367,278,Y,"[107, 277]",[107]
554,MPI_RAT,Q68FX1,367,278,Y,"[107, 277]",[107]
555,A0A3P9PED3_POERE,A0A3P9PED3,367,277,Y,"[107, 276]",[107]
556,Q3ZB95_DANRE,Q3ZB95,367,277,Y,"[107, 276]",[107]
557,D8SVH8_SELML,D8SVH8,367,270,Y,"[102, 269]",[102]
558,MPI2_ARATH,Q9FZH5,367,298,Y,"[128, 297]",[128]
559,A0A072TVL2_MEDTR,A0A072TVL2,367,281,Y,"[112, 280]",[112]
560,B4FP68_MAIZE,B4FP68,367,290,Y,"[120, 289]",[120]
561,Q2R1L4_ORYSJ,Q2R1L4,367,316,Y,"[146, 315]",[146]
562,Q9VH77_DROME,Q9VH77,370,246,G,"[119, 121]","[119, 121]"
563,MPI_SCHPO,O43014,370,270,G,"[132, 134]","[132, 134]"
564,MPI_EMENI,P29951,370,296,G,"[140, 142]","[140, 142]"
565,MPI_YEAST,P29952,370,286,G,"[142, 144]","[142, 144]"
566,MPI_CAEEL,P34650,370,264,G,"[132, 134]","[132, 134]"
567,MPI_DICDI,Q54PA0,370,300,G,"[174, 176]","[174, 176]"
568,G5AL67_HETGA,G5AL67,370,281,G,[145],[145]
569,MPI_MOUSE,Q924M7,370,281,G,"[102, 143, 145]","[102, 143, 145]"
570,MPI_RAT,Q68FX1,370,281,G,"[102, 143, 145]","[102, 143, 145]"
571,A0A3P9PED3_POERE,A0A3P9PED3,370,280,G,"[143, 145]","[143, 145]"
572,Q3ZB95_DANRE,Q3ZB95,370,280,G,"[143, 145]","[143, 145]"
573,D8SVH8_SELML,D8SVH8,370,273,G,"[138, 140]","[138, 140]"
574,MPI2_ARATH,Q9FZH5,370,301,G,"[164, 166]","[164, 166]"
575,A0A072TVL2_MEDTR,A0A072TVL2,370,284,G,"[148, 150]","[148, 150]"
576,B4FP68_MAIZE,B4FP68,370,293,G,"[156, 158]","[156, 158]"
577,Q2R1L4_ORYSJ,Q2R1L4,370,319,G,"[182, 184]","[182, 184]"
578,Q9VH77_DROME,Q9VH77,374,250,E,"[74, 75, 76, 251]","[74, 75, 76]"
579,MPI_SCHPO,O43014,374,274,E,"[88, 275]",[88]
580,MPI_EMENI,P29951,374,300,E,"[96, 301]",[96]
581,MPI_YEAST,P29952,374,290,E,"[97, 98, 291]","[97, 98]"
582,MPI_CAEEL,P34650,374,268,E,"[87, 88, 269]","[87, 88]"
583,MPI_DICDI,Q54PA0,374,304,E,"[129, 130, 131, 305]","[129, 130, 131]"
584,G5AL67_HETGA,G5AL67,374,285,E,"[99, 100, 286]","[99, 100]"
585,MPI_MOUSE,Q924M7,374,285,E,"[98, 99, 100, 286]","[98, 99, 100]"
586,MPI_RAT,Q68FX1,374,285,E,"[99, 100, 286]","[99, 100]"
587,A0A3P9PED3_POERE,A0A3P9PED3,374,284,E,"[99, 100, 285]","[99, 100]"
588,Q3ZB95_DANRE,Q3ZB95,374,284,E,"[98, 99, 100, 285]","[98, 99, 100]"
589,D8SVH8_SELML,D8SVH8,374,277,E,"[93, 94, 95, 278]","[93, 94, 95]"
590,MPI2_ARATH,Q9FZH5,374,305,E,"[119, 120, 121, 306]","[119, 120, 121]"
591,A0A072TVL2_MEDTR,A0A072TVL2,374,288,E,"[104, 105, 289]","[104, 105]"
592,B4FP68_MAIZE,B4FP68,374,297,E,"[112, 113, 298]","[112, 113]"
593,Q2R1L4_ORYSJ,Q2R1L4,374,323,E,"[138, 139, 324]","[138, 139]"
594,Q9VH77_DROME,Q9VH77,375,251,C,"[73, 74, 113, 250, 252]","[73, 74, 113]"
595,MPI_SCHPO,O43014,375,275,C,"[86, 87, 126, 274, 276]","[86, 87, 126]"
596,MPI_EMENI,P29951,375,301,C,"[94, 95, 134, 300, 302]","[94, 95, 134]"
597,MPI_YEAST,P29952,375,291,C,"[96, 97, 136, 290, 292]","[96, 97, 136]"
598,MPI_CAEEL,P34650,375,269,C,"[86, 87, 126, 268, 270]","[86, 87, 126]"
599,MPI_DICDI,Q54PA0,375,305,C,"[128, 129, 168, 304, 306]","[128, 129, 168]"
600,G5AL67_HETGA,G5AL67,375,286,C,"[97, 98, 137, 285, 287]","[97, 98, 137]"
601,MPI_MOUSE,Q924M7,375,286,C,"[97, 98, 137, 285, 287]","[97, 98, 137]"
602,MPI_RAT,Q68FX1,375,286,C,"[97, 98, 137, 285, 287]","[97, 98, 137]"
603,A0A3P9PED3_POERE,A0A3P9PED3,375,285,C,"[97, 98, 137, 284, 286]","[97, 98, 137]"
604,Q3ZB95_DANRE,Q3ZB95,375,285,C,"[97, 98, 137, 284, 286]","[97, 98, 137]"
605,D8SVH8_SELML,D8SVH8,375,278,C,"[92, 93, 132, 277, 279]","[92, 93, 132]"
606,MPI2_ARATH,Q9FZH5,375,306,C,"[118, 119, 158, 305, 307]","[118, 119, 158]"
607,A0A072TVL2_MEDTR,A0A072TVL2,375,289,C,"[102, 103, 142, 288, 290]","[102, 103, 142]"
608,B4FP68_MAIZE,B4FP68,375,298,C,"[110, 111, 150, 297, 299]","[110, 111, 150]"
609,Q2R1L4_ORYSJ,Q2R1L4,375,324,C,"[136, 137, 176, 323, 325]","[136, 137, 176]"
610,Q9VH77_DROME,Q9VH77,376,252,M,"[73, 112, 113, 251, 253]","[73, 112, 113]"
611,MPI_SCHPO,O43014,376,276,M,"[86, 125, 126, 275, 277]","[86, 125, 126]"
612,MPI_EMENI,P29951,376,302,M,"[94, 133, 134, 301, 303]","[94, 133, 134]"
613,MPI_YEAST,P29952,376,292,M,"[96, 135, 136, 291, 293]","[96, 135, 136]"
614,MPI_CAEEL,P34650,376,270,M,"[86, 125, 126, 269, 271]","[86, 125, 126]"
615,MPI_DICDI,Q54PA0,376,306,M,"[128, 167, 168, 305, 307]","[128, 167, 168]"
616,G5AL67_HETGA,G5AL67,376,287,M,"[97, 136, 137, 286, 288]","[97, 136, 137]"
617,MPI_MOUSE,Q924M7,376,287,M,"[97, 136, 137, 286, 288]","[97, 136, 137]"
618,MPI_RAT,Q68FX1,376,287,M,"[97, 136, 137, 286, 288]","[97, 136, 137]"
619,A0A3P9PED3_POERE,A0A3P9PED3,376,286,M,"[97, 136, 137, 285, 287]","[97, 136, 137]"
620,Q3ZB95_DANRE,Q3ZB95,376,286,M,"[97, 136, 137, 285, 287]","[97, 136, 137]"
621,D8SVH8_SELML,D8SVH8,376,279,M,"[92, 131, 132, 278, 280]","[92, 131, 132]"
622,MPI2_ARATH,Q9FZH5,376,307,M,"[118, 157, 158, 306, 308]","[118, 157, 158]"
623,A0A072TVL2_MEDTR,A0A072TVL2,376,290,M,"[102, 141, 142, 289, 291]","[102, 141, 142]"
624,B4FP68_MAIZE,B4FP68,376,299,M,"[110, 149, 150, 298, 300]","[110, 149, 150]"
625,Q2R1L4_ORYSJ,Q2R1L4,376,325,M,"[136, 175, 176, 324, 326]","[136, 175, 176]"
626,Q9VH77_DROME,Q9VH77,377,253,A,"[111, 112, 252]","[111, 112]"
627,MPI_SCHPO,O43014,377,277,A,"[124, 125, 276, 279]","[124, 125]"
628,MPI_EMENI,P29951,377,303,A,"[132, 133, 302]","[132, 133]"
629,MPI_YEAST,P29952,377,293,A,"[134, 135, 292, 295]","[134, 135]"
630,MPI_CAEEL,P34650,377,271,A,"[124, 125, 270, 273]","[124, 125]"
631,MPI_DICDI,Q54PA0,377,307,A,"[166, 167, 306, 309]","[166, 167]"
632,G5AL67_HETGA,G5AL67,377,288,A,"[135, 136, 287]","[135, 136]"
633,MPI_MOUSE,Q924M7,377,288,A,"[135, 136, 287, 290]","[135, 136]"
634,MPI_RAT,Q68FX1,377,288,A,"[135, 136, 287, 290]","[135, 136]"
635,A0A3P9PED3_POERE,A0A3P9PED3,377,287,A,"[135, 136, 286]","[135, 136]"
636,Q3ZB95_DANRE,Q3ZB95,377,287,A,"[135, 136, 286, 289]","[135, 136]"
637,D8SVH8_SELML,D8SVH8,377,280,A,"[130, 131, 279]","[130, 131]"
638,MPI2_ARATH,Q9FZH5,377,308,A,"[156, 157, 307, 310]","[156, 157]"
639,A0A072TVL2_MEDTR,A0A072TVL2,377,291,A,"[140, 141, 290]","[140, 141]"
640,B4FP68_MAIZE,B4FP68,377,300,A,"[148, 149, 299]","[148, 149]"
641,Q2R1L4_ORYSJ,Q2R1L4,377,326,A,"[174, 175, 325]","[174, 175]"
642,Q9VH77_DROME,Q9VH77,379,255,S,"[111, 256, 257]",[111]
643,MPI_SCHPO,O43014,379,279,S,"[124, 277, 280, 281]",[124]
644,MPI_EMENI,P29951,379,305,S,"[132, 306, 307]",[132]
645,MPI_YEAST,P29952,379,295,S,"[134, 293, 296, 297]",[134]
646,MPI_CAEEL,P34650,379,273,S,"[124, 271, 274, 275]",[124]
647,MPI_DICDI,Q54PA0,379,309,S,"[166, 307, 310, 311]",[166]
648,G5AL67_HETGA,G5AL67,379,290,S,"[135, 291, 292]",[135]
649,MPI_MOUSE,Q924M7,379,290,S,"[135, 288, 291, 292]",[135]
650,MPI_RAT,Q68FX1,379,290,S,"[135, 288, 291, 292]",[135]
651,A0A3P9PED3_POERE,A0A3P9PED3,379,289,S,"[135, 290, 291]",[135]
652,Q3ZB95_DANRE,Q3ZB95,379,289,S,"[135, 287, 290, 291]",[135]
653,D8SVH8_SELML,D8SVH8,379,282,S,"[130, 283, 284]",[130]
654,MPI2_ARATH,Q9FZH5,379,310,S,"[156, 308, 311, 312]",[156]
655,A0A072TVL2_MEDTR,A0A072TVL2,379,293,S,"[140, 294, 295]",[140]
656,B4FP68_MAIZE,B4FP68,379,302,S,"[148, 303, 304]",[148]
657,Q2R1L4_ORYSJ,Q2R1L4,379,328,S,"[174, 329, 330]",[174]
658,Q9VH77_DROME,Q9VH77,381,257,N,"[105, 255, 256]",[105]
659,MPI_SCHPO,O43014,381,281,N,"[118, 279, 280]",[118]
660,MPI_EMENI,P29951,381,307,N,"[126, 305, 306]",[126]
661,MPI_YEAST,P29952,381,297,N,"[128, 295, 296]",[128]
662,MPI_CAEEL,P34650,381,275,N,"[118, 273, 274]",[118]
663,MPI_DICDI,Q54PA0,381,311,N,"[160, 309, 310]",[160]
664,G5AL67_HETGA,G5AL67,381,292,N,"[129, 290, 291]",[129]
665,MPI_MOUSE,Q924M7,381,292,N,"[129, 290, 291]",[129]
666,MPI_RAT,Q68FX1,381,292,N,"[129, 290, 291]",[129]
667,A0A3P9PED3_POERE,A0A3P9PED3,381,291,N,"[129, 289, 290]",[129]
668,Q3ZB95_DANRE,Q3ZB95,381,291,N,"[129, 289, 290]",[129]
669,D8SVH8_SELML,D8SVH8,381,284,N,"[124, 282, 283]",[124]
670,MPI2_ARATH,Q9FZH5,381,312,N,"[150, 310, 311]",[150]
671,A0A072TVL2_MEDTR,A0A072TVL2,381,295,N,"[134, 293, 294]",[134]
672,B4FP68_MAIZE,B4FP68,381,304,N,"[142, 302, 303]",[142]
673,Q2R1L4_ORYSJ,Q2R1L4,381,330,N,"[168, 328, 329]",[168]
674,Q9VH77_DROME,Q9VH77,384,260,R,"[85, 86]","[85, 86]"
675,MPI_SCHPO,O43014,384,284,R,"[98, 99]","[98, 99]"
676,MPI_EMENI,P29951,384,310,R,"[106, 107]","[106, 107]"
677,MPI_YEAST,P29952,384,300,R,"[108, 109]","[108, 109]"
678,MPI_CAEEL,P34650,384,278,R,"[98, 99, 280]","[98, 99]"
679,MPI_DICDI,Q54PA0,384,314,R,"[140, 141]","[140, 141]"
680,G5AL67_HETGA,G5AL67,384,295,R,"[109, 110, 297]","[109, 110]"
681,MPI_MOUSE,Q924M7,384,295,R,"[109, 110, 304]","[109, 110]"
682,MPI_RAT,Q68FX1,384,295,R,"[109, 110, 304]","[109, 110]"
683,A0A3P9PED3_POERE,A0A3P9PED3,384,294,R,"[109, 110]","[109, 110]"
684,Q3ZB95_DANRE,Q3ZB95,384,294,R,"[109, 110, 303]","[109, 110]"
685,D8SVH8_SELML,D8SVH8,384,287,R,"[104, 105]","[104, 105]"
686,MPI2_ARATH,Q9FZH5,384,315,R,"[130, 131, 317]","[130, 131]"
687,A0A072TVL2_MEDTR,A0A072TVL2,384,298,R,"[114, 115]","[114, 115]"
688,B4FP68_MAIZE,B4FP68,384,307,R,"[122, 123, 309]","[122, 123]"
689,Q2R1L4_ORYSJ,Q2R1L4,384,333,R,"[148, 149]","[148, 149]"
690,Q9VH77_DROME,Q9VH77,386,262,G,"[84, 85, 215, 264]","[84, 85, 215]"
691,MPI_SCHPO,O43014,386,286,G,"[97, 98, 239, 288]","[97, 98, 239]"
692,MPI_EMENI,P29951,386,312,G,"[105, 106, 265, 314]","[105, 106, 265]"
693,MPI_YEAST,P29952,386,302,G,"[107, 108, 254, 304]","[107, 108, 254]"
694,MPI_CAEEL,P34650,386,280,G,"[97, 98, 233, 278, 282]","[97, 98, 233]"
695,MPI_DICDI,Q54PA0,386,316,G,"[139, 140, 269, 318]","[139, 140, 269]"
696,G5AL67_HETGA,G5AL67,386,297,G,"[108, 109, 250, 295, 299]","[108, 109, 250]"
697,MPI_MOUSE,Q924M7,386,297,G,"[108, 109, 250, 299]","[108, 109, 250]"
698,MPI_RAT,Q68FX1,386,297,G,"[108, 109, 250, 299]","[108, 109, 250]"
699,A0A3P9PED3_POERE,A0A3P9PED3,386,296,G,"[108, 109, 249, 298]","[108, 109, 249]"
700,Q3ZB95_DANRE,Q3ZB95,386,296,G,"[108, 109, 249, 298]","[108, 109, 249]"
701,D8SVH8_SELML,D8SVH8,386,289,G,"[103, 104, 242, 291]","[103, 104, 242]"
702,MPI2_ARATH,Q9FZH5,386,317,G,"[129, 130, 270, 315, 319]","[129, 130, 270]"
703,A0A072TVL2_MEDTR,A0A072TVL2,386,300,G,"[113, 114, 253, 302]","[113, 114, 253]"
704,B4FP68_MAIZE,B4FP68,386,309,G,"[121, 122, 262, 307, 311]","[121, 122, 262]"
705,Q2R1L4_ORYSJ,Q2R1L4,386,335,G,"[147, 148, 288, 337]","[147, 148, 288]"
706,Q9VH77_DROME,Q9VH77,388,264,T,"[84, 262, 266]",[84]
707,MPI_SCHPO,O43014,388,288,T,"[97, 286, 290]",[97]
708,MPI_EMENI,P29951,388,314,T,"[105, 312, 316]",[105]
709,MPI_YEAST,P29952,388,304,T,"[107, 302, 306]",[107]
710,MPI_CAEEL,P34650,388,282,T,"[97, 280, 284]",[97]
711,MPI_DICDI,Q54PA0,388,318,T,"[139, 316, 320]",[139]
712,G5AL67_HETGA,G5AL67,388,299,T,"[108, 297, 301]",[108]
713,MPI_MOUSE,Q924M7,388,299,T,"[108, 297, 301]",[108]
714,MPI_RAT,Q68FX1,388,299,T,"[108, 297, 301]",[108]
715,A0A3P9PED3_POERE,A0A3P9PED3,388,298,T,"[108, 296, 300]",[108]
716,Q3ZB95_DANRE,Q3ZB95,388,298,T,"[108, 296, 300]",[108]
717,D8SVH8_SELML,D8SVH8,388,291,T,"[103, 289, 293]",[103]
718,MPI2_ARATH,Q9FZH5,388,319,T,"[129, 317, 321]",[129]
719,A0A072TVL2_MEDTR,A0A072TVL2,388,302,T,"[113, 300, 304]",[113]
720,B4FP68_MAIZE,B4FP68,388,311,T,"[121, 309, 313]",[121]
721,Q2R1L4_ORYSJ,Q2R1L4,388,337,T,"[147, 335, 339]",[147]
