,entry_id,uniprot_id,MSA_pos,seq_pos,residue
0,Q9VH77_DROME,Q9VH77,53,3,L
1,MPI_SCHPO,O43014,53,4,L
2,MPI_EMENI,P29951,53,8,L
3,MPI_YEAST,P29952,53,8,L
4,MPI_CAEEL,P34650,53,5,L
5,MPI_DICDI,Q54PA0,53,24,L
6,G5AL67_HETGA,G5AL67,53,9,L
7,A0A8I3P413_CANLF,A0A8I3P413,53,9,L
8,MPI_MOUSE,Q924M7,53,9,L
9,MPI_RAT,Q68FX1,53,9,L
10,A0A3P9PED3_POERE,A0A3P9PED3,53,9,L
11,Q3ZB95_DANRE,Q3ZB95,53,9,L
12,D8SVH8_SELML,D8SVH8,53,4,L
13,MPI2_ARATH,Q9FZH5,53,25,L
14,A0A072TVL2_MEDTR,A0A072TVL2,53,13,L
15,B4FP68_MAIZE,B4FP68,53,29,L
16,Q2R1L4_ORYSJ,Q2R1L4,53,53,L
17,Q9VH77_DROME,Q9VH77,60,10,Y
18,MPI_SCHPO,O43014,60,11,Y
19,MPI_EMENI,P29951,60,15,Y
20,MPI_YEAST,P29952,60,15,Y
21,MPI_CAEEL,P34650,60,12,Y
22,MPI_DICDI,Q54PA0,60,31,Y
23,G5AL67_HETGA,G5AL67,60,16,Y
24,A0A8I3P413_CANLF,A0A8I3P413,60,16,Y
25,MPI_MOUSE,Q924M7,60,16,Y
26,MPI_RAT,Q68FX1,60,16,Y
27,A0A3P9PED3_POERE,A0A3P9PED3,60,16,Y
28,Q3ZB95_DANRE,Q3ZB95,60,16,Y
29,D8SVH8_SELML,D8SVH8,60,11,Y
30,MPI2_ARATH,Q9FZH5,60,32,Y
31,A0A072TVL2_MEDTR,A0A072TVL2,60,20,Y
32,B4FP68_MAIZE,B4FP68,60,36,Y
33,Q2R1L4_ORYSJ,Q2R1L4,60,60,Y
34,Q9VH77_DROME,Q9VH77,62,12,W
35,MPI_SCHPO,O43014,62,13,W
36,MPI_EMENI,P29951,62,17,W
37,MPI_YEAST,P29952,62,17,W
38,MPI_CAEEL,P34650,62,14,W
39,MPI_DICDI,Q54PA0,62,33,W
40,G5AL67_HETGA,G5AL67,62,18,W
41,A0A8I3P413_CANLF,A0A8I3P413,62,18,W
42,MPI_MOUSE,Q924M7,62,18,W
43,MPI_RAT,Q68FX1,62,18,W
44,A0A3P9PED3_POERE,A0A3P9PED3,62,18,W
45,Q3ZB95_DANRE,Q3ZB95,62,18,W
46,D8SVH8_SELML,D8SVH8,62,13,W
47,MPI2_ARATH,Q9FZH5,62,34,W
48,A0A072TVL2_MEDTR,A0A072TVL2,62,22,W
49,B4FP68_MAIZE,B4FP68,62,38,W
50,Q2R1L4_ORYSJ,Q2R1L4,62,62,W
51,Q9VH77_DROME,Q9VH77,63,13,G
52,MPI_SCHPO,O43014,63,14,G
53,MPI_EMENI,P29951,63,18,G
54,MPI_YEAST,P29952,63,18,G
55,MPI_CAEEL,P34650,63,15,G
56,MPI_DICDI,Q54PA0,63,34,G
57,G5AL67_HETGA,G5AL67,63,19,G
58,A0A8I3P413_CANLF,A0A8I3P413,63,19,G
59,MPI_MOUSE,Q924M7,63,19,G
60,MPI_RAT,Q68FX1,63,19,G
61,A0A3P9PED3_POERE,A0A3P9PED3,63,19,G
62,Q3ZB95_DANRE,Q3ZB95,63,19,G
63,D8SVH8_SELML,D8SVH8,63,14,G
64,MPI2_ARATH,Q9FZH5,63,35,G
65,A0A072TVL2_MEDTR,A0A072TVL2,63,23,G
66,B4FP68_MAIZE,B4FP68,63,39,G
67,Q2R1L4_ORYSJ,Q2R1L4,63,63,G
68,Q9VH77_DROME,Q9VH77,69,19,S
69,MPI_SCHPO,O43014,69,20,S
70,MPI_EMENI,P29951,69,24,S
71,MPI_YEAST,P29952,69,24,S
72,MPI_CAEEL,P34650,69,21,S
73,MPI_DICDI,Q54PA0,69,40,S
74,G5AL67_HETGA,G5AL67,69,25,S
75,A0A8I3P413_CANLF,A0A8I3P413,69,25,S
76,MPI_MOUSE,Q924M7,69,25,S
77,MPI_RAT,Q68FX1,69,25,S
78,A0A3P9PED3_POERE,A0A3P9PED3,69,25,S
79,Q3ZB95_DANRE,Q3ZB95,69,25,S
80,D8SVH8_SELML,D8SVH8,69,20,S
81,MPI2_ARATH,Q9FZH5,69,41,S
82,A0A072TVL2_MEDTR,A0A072TVL2,69,29,S
83,B4FP68_MAIZE,B4FP68,69,45,S
84,Q2R1L4_ORYSJ,Q2R1L4,69,69,S
85,Q9VH77_DROME,Q9VH77,93,40,Y
86,MPI_SCHPO,O43014,93,40,Y
87,MPI_EMENI,P29951,93,46,Y
88,MPI_YEAST,P29952,93,45,Y
89,MPI_CAEEL,P34650,93,42,Y
90,MPI_DICDI,Q54PA0,93,63,Y
91,G5AL67_HETGA,G5AL67,93,46,Y
92,A0A8I3P413_CANLF,A0A8I3P413,93,46,Y
93,MPI_MOUSE,Q924M7,93,46,Y
94,MPI_RAT,Q68FX1,93,46,Y
95,A0A3P9PED3_POERE,A0A3P9PED3,93,46,Y
96,Q3ZB95_DANRE,Q3ZB95,93,46,Y
97,D8SVH8_SELML,D8SVH8,93,40,Y
98,MPI2_ARATH,Q9FZH5,93,61,Y
99,A0A072TVL2_MEDTR,A0A072TVL2,93,49,Y
100,B4FP68_MAIZE,B4FP68,93,62,Y
101,Q2R1L4_ORYSJ,Q2R1L4,93,86,Y
102,Q9VH77_DROME,Q9VH77,94,41,A
103,MPI_SCHPO,O43014,94,41,A
104,MPI_EMENI,P29951,94,47,A
105,MPI_YEAST,P29952,94,46,A
106,MPI_CAEEL,P34650,94,43,A
107,MPI_DICDI,Q54PA0,94,64,A
108,G5AL67_HETGA,G5AL67,94,47,A
109,A0A8I3P413_CANLF,A0A8I3P413,94,47,A
110,MPI_MOUSE,Q924M7,94,47,A
111,MPI_RAT,Q68FX1,94,47,A
112,A0A3P9PED3_POERE,A0A3P9PED3,94,47,A
113,Q3ZB95_DANRE,Q3ZB95,94,47,A
114,D8SVH8_SELML,D8SVH8,94,41,A
115,MPI2_ARATH,Q9FZH5,94,62,A
116,A0A072TVL2_MEDTR,A0A072TVL2,94,50,A
117,B4FP68_MAIZE,B4FP68,94,63,A
118,Q2R1L4_ORYSJ,Q2R1L4,94,87,A
119,Q9VH77_DROME,Q9VH77,95,42,E
120,MPI_SCHPO,O43014,95,42,E
121,MPI_EMENI,P29951,95,48,E
122,MPI_YEAST,P29952,95,47,E
123,MPI_CAEEL,P34650,95,44,E
124,MPI_DICDI,Q54PA0,95,65,E
125,G5AL67_HETGA,G5AL67,95,48,E
126,A0A8I3P413_CANLF,A0A8I3P413,95,48,E
127,MPI_MOUSE,Q924M7,95,48,E
128,MPI_RAT,Q68FX1,95,48,E
129,A0A3P9PED3_POERE,A0A3P9PED3,95,48,E
130,Q3ZB95_DANRE,Q3ZB95,95,48,E
131,D8SVH8_SELML,D8SVH8,95,42,E
132,MPI2_ARATH,Q9FZH5,95,63,E
133,A0A072TVL2_MEDTR,A0A072TVL2,95,51,E
134,B4FP68_MAIZE,B4FP68,95,64,E
135,Q2R1L4_ORYSJ,Q2R1L4,95,88,E
136,Q9VH77_DROME,Q9VH77,97,44,W
137,MPI_SCHPO,O43014,97,44,W
138,MPI_EMENI,P29951,97,50,W
139,MPI_YEAST,P29952,97,49,W
140,MPI_CAEEL,P34650,97,46,W
141,MPI_DICDI,Q54PA0,97,67,W
142,G5AL67_HETGA,G5AL67,97,50,W
143,A0A8I3P413_CANLF,A0A8I3P413,97,50,W
144,MPI_MOUSE,Q924M7,97,50,W
145,MPI_RAT,Q68FX1,97,50,W
146,A0A3P9PED3_POERE,A0A3P9PED3,97,50,W
147,Q3ZB95_DANRE,Q3ZB95,97,50,W
148,D8SVH8_SELML,D8SVH8,97,44,W
149,MPI2_ARATH,Q9FZH5,97,65,W
150,A0A072TVL2_MEDTR,A0A072TVL2,97,53,W
151,B4FP68_MAIZE,B4FP68,97,66,W
152,Q2R1L4_ORYSJ,Q2R1L4,97,90,W
153,Q9VH77_DROME,Q9VH77,99,46,G
154,MPI_SCHPO,O43014,99,46,G
155,MPI_EMENI,P29951,99,52,G
156,MPI_YEAST,P29952,99,51,G
157,MPI_CAEEL,P34650,99,48,G
158,MPI_DICDI,Q54PA0,99,69,G
159,G5AL67_HETGA,G5AL67,99,52,G
160,A0A8I3P413_CANLF,A0A8I3P413,99,52,G
161,MPI_MOUSE,Q924M7,99,52,G
162,MPI_RAT,Q68FX1,99,52,G
163,A0A3P9PED3_POERE,A0A3P9PED3,99,52,G
164,Q3ZB95_DANRE,Q3ZB95,99,52,G
165,D8SVH8_SELML,D8SVH8,99,46,G
166,MPI2_ARATH,Q9FZH5,99,67,G
167,A0A072TVL2_MEDTR,A0A072TVL2,99,55,G
168,B4FP68_MAIZE,B4FP68,99,68,G
169,Q2R1L4_ORYSJ,Q2R1L4,99,92,G
170,Q9VH77_DROME,Q9VH77,101,48,H
171,MPI_SCHPO,O43014,101,48,H
172,MPI_EMENI,P29951,101,54,H
173,MPI_YEAST,P29952,101,53,H
174,MPI_CAEEL,P34650,101,50,H
175,MPI_DICDI,Q54PA0,101,71,H
176,G5AL67_HETGA,G5AL67,101,54,H
177,A0A8I3P413_CANLF,A0A8I3P413,101,54,H
178,MPI_MOUSE,Q924M7,101,54,H
179,MPI_RAT,Q68FX1,101,54,H
180,A0A3P9PED3_POERE,A0A3P9PED3,101,54,H
181,Q3ZB95_DANRE,Q3ZB95,101,54,H
182,D8SVH8_SELML,D8SVH8,101,48,H
183,MPI2_ARATH,Q9FZH5,101,69,H
184,A0A072TVL2_MEDTR,A0A072TVL2,101,57,H
185,B4FP68_MAIZE,B4FP68,101,70,H
186,Q2R1L4_ORYSJ,Q2R1L4,101,94,H
187,Q9VH77_DROME,Q9VH77,124,62,L
188,MPI_SCHPO,O43014,124,62,L
189,MPI_EMENI,P29951,124,68,L
190,MPI_YEAST,P29952,124,67,L
191,MPI_CAEEL,P34650,124,64,L
192,MPI_DICDI,Q54PA0,124,87,L
193,G5AL67_HETGA,G5AL67,124,71,L
194,A0A8I3P413_CANLF,A0A8I3P413,124,71,L
195,MPI_MOUSE,Q924M7,124,71,L
196,MPI_RAT,Q68FX1,124,71,L
197,A0A3P9PED3_POERE,A0A3P9PED3,124,71,L
198,Q3ZB95_DANRE,Q3ZB95,124,71,L
199,D8SVH8_SELML,D8SVH8,124,66,L
200,MPI2_ARATH,Q9FZH5,124,92,L
201,A0A072TVL2_MEDTR,A0A072TVL2,124,75,L
202,B4FP68_MAIZE,B4FP68,124,84,L
203,Q2R1L4_ORYSJ,Q2R1L4,124,108,L
204,Q9VH77_DROME,Q9VH77,167,73,L
205,MPI_SCHPO,O43014,167,86,L
206,MPI_EMENI,P29951,167,94,L
207,MPI_YEAST,P29952,167,96,L
208,MPI_CAEEL,P34650,167,86,L
209,MPI_DICDI,Q54PA0,167,128,L
210,G5AL67_HETGA,G5AL67,167,97,L
211,A0A8I3P413_CANLF,A0A8I3P413,167,97,L
212,MPI_MOUSE,Q924M7,167,97,L
213,MPI_RAT,Q68FX1,167,97,L
214,A0A3P9PED3_POERE,A0A3P9PED3,167,97,L
215,Q3ZB95_DANRE,Q3ZB95,167,97,L
216,D8SVH8_SELML,D8SVH8,167,92,L
217,MPI2_ARATH,Q9FZH5,167,118,L
218,A0A072TVL2_MEDTR,A0A072TVL2,167,102,L
219,B4FP68_MAIZE,B4FP68,167,110,L
220,Q2R1L4_ORYSJ,Q2R1L4,167,136,L
221,Q9VH77_DROME,Q9VH77,168,74,F
222,MPI_SCHPO,O43014,168,87,F
223,MPI_EMENI,P29951,168,95,F
224,MPI_YEAST,P29952,168,97,F
225,MPI_CAEEL,P34650,168,87,F
226,MPI_DICDI,Q54PA0,168,129,F
227,G5AL67_HETGA,G5AL67,168,98,F
228,A0A8I3P413_CANLF,A0A8I3P413,168,98,F
229,MPI_MOUSE,Q924M7,168,98,F
230,MPI_RAT,Q68FX1,168,98,F
231,A0A3P9PED3_POERE,A0A3P9PED3,168,98,F
232,Q3ZB95_DANRE,Q3ZB95,168,98,F
233,D8SVH8_SELML,D8SVH8,168,93,F
234,MPI2_ARATH,Q9FZH5,168,119,F
235,A0A072TVL2_MEDTR,A0A072TVL2,168,103,F
236,B4FP68_MAIZE,B4FP68,168,111,F
237,Q2R1L4_ORYSJ,Q2R1L4,168,137,F
238,Q9VH77_DROME,Q9VH77,169,75,K
239,MPI_SCHPO,O43014,169,88,K
240,MPI_EMENI,P29951,169,96,K
241,MPI_YEAST,P29952,169,98,K
242,MPI_CAEEL,P34650,169,88,K
243,MPI_DICDI,Q54PA0,169,130,K
244,G5AL67_HETGA,G5AL67,169,99,K
245,A0A8I3P413_CANLF,A0A8I3P413,169,99,K
246,MPI_MOUSE,Q924M7,169,99,K
247,MPI_RAT,Q68FX1,169,99,K
248,A0A3P9PED3_POERE,A0A3P9PED3,169,99,K
249,Q3ZB95_DANRE,Q3ZB95,169,99,K
250,D8SVH8_SELML,D8SVH8,169,94,K
251,MPI2_ARATH,Q9FZH5,169,120,K
252,A0A072TVL2_MEDTR,A0A072TVL2,169,104,K
253,B4FP68_MAIZE,B4FP68,169,112,K
254,Q2R1L4_ORYSJ,Q2R1L4,169,138,K
255,Q9VH77_DROME,Q9VH77,170,76,V
256,MPI_SCHPO,O43014,170,89,V
257,MPI_EMENI,P29951,170,97,V
258,MPI_YEAST,P29952,170,99,V
259,MPI_CAEEL,P34650,170,89,V
260,MPI_DICDI,Q54PA0,170,131,V
261,G5AL67_HETGA,G5AL67,170,100,V
262,A0A8I3P413_CANLF,A0A8I3P413,170,100,V
263,MPI_MOUSE,Q924M7,170,100,V
264,MPI_RAT,Q68FX1,170,100,V
265,A0A3P9PED3_POERE,A0A3P9PED3,170,100,V
266,Q3ZB95_DANRE,Q3ZB95,170,100,V
267,D8SVH8_SELML,D8SVH8,170,95,V
268,MPI2_ARATH,Q9FZH5,170,121,V
269,A0A072TVL2_MEDTR,A0A072TVL2,170,105,V
270,B4FP68_MAIZE,B4FP68,170,113,V
271,Q2R1L4_ORYSJ,Q2R1L4,170,139,V
272,Q9VH77_DROME,Q9VH77,171,77,L
273,MPI_SCHPO,O43014,171,90,L
274,MPI_EMENI,P29951,171,98,L
275,MPI_YEAST,P29952,171,100,L
276,MPI_CAEEL,P34650,171,90,L
277,MPI_DICDI,Q54PA0,171,132,L
278,G5AL67_HETGA,G5AL67,171,101,L
279,A0A8I3P413_CANLF,A0A8I3P413,171,101,L
280,MPI_MOUSE,Q924M7,171,101,L
281,MPI_RAT,Q68FX1,171,101,L
282,A0A3P9PED3_POERE,A0A3P9PED3,171,101,L
283,Q3ZB95_DANRE,Q3ZB95,171,101,L
284,D8SVH8_SELML,D8SVH8,171,96,L
285,MPI2_ARATH,Q9FZH5,171,122,L
286,A0A072TVL2_MEDTR,A0A072TVL2,171,106,L
287,B4FP68_MAIZE,B4FP68,171,114,L
288,Q2R1L4_ORYSJ,Q2R1L4,171,140,L
289,Q9VH77_DROME,Q9VH77,172,78,S
290,MPI_SCHPO,O43014,172,91,S
291,MPI_EMENI,P29951,172,99,S
292,MPI_YEAST,P29952,172,101,S
293,MPI_CAEEL,P34650,172,91,S
294,MPI_DICDI,Q54PA0,172,133,S
295,G5AL67_HETGA,G5AL67,172,102,S
296,A0A8I3P413_CANLF,A0A8I3P413,172,102,S
297,MPI_MOUSE,Q924M7,172,102,S
298,MPI_RAT,Q68FX1,172,102,S
299,A0A3P9PED3_POERE,A0A3P9PED3,172,102,S
300,Q3ZB95_DANRE,Q3ZB95,172,102,S
301,D8SVH8_SELML,D8SVH8,172,97,S
302,MPI2_ARATH,Q9FZH5,172,123,S
303,A0A072TVL2_MEDTR,A0A072TVL2,172,107,S
304,B4FP68_MAIZE,B4FP68,172,115,S
305,Q2R1L4_ORYSJ,Q2R1L4,172,141,S
306,Q9VH77_DROME,Q9VH77,177,83,L
307,MPI_SCHPO,O43014,177,96,L
308,MPI_EMENI,P29951,177,104,L
309,MPI_YEAST,P29952,177,106,L
310,MPI_CAEEL,P34650,177,96,L
311,MPI_DICDI,Q54PA0,177,138,L
312,G5AL67_HETGA,G5AL67,177,107,L
313,A0A8I3P413_CANLF,A0A8I3P413,177,107,L
314,MPI_MOUSE,Q924M7,177,107,L
315,MPI_RAT,Q68FX1,177,107,L
316,A0A3P9PED3_POERE,A0A3P9PED3,177,107,L
317,Q3ZB95_DANRE,Q3ZB95,177,107,L
318,D8SVH8_SELML,D8SVH8,177,102,L
319,MPI2_ARATH,Q9FZH5,177,128,L
320,A0A072TVL2_MEDTR,A0A072TVL2,177,112,L
321,B4FP68_MAIZE,B4FP68,177,120,L
322,Q2R1L4_ORYSJ,Q2R1L4,177,146,L
323,Q9VH77_DROME,Q9VH77,178,84,S
324,MPI_SCHPO,O43014,178,97,S
325,MPI_EMENI,P29951,178,105,S
326,MPI_YEAST,P29952,178,107,S
327,MPI_CAEEL,P34650,178,97,S
328,MPI_DICDI,Q54PA0,178,139,S
329,G5AL67_HETGA,G5AL67,178,108,S
330,A0A8I3P413_CANLF,A0A8I3P413,178,108,S
331,MPI_MOUSE,Q924M7,178,108,S
332,MPI_RAT,Q68FX1,178,108,S
333,A0A3P9PED3_POERE,A0A3P9PED3,178,108,S
334,Q3ZB95_DANRE,Q3ZB95,178,108,S
335,D8SVH8_SELML,D8SVH8,178,103,S
336,MPI2_ARATH,Q9FZH5,178,129,S
337,A0A072TVL2_MEDTR,A0A072TVL2,178,113,S
338,B4FP68_MAIZE,B4FP68,178,121,S
339,Q2R1L4_ORYSJ,Q2R1L4,178,147,S
340,Q9VH77_DROME,Q9VH77,179,85,I
341,MPI_SCHPO,O43014,179,98,I
342,MPI_EMENI,P29951,179,106,I
343,MPI_YEAST,P29952,179,108,I
344,MPI_CAEEL,P34650,179,98,I
345,MPI_DICDI,Q54PA0,179,140,I
346,G5AL67_HETGA,G5AL67,179,109,I
347,A0A8I3P413_CANLF,A0A8I3P413,179,109,I
348,MPI_MOUSE,Q924M7,179,109,I
349,MPI_RAT,Q68FX1,179,109,I
350,A0A3P9PED3_POERE,A0A3P9PED3,179,109,I
351,Q3ZB95_DANRE,Q3ZB95,179,109,I
352,D8SVH8_SELML,D8SVH8,179,104,I
353,MPI2_ARATH,Q9FZH5,179,130,I
354,A0A072TVL2_MEDTR,A0A072TVL2,179,114,I
355,B4FP68_MAIZE,B4FP68,179,122,I
356,Q2R1L4_ORYSJ,Q2R1L4,179,148,I
357,Q9VH77_DROME,Q9VH77,180,86,Q
358,MPI_SCHPO,O43014,180,99,Q
359,MPI_EMENI,P29951,180,107,Q
360,MPI_YEAST,P29952,180,109,Q
361,MPI_CAEEL,P34650,180,99,Q
362,MPI_DICDI,Q54PA0,180,141,Q
363,G5AL67_HETGA,G5AL67,180,110,Q
364,A0A8I3P413_CANLF,A0A8I3P413,180,110,Q
365,MPI_MOUSE,Q924M7,180,110,Q
366,MPI_RAT,Q68FX1,180,110,Q
367,A0A3P9PED3_POERE,A0A3P9PED3,180,110,Q
368,Q3ZB95_DANRE,Q3ZB95,180,110,Q
369,D8SVH8_SELML,D8SVH8,180,105,Q
370,MPI2_ARATH,Q9FZH5,180,131,Q
371,A0A072TVL2_MEDTR,A0A072TVL2,180,115,Q
372,B4FP68_MAIZE,B4FP68,180,123,Q
373,Q2R1L4_ORYSJ,Q2R1L4,180,149,Q
374,Q9VH77_DROME,Q9VH77,182,88,H
375,MPI_SCHPO,O43014,182,101,H
376,MPI_EMENI,P29951,182,109,H
377,MPI_YEAST,P29952,182,111,H
378,MPI_CAEEL,P34650,182,101,H
379,MPI_DICDI,Q54PA0,182,143,H
380,G5AL67_HETGA,G5AL67,182,112,H
381,A0A8I3P413_CANLF,A0A8I3P413,182,112,H
382,MPI_MOUSE,Q924M7,182,112,H
383,MPI_RAT,Q68FX1,182,112,H
384,A0A3P9PED3_POERE,A0A3P9PED3,182,112,H
385,Q3ZB95_DANRE,Q3ZB95,182,112,H
386,D8SVH8_SELML,D8SVH8,182,107,H
387,MPI2_ARATH,Q9FZH5,182,133,H
388,A0A072TVL2_MEDTR,A0A072TVL2,182,117,H
389,B4FP68_MAIZE,B4FP68,182,125,H
390,Q2R1L4_ORYSJ,Q2R1L4,182,151,H
391,Q9VH77_DROME,Q9VH77,183,89,P
392,MPI_SCHPO,O43014,183,102,P
393,MPI_EMENI,P29951,183,110,P
394,MPI_YEAST,P29952,183,112,P
395,MPI_CAEEL,P34650,183,102,P
396,MPI_DICDI,Q54PA0,183,144,P
397,G5AL67_HETGA,G5AL67,183,113,P
398,A0A8I3P413_CANLF,A0A8I3P413,183,113,P
399,MPI_MOUSE,Q924M7,183,113,P
400,MPI_RAT,Q68FX1,183,113,P
401,A0A3P9PED3_POERE,A0A3P9PED3,183,113,P
402,Q3ZB95_DANRE,Q3ZB95,183,113,P
403,D8SVH8_SELML,D8SVH8,183,108,P
404,MPI2_ARATH,Q9FZH5,183,134,P
405,A0A072TVL2_MEDTR,A0A072TVL2,183,118,P
406,B4FP68_MAIZE,B4FP68,183,126,P
407,Q2R1L4_ORYSJ,Q2R1L4,183,152,P
408,Q9VH77_DROME,Q9VH77,191,97,L
409,MPI_SCHPO,O43014,191,110,L
410,MPI_EMENI,P29951,191,118,L
411,MPI_YEAST,P29952,191,120,L
412,MPI_CAEEL,P34650,191,110,L
413,MPI_DICDI,Q54PA0,191,152,L
414,G5AL67_HETGA,G5AL67,191,121,L
415,A0A8I3P413_CANLF,A0A8I3P413,191,121,L
416,MPI_MOUSE,Q924M7,191,121,L
417,MPI_RAT,Q68FX1,191,121,L
418,A0A3P9PED3_POERE,A0A3P9PED3,191,121,L
419,Q3ZB95_DANRE,Q3ZB95,191,121,L
420,D8SVH8_SELML,D8SVH8,191,116,L
421,MPI2_ARATH,Q9FZH5,191,142,L
422,A0A072TVL2_MEDTR,A0A072TVL2,191,126,L
423,B4FP68_MAIZE,B4FP68,191,134,L
424,Q2R1L4_ORYSJ,Q2R1L4,191,160,L
425,Q9VH77_DROME,Q9VH77,196,102,P
426,MPI_SCHPO,O43014,196,115,P
427,MPI_EMENI,P29951,196,123,P
428,MPI_YEAST,P29952,196,125,P
429,MPI_CAEEL,P34650,196,115,P
430,MPI_DICDI,Q54PA0,196,157,P
431,G5AL67_HETGA,G5AL67,196,126,P
432,A0A8I3P413_CANLF,A0A8I3P413,196,126,P
433,MPI_MOUSE,Q924M7,196,126,P
434,MPI_RAT,Q68FX1,196,126,P
435,A0A3P9PED3_POERE,A0A3P9PED3,196,126,P
436,Q3ZB95_DANRE,Q3ZB95,196,126,P
437,D8SVH8_SELML,D8SVH8,196,121,P
438,MPI2_ARATH,Q9FZH5,196,147,P
439,A0A072TVL2_MEDTR,A0A072TVL2,196,131,P
440,B4FP68_MAIZE,B4FP68,196,139,P
441,Q2R1L4_ORYSJ,Q2R1L4,196,165,P
442,Q9VH77_DROME,Q9VH77,199,105,Y
443,MPI_SCHPO,O43014,199,118,Y
444,MPI_EMENI,P29951,199,126,Y
445,MPI_YEAST,P29952,199,128,Y
446,MPI_CAEEL,P34650,199,118,Y
447,MPI_DICDI,Q54PA0,199,160,Y
448,G5AL67_HETGA,G5AL67,199,129,Y
449,A0A8I3P413_CANLF,A0A8I3P413,199,129,Y
450,MPI_MOUSE,Q924M7,199,129,Y
451,MPI_RAT,Q68FX1,199,129,Y
452,A0A3P9PED3_POERE,A0A3P9PED3,199,129,Y
453,Q3ZB95_DANRE,Q3ZB95,199,129,Y
454,D8SVH8_SELML,D8SVH8,199,124,Y
455,MPI2_ARATH,Q9FZH5,199,150,Y
456,A0A072TVL2_MEDTR,A0A072TVL2,199,134,Y
457,B4FP68_MAIZE,B4FP68,199,142,Y
458,Q2R1L4_ORYSJ,Q2R1L4,199,168,Y
459,Q9VH77_DROME,Q9VH77,201,107,D
460,MPI_SCHPO,O43014,201,120,D
461,MPI_EMENI,P29951,201,128,D
462,MPI_YEAST,P29952,201,130,D
463,MPI_CAEEL,P34650,201,120,D
464,MPI_DICDI,Q54PA0,201,162,D
465,G5AL67_HETGA,G5AL67,201,131,D
466,A0A8I3P413_CANLF,A0A8I3P413,201,131,D
467,MPI_MOUSE,Q924M7,201,131,D
468,MPI_RAT,Q68FX1,201,131,D
469,A0A3P9PED3_POERE,A0A3P9PED3,201,131,D
470,Q3ZB95_DANRE,Q3ZB95,201,131,D
471,D8SVH8_SELML,D8SVH8,201,126,D
472,MPI2_ARATH,Q9FZH5,201,152,D
473,A0A072TVL2_MEDTR,A0A072TVL2,201,136,D
474,B4FP68_MAIZE,B4FP68,201,144,D
475,Q2R1L4_ORYSJ,Q2R1L4,201,170,D
476,Q9VH77_DROME,Q9VH77,204,110,H
477,MPI_SCHPO,O43014,204,123,H
478,MPI_EMENI,P29951,204,131,H
479,MPI_YEAST,P29952,204,133,H
480,MPI_CAEEL,P34650,204,123,H
481,MPI_DICDI,Q54PA0,204,165,H
482,G5AL67_HETGA,G5AL67,204,134,H
483,A0A8I3P413_CANLF,A0A8I3P413,204,134,H
484,MPI_MOUSE,Q924M7,204,134,H
485,MPI_RAT,Q68FX1,204,134,H
486,A0A3P9PED3_POERE,A0A3P9PED3,204,134,H
487,Q3ZB95_DANRE,Q3ZB95,204,134,H
488,D8SVH8_SELML,D8SVH8,204,129,H
489,MPI2_ARATH,Q9FZH5,204,155,H
490,A0A072TVL2_MEDTR,A0A072TVL2,204,139,H
491,B4FP68_MAIZE,B4FP68,204,147,H
492,Q2R1L4_ORYSJ,Q2R1L4,204,173,H
493,Q9VH77_DROME,Q9VH77,205,111,K
494,MPI_SCHPO,O43014,205,124,K
495,MPI_EMENI,P29951,205,132,K
496,MPI_YEAST,P29952,205,134,K
497,MPI_CAEEL,P34650,205,124,K
498,MPI_DICDI,Q54PA0,205,166,K
499,G5AL67_HETGA,G5AL67,205,135,K
500,A0A8I3P413_CANLF,A0A8I3P413,205,135,K
501,MPI_MOUSE,Q924M7,205,135,K
502,MPI_RAT,Q68FX1,205,135,K
503,A0A3P9PED3_POERE,A0A3P9PED3,205,135,K
504,Q3ZB95_DANRE,Q3ZB95,205,135,K
505,D8SVH8_SELML,D8SVH8,205,130,K
506,MPI2_ARATH,Q9FZH5,205,156,K
507,A0A072TVL2_MEDTR,A0A072TVL2,205,140,K
508,B4FP68_MAIZE,B4FP68,205,148,K
509,Q2R1L4_ORYSJ,Q2R1L4,205,174,K
510,Q9VH77_DROME,Q9VH77,206,112,P
511,MPI_SCHPO,O43014,206,125,P
512,MPI_EMENI,P29951,206,133,P
513,MPI_YEAST,P29952,206,135,P
514,MPI_CAEEL,P34650,206,125,P
515,MPI_DICDI,Q54PA0,206,167,P
516,G5AL67_HETGA,G5AL67,206,136,P
517,A0A8I3P413_CANLF,A0A8I3P413,206,136,P
518,MPI_MOUSE,Q924M7,206,136,P
519,MPI_RAT,Q68FX1,206,136,P
520,A0A3P9PED3_POERE,A0A3P9PED3,206,136,P
521,Q3ZB95_DANRE,Q3ZB95,206,136,P
522,D8SVH8_SELML,D8SVH8,206,131,P
523,MPI2_ARATH,Q9FZH5,206,157,P
524,A0A072TVL2_MEDTR,A0A072TVL2,206,141,P
525,B4FP68_MAIZE,B4FP68,206,149,P
526,Q2R1L4_ORYSJ,Q2R1L4,206,175,P
527,Q9VH77_DROME,Q9VH77,207,113,E
528,MPI_SCHPO,O43014,207,126,E
529,MPI_EMENI,P29951,207,134,E
530,MPI_YEAST,P29952,207,136,E
531,MPI_CAEEL,P34650,207,126,E
532,MPI_DICDI,Q54PA0,207,168,E
533,G5AL67_HETGA,G5AL67,207,137,E
534,A0A8I3P413_CANLF,A0A8I3P413,207,137,E
535,MPI_MOUSE,Q924M7,207,137,E
536,MPI_RAT,Q68FX1,207,137,E
537,A0A3P9PED3_POERE,A0A3P9PED3,207,137,E
538,Q3ZB95_DANRE,Q3ZB95,207,137,E
539,D8SVH8_SELML,D8SVH8,207,132,E
540,MPI2_ARATH,Q9FZH5,207,158,E
541,A0A072TVL2_MEDTR,A0A072TVL2,207,142,E
542,B4FP68_MAIZE,B4FP68,207,150,E
543,Q2R1L4_ORYSJ,Q2R1L4,207,176,E
544,Q9VH77_DROME,Q9VH77,211,117,A
545,MPI_SCHPO,O43014,211,130,A
546,MPI_EMENI,P29951,211,138,A
547,MPI_YEAST,P29952,211,140,A
548,MPI_CAEEL,P34650,211,130,A
549,MPI_DICDI,Q54PA0,211,172,A
550,G5AL67_HETGA,G5AL67,211,141,A
551,A0A8I3P413_CANLF,A0A8I3P413,211,141,A
552,MPI_MOUSE,Q924M7,211,141,A
553,MPI_RAT,Q68FX1,211,141,A
554,A0A3P9PED3_POERE,A0A3P9PED3,211,141,A
555,Q3ZB95_DANRE,Q3ZB95,211,141,A
556,D8SVH8_SELML,D8SVH8,211,136,A
557,MPI2_ARATH,Q9FZH5,211,162,A
558,A0A072TVL2_MEDTR,A0A072TVL2,211,146,A
559,B4FP68_MAIZE,B4FP68,211,154,A
560,Q2R1L4_ORYSJ,Q2R1L4,211,180,A
561,Q9VH77_DROME,Q9VH77,213,119,T
562,MPI_SCHPO,O43014,213,132,T
563,MPI_EMENI,P29951,213,140,T
564,MPI_YEAST,P29952,213,142,T
565,MPI_CAEEL,P34650,213,132,T
566,MPI_DICDI,Q54PA0,213,174,T
567,G5AL67_HETGA,G5AL67,213,143,T
568,A0A8I3P413_CANLF,A0A8I3P413,213,143,T
569,MPI_MOUSE,Q924M7,213,143,T
570,MPI_RAT,Q68FX1,213,143,T
571,A0A3P9PED3_POERE,A0A3P9PED3,213,143,T
572,Q3ZB95_DANRE,Q3ZB95,213,143,T
573,D8SVH8_SELML,D8SVH8,213,138,T
574,MPI2_ARATH,Q9FZH5,213,164,T
575,A0A072TVL2_MEDTR,A0A072TVL2,213,148,T
576,B4FP68_MAIZE,B4FP68,213,156,T
577,Q2R1L4_ORYSJ,Q2R1L4,213,182,T
578,Q9VH77_DROME,Q9VH77,215,121,F
579,MPI_SCHPO,O43014,215,134,F
580,MPI_EMENI,P29951,215,142,F
581,MPI_YEAST,P29952,215,144,F
582,MPI_CAEEL,P34650,215,134,F
583,MPI_DICDI,Q54PA0,215,176,F
584,G5AL67_HETGA,G5AL67,215,145,F
585,A0A8I3P413_CANLF,A0A8I3P413,215,145,F
586,MPI_MOUSE,Q924M7,215,145,F
587,MPI_RAT,Q68FX1,215,145,F
588,A0A3P9PED3_POERE,A0A3P9PED3,215,145,F
589,Q3ZB95_DANRE,Q3ZB95,215,145,F
590,D8SVH8_SELML,D8SVH8,215,140,F
591,MPI2_ARATH,Q9FZH5,215,166,F
592,A0A072TVL2_MEDTR,A0A072TVL2,215,150,F
593,B4FP68_MAIZE,B4FP68,215,158,F
594,Q2R1L4_ORYSJ,Q2R1L4,215,184,F
595,Q9VH77_DROME,Q9VH77,221,127,F
596,MPI_SCHPO,O43014,221,140,F
597,MPI_EMENI,P29951,221,148,F
598,MPI_YEAST,P29952,221,150,F
599,MPI_CAEEL,P34650,221,140,F
600,MPI_DICDI,Q54PA0,221,182,F
601,G5AL67_HETGA,G5AL67,221,151,F
602,A0A8I3P413_CANLF,A0A8I3P413,221,151,F
603,MPI_MOUSE,Q924M7,221,151,F
604,MPI_RAT,Q68FX1,221,151,F
605,A0A3P9PED3_POERE,A0A3P9PED3,221,151,F
606,Q3ZB95_DANRE,Q3ZB95,221,151,F
607,D8SVH8_SELML,D8SVH8,221,146,F
608,MPI2_ARATH,Q9FZH5,221,172,F
609,A0A072TVL2_MEDTR,A0A072TVL2,221,156,F
610,B4FP68_MAIZE,B4FP68,221,164,F
611,Q2R1L4_ORYSJ,Q2R1L4,221,190,F
612,Q9VH77_DROME,Q9VH77,336,213,D
613,MPI_SCHPO,O43014,336,237,D
614,MPI_EMENI,P29951,336,263,D
615,MPI_YEAST,P29952,336,252,D
616,MPI_CAEEL,P34650,336,231,D
617,MPI_DICDI,Q54PA0,336,267,D
618,G5AL67_HETGA,G5AL67,336,248,D
619,A0A8I3P413_CANLF,A0A8I3P413,336,248,D
620,MPI_MOUSE,Q924M7,336,248,D
621,MPI_RAT,Q68FX1,336,248,D
622,A0A3P9PED3_POERE,A0A3P9PED3,336,247,D
623,Q3ZB95_DANRE,Q3ZB95,336,247,D
624,D8SVH8_SELML,D8SVH8,336,240,D
625,MPI2_ARATH,Q9FZH5,336,268,D
626,A0A072TVL2_MEDTR,A0A072TVL2,336,251,D
627,B4FP68_MAIZE,B4FP68,336,260,D
628,Q2R1L4_ORYSJ,Q2R1L4,336,286,D
629,Q9VH77_DROME,Q9VH77,338,215,G
630,MPI_SCHPO,O43014,338,239,G
631,MPI_EMENI,P29951,338,265,G
632,MPI_YEAST,P29952,338,254,G
633,MPI_CAEEL,P34650,338,233,G
634,MPI_DICDI,Q54PA0,338,269,G
635,G5AL67_HETGA,G5AL67,338,250,G
636,A0A8I3P413_CANLF,A0A8I3P413,338,250,G
637,MPI_MOUSE,Q924M7,338,250,G
638,MPI_RAT,Q68FX1,338,250,G
639,A0A3P9PED3_POERE,A0A3P9PED3,338,249,G
640,Q3ZB95_DANRE,Q3ZB95,338,249,G
641,D8SVH8_SELML,D8SVH8,338,242,G
642,MPI2_ARATH,Q9FZH5,338,270,G
643,A0A072TVL2_MEDTR,A0A072TVL2,338,253,G
644,B4FP68_MAIZE,B4FP68,338,262,G
645,Q2R1L4_ORYSJ,Q2R1L4,338,288,G
646,Q9VH77_DROME,Q9VH77,347,223,N
647,MPI_SCHPO,O43014,347,247,N
648,MPI_EMENI,P29951,347,273,N
649,MPI_YEAST,P29952,347,263,N
650,MPI_CAEEL,P34650,347,241,N
651,MPI_DICDI,Q54PA0,347,277,N
652,G5AL67_HETGA,G5AL67,347,258,N
653,A0A8I3P413_CANLF,A0A8I3P413,347,258,N
654,MPI_MOUSE,Q924M7,347,258,N
655,MPI_RAT,Q68FX1,347,258,N
656,A0A3P9PED3_POERE,A0A3P9PED3,347,257,N
657,Q3ZB95_DANRE,Q3ZB95,347,257,N
658,D8SVH8_SELML,D8SVH8,347,250,N
659,MPI2_ARATH,Q9FZH5,347,278,N
660,A0A072TVL2_MEDTR,A0A072TVL2,347,261,N
661,B4FP68_MAIZE,B4FP68,347,270,N
662,Q2R1L4_ORYSJ,Q2R1L4,347,296,N
663,Q9VH77_DROME,Q9VH77,351,227,L
664,MPI_SCHPO,O43014,351,251,L
665,MPI_EMENI,P29951,351,277,L
666,MPI_YEAST,P29952,351,267,L
667,MPI_CAEEL,P34650,351,245,L
668,MPI_DICDI,Q54PA0,351,281,L
669,G5AL67_HETGA,G5AL67,351,262,L
670,A0A8I3P413_CANLF,A0A8I3P413,351,262,L
671,MPI_MOUSE,Q924M7,351,262,L
672,MPI_RAT,Q68FX1,351,262,L
673,A0A3P9PED3_POERE,A0A3P9PED3,351,261,L
674,Q3ZB95_DANRE,Q3ZB95,351,261,L
675,D8SVH8_SELML,D8SVH8,351,254,L
676,MPI2_ARATH,Q9FZH5,351,282,L
677,A0A072TVL2_MEDTR,A0A072TVL2,351,265,L
678,B4FP68_MAIZE,B4FP68,351,274,L
679,Q2R1L4_ORYSJ,Q2R1L4,351,300,L
680,Q9VH77_DROME,Q9VH77,354,230,G
681,MPI_SCHPO,O43014,354,254,G
682,MPI_EMENI,P29951,354,280,G
683,MPI_YEAST,P29952,354,270,G
684,MPI_CAEEL,P34650,354,248,G
685,MPI_DICDI,Q54PA0,354,284,G
686,G5AL67_HETGA,G5AL67,354,265,G
687,A0A8I3P413_CANLF,A0A8I3P413,354,265,G
688,MPI_MOUSE,Q924M7,354,265,G
689,MPI_RAT,Q68FX1,354,265,G
690,A0A3P9PED3_POERE,A0A3P9PED3,354,264,G
691,Q3ZB95_DANRE,Q3ZB95,354,264,G
692,D8SVH8_SELML,D8SVH8,354,257,G
693,MPI2_ARATH,Q9FZH5,354,285,G
694,A0A072TVL2_MEDTR,A0A072TVL2,354,268,G
695,B4FP68_MAIZE,B4FP68,354,277,G
696,Q2R1L4_ORYSJ,Q2R1L4,354,303,G
697,Q9VH77_DROME,Q9VH77,356,232,A
698,MPI_SCHPO,O43014,356,256,A
699,MPI_EMENI,P29951,356,282,A
700,MPI_YEAST,P29952,356,272,A
701,MPI_CAEEL,P34650,356,250,A
702,MPI_DICDI,Q54PA0,356,286,A
703,G5AL67_HETGA,G5AL67,356,267,A
704,A0A8I3P413_CANLF,A0A8I3P413,356,267,A
705,MPI_MOUSE,Q924M7,356,267,A
706,MPI_RAT,Q68FX1,356,267,A
707,A0A3P9PED3_POERE,A0A3P9PED3,356,266,A
708,Q3ZB95_DANRE,Q3ZB95,356,266,A
709,D8SVH8_SELML,D8SVH8,356,259,A
710,MPI2_ARATH,Q9FZH5,356,287,A
711,A0A072TVL2_MEDTR,A0A072TVL2,356,270,A
712,B4FP68_MAIZE,B4FP68,356,279,A
713,Q2R1L4_ORYSJ,Q2R1L4,356,305,A
714,Q9VH77_DROME,Q9VH77,365,241,H
715,MPI_SCHPO,O43014,365,265,H
716,MPI_EMENI,P29951,365,291,H
717,MPI_YEAST,P29952,365,281,H
718,MPI_CAEEL,P34650,365,259,H
719,MPI_DICDI,Q54PA0,365,295,H
720,G5AL67_HETGA,G5AL67,365,276,H
721,A0A8I3P413_CANLF,A0A8I3P413,365,276,H
722,MPI_MOUSE,Q924M7,365,276,H
723,MPI_RAT,Q68FX1,365,276,H
724,A0A3P9PED3_POERE,A0A3P9PED3,365,275,H
725,Q3ZB95_DANRE,Q3ZB95,365,275,H
726,D8SVH8_SELML,D8SVH8,365,268,H
727,MPI2_ARATH,Q9FZH5,365,296,H
728,A0A072TVL2_MEDTR,A0A072TVL2,365,279,H
729,B4FP68_MAIZE,B4FP68,365,288,H
730,Q2R1L4_ORYSJ,Q2R1L4,365,314,H
731,Q9VH77_DROME,Q9VH77,366,242,A
732,MPI_SCHPO,O43014,366,266,A
733,MPI_EMENI,P29951,366,292,A
734,MPI_YEAST,P29952,366,282,A
735,MPI_CAEEL,P34650,366,260,A
736,MPI_DICDI,Q54PA0,366,296,A
737,G5AL67_HETGA,G5AL67,366,277,A
738,A0A8I3P413_CANLF,A0A8I3P413,366,277,A
739,MPI_MOUSE,Q924M7,366,277,A
740,MPI_RAT,Q68FX1,366,277,A
741,A0A3P9PED3_POERE,A0A3P9PED3,366,276,A
742,Q3ZB95_DANRE,Q3ZB95,366,276,A
743,D8SVH8_SELML,D8SVH8,366,269,A
744,MPI2_ARATH,Q9FZH5,366,297,A
745,A0A072TVL2_MEDTR,A0A072TVL2,366,280,A
746,B4FP68_MAIZE,B4FP68,366,289,A
747,Q2R1L4_ORYSJ,Q2R1L4,366,315,A
748,Q9VH77_DROME,Q9VH77,367,243,Y
749,MPI_SCHPO,O43014,367,267,Y
750,MPI_EMENI,P29951,367,293,Y
751,MPI_YEAST,P29952,367,283,Y
752,MPI_CAEEL,P34650,367,261,Y
753,MPI_DICDI,Q54PA0,367,297,Y
754,G5AL67_HETGA,G5AL67,367,278,Y
755,A0A8I3P413_CANLF,A0A8I3P413,367,278,Y
756,MPI_MOUSE,Q924M7,367,278,Y
757,MPI_RAT,Q68FX1,367,278,Y
758,A0A3P9PED3_POERE,A0A3P9PED3,367,277,Y
759,Q3ZB95_DANRE,Q3ZB95,367,277,Y
760,D8SVH8_SELML,D8SVH8,367,270,Y
761,MPI2_ARATH,Q9FZH5,367,298,Y
762,A0A072TVL2_MEDTR,A0A072TVL2,367,281,Y
763,B4FP68_MAIZE,B4FP68,367,290,Y
764,Q2R1L4_ORYSJ,Q2R1L4,367,316,Y
765,Q9VH77_DROME,Q9VH77,370,246,G
766,MPI_SCHPO,O43014,370,270,G
767,MPI_EMENI,P29951,370,296,G
768,MPI_YEAST,P29952,370,286,G
769,MPI_CAEEL,P34650,370,264,G
770,MPI_DICDI,Q54PA0,370,300,G
771,G5AL67_HETGA,G5AL67,370,281,G
772,A0A8I3P413_CANLF,A0A8I3P413,370,281,G
773,MPI_MOUSE,Q924M7,370,281,G
774,MPI_RAT,Q68FX1,370,281,G
775,A0A3P9PED3_POERE,A0A3P9PED3,370,280,G
776,Q3ZB95_DANRE,Q3ZB95,370,280,G
777,D8SVH8_SELML,D8SVH8,370,273,G
778,MPI2_ARATH,Q9FZH5,370,301,G
779,A0A072TVL2_MEDTR,A0A072TVL2,370,284,G
780,B4FP68_MAIZE,B4FP68,370,293,G
781,Q2R1L4_ORYSJ,Q2R1L4,370,319,G
782,Q9VH77_DROME,Q9VH77,374,250,E
783,MPI_SCHPO,O43014,374,274,E
784,MPI_EMENI,P29951,374,300,E
785,MPI_YEAST,P29952,374,290,E
786,MPI_CAEEL,P34650,374,268,E
787,MPI_DICDI,Q54PA0,374,304,E
788,G5AL67_HETGA,G5AL67,374,285,E
789,A0A8I3P413_CANLF,A0A8I3P413,374,285,E
790,MPI_MOUSE,Q924M7,374,285,E
791,MPI_RAT,Q68FX1,374,285,E
792,A0A3P9PED3_POERE,A0A3P9PED3,374,284,E
793,Q3ZB95_DANRE,Q3ZB95,374,284,E
794,D8SVH8_SELML,D8SVH8,374,277,E
795,MPI2_ARATH,Q9FZH5,374,305,E
796,A0A072TVL2_MEDTR,A0A072TVL2,374,288,E
797,B4FP68_MAIZE,B4FP68,374,297,E
798,Q2R1L4_ORYSJ,Q2R1L4,374,323,E
799,Q9VH77_DROME,Q9VH77,375,251,C
800,MPI_SCHPO,O43014,375,275,C
801,MPI_EMENI,P29951,375,301,C
802,MPI_YEAST,P29952,375,291,C
803,MPI_CAEEL,P34650,375,269,C
804,MPI_DICDI,Q54PA0,375,305,C
805,G5AL67_HETGA,G5AL67,375,286,C
806,A0A8I3P413_CANLF,A0A8I3P413,375,286,C
807,MPI_MOUSE,Q924M7,375,286,C
808,MPI_RAT,Q68FX1,375,286,C
809,A0A3P9PED3_POERE,A0A3P9PED3,375,285,C
810,Q3ZB95_DANRE,Q3ZB95,375,285,C
811,D8SVH8_SELML,D8SVH8,375,278,C
812,MPI2_ARATH,Q9FZH5,375,306,C
813,A0A072TVL2_MEDTR,A0A072TVL2,375,289,C
814,B4FP68_MAIZE,B4FP68,375,298,C
815,Q2R1L4_ORYSJ,Q2R1L4,375,324,C
816,Q9VH77_DROME,Q9VH77,376,252,M
817,MPI_SCHPO,O43014,376,276,M
818,MPI_EMENI,P29951,376,302,M
819,MPI_YEAST,P29952,376,292,M
820,MPI_CAEEL,P34650,376,270,M
821,MPI_DICDI,Q54PA0,376,306,M
822,G5AL67_HETGA,G5AL67,376,287,M
823,A0A8I3P413_CANLF,A0A8I3P413,376,287,M
824,MPI_MOUSE,Q924M7,376,287,M
825,MPI_RAT,Q68FX1,376,287,M
826,A0A3P9PED3_POERE,A0A3P9PED3,376,286,M
827,Q3ZB95_DANRE,Q3ZB95,376,286,M
828,D8SVH8_SELML,D8SVH8,376,279,M
829,MPI2_ARATH,Q9FZH5,376,307,M
830,A0A072TVL2_MEDTR,A0A072TVL2,376,290,M
831,B4FP68_MAIZE,B4FP68,376,299,M
832,Q2R1L4_ORYSJ,Q2R1L4,376,325,M
833,Q9VH77_DROME,Q9VH77,377,253,A
834,MPI_SCHPO,O43014,377,277,A
835,MPI_EMENI,P29951,377,303,A
836,MPI_YEAST,P29952,377,293,A
837,MPI_CAEEL,P34650,377,271,A
838,MPI_DICDI,Q54PA0,377,307,A
839,G5AL67_HETGA,G5AL67,377,288,A
840,A0A8I3P413_CANLF,A0A8I3P413,377,288,A
841,MPI_MOUSE,Q924M7,377,288,A
842,MPI_RAT,Q68FX1,377,288,A
843,A0A3P9PED3_POERE,A0A3P9PED3,377,287,A
844,Q3ZB95_DANRE,Q3ZB95,377,287,A
845,D8SVH8_SELML,D8SVH8,377,280,A
846,MPI2_ARATH,Q9FZH5,377,308,A
847,A0A072TVL2_MEDTR,A0A072TVL2,377,291,A
848,B4FP68_MAIZE,B4FP68,377,300,A
849,Q2R1L4_ORYSJ,Q2R1L4,377,326,A
850,Q9VH77_DROME,Q9VH77,379,255,S
851,MPI_SCHPO,O43014,379,279,S
852,MPI_EMENI,P29951,379,305,S
853,MPI_YEAST,P29952,379,295,S
854,MPI_CAEEL,P34650,379,273,S
855,MPI_DICDI,Q54PA0,379,309,S
856,G5AL67_HETGA,G5AL67,379,290,S
857,A0A8I3P413_CANLF,A0A8I3P413,379,290,S
858,MPI_MOUSE,Q924M7,379,290,S
859,MPI_RAT,Q68FX1,379,290,S
860,A0A3P9PED3_POERE,A0A3P9PED3,379,289,S
861,Q3ZB95_DANRE,Q3ZB95,379,289,S
862,D8SVH8_SELML,D8SVH8,379,282,S
863,MPI2_ARATH,Q9FZH5,379,310,S
864,A0A072TVL2_MEDTR,A0A072TVL2,379,293,S
865,B4FP68_MAIZE,B4FP68,379,302,S
866,Q2R1L4_ORYSJ,Q2R1L4,379,328,S
867,Q9VH77_DROME,Q9VH77,380,256,D
868,MPI_SCHPO,O43014,380,280,D
869,MPI_EMENI,P29951,380,306,D
870,MPI_YEAST,P29952,380,296,D
871,MPI_CAEEL,P34650,380,274,D
872,MPI_DICDI,Q54PA0,380,310,D
873,G5AL67_HETGA,G5AL67,380,291,D
874,A0A8I3P413_CANLF,A0A8I3P413,380,291,D
875,MPI_MOUSE,Q924M7,380,291,D
876,MPI_RAT,Q68FX1,380,291,D
877,A0A3P9PED3_POERE,A0A3P9PED3,380,290,D
878,Q3ZB95_DANRE,Q3ZB95,380,290,D
879,D8SVH8_SELML,D8SVH8,380,283,D
880,MPI2_ARATH,Q9FZH5,380,311,D
881,A0A072TVL2_MEDTR,A0A072TVL2,380,294,D
882,B4FP68_MAIZE,B4FP68,380,303,D
883,Q2R1L4_ORYSJ,Q2R1L4,380,329,D
884,Q9VH77_DROME,Q9VH77,381,257,N
885,MPI_SCHPO,O43014,381,281,N
886,MPI_EMENI,P29951,381,307,N
887,MPI_YEAST,P29952,381,297,N
888,MPI_CAEEL,P34650,381,275,N
889,MPI_DICDI,Q54PA0,381,311,N
890,G5AL67_HETGA,G5AL67,381,292,N
891,A0A8I3P413_CANLF,A0A8I3P413,381,292,N
892,MPI_MOUSE,Q924M7,381,292,N
893,MPI_RAT,Q68FX1,381,292,N
894,A0A3P9PED3_POERE,A0A3P9PED3,381,291,N
895,Q3ZB95_DANRE,Q3ZB95,381,291,N
896,D8SVH8_SELML,D8SVH8,381,284,N
897,MPI2_ARATH,Q9FZH5,381,312,N
898,A0A072TVL2_MEDTR,A0A072TVL2,381,295,N
899,B4FP68_MAIZE,B4FP68,381,304,N
900,Q2R1L4_ORYSJ,Q2R1L4,381,330,N
901,Q9VH77_DROME,Q9VH77,384,260,R
902,MPI_SCHPO,O43014,384,284,R
903,MPI_EMENI,P29951,384,310,R
904,MPI_YEAST,P29952,384,300,R
905,MPI_CAEEL,P34650,384,278,R
906,MPI_DICDI,Q54PA0,384,314,R
907,G5AL67_HETGA,G5AL67,384,295,R
908,A0A8I3P413_CANLF,A0A8I3P413,384,295,R
909,MPI_MOUSE,Q924M7,384,295,R
910,MPI_RAT,Q68FX1,384,295,R
911,A0A3P9PED3_POERE,A0A3P9PED3,384,294,R
912,Q3ZB95_DANRE,Q3ZB95,384,294,R
913,D8SVH8_SELML,D8SVH8,384,287,R
914,MPI2_ARATH,Q9FZH5,384,315,R
915,A0A072TVL2_MEDTR,A0A072TVL2,384,298,R
916,B4FP68_MAIZE,B4FP68,384,307,R
917,Q2R1L4_ORYSJ,Q2R1L4,384,333,R
918,Q9VH77_DROME,Q9VH77,386,262,G
919,MPI_SCHPO,O43014,386,286,G
920,MPI_EMENI,P29951,386,312,G
921,MPI_YEAST,P29952,386,302,G
922,MPI_CAEEL,P34650,386,280,G
923,MPI_DICDI,Q54PA0,386,316,G
924,G5AL67_HETGA,G5AL67,386,297,G
925,A0A8I3P413_CANLF,A0A8I3P413,386,297,G
926,MPI_MOUSE,Q924M7,386,297,G
927,MPI_RAT,Q68FX1,386,297,G
928,A0A3P9PED3_POERE,A0A3P9PED3,386,296,G
929,Q3ZB95_DANRE,Q3ZB95,386,296,G
930,D8SVH8_SELML,D8SVH8,386,289,G
931,MPI2_ARATH,Q9FZH5,386,317,G
932,A0A072TVL2_MEDTR,A0A072TVL2,386,300,G
933,B4FP68_MAIZE,B4FP68,386,309,G
934,Q2R1L4_ORYSJ,Q2R1L4,386,335,G
935,Q9VH77_DROME,Q9VH77,388,264,T
936,MPI_SCHPO,O43014,388,288,T
937,MPI_EMENI,P29951,388,314,T
938,MPI_YEAST,P29952,388,304,T
939,MPI_CAEEL,P34650,388,282,T
940,MPI_DICDI,Q54PA0,388,318,T
941,G5AL67_HETGA,G5AL67,388,299,T
942,A0A8I3P413_CANLF,A0A8I3P413,388,299,T
943,MPI_MOUSE,Q924M7,388,299,T
944,MPI_RAT,Q68FX1,388,299,T
945,A0A3P9PED3_POERE,A0A3P9PED3,388,298,T
946,Q3ZB95_DANRE,Q3ZB95,388,298,T
947,D8SVH8_SELML,D8SVH8,388,291,T
948,MPI2_ARATH,Q9FZH5,388,319,T
949,A0A072TVL2_MEDTR,A0A072TVL2,388,302,T
950,B4FP68_MAIZE,B4FP68,388,311,T
951,Q2R1L4_ORYSJ,Q2R1L4,388,337,T
952,Q9VH77_DROME,Q9VH77,390,266,K
953,MPI_SCHPO,O43014,390,290,K
954,MPI_EMENI,P29951,390,316,K
955,MPI_YEAST,P29952,390,306,K
956,MPI_CAEEL,P34650,390,284,K
957,MPI_DICDI,Q54PA0,390,320,K
958,G5AL67_HETGA,G5AL67,390,301,K
959,A0A8I3P413_CANLF,A0A8I3P413,390,301,K
960,MPI_MOUSE,Q924M7,390,301,K
961,MPI_RAT,Q68FX1,390,301,K
962,A0A3P9PED3_POERE,A0A3P9PED3,390,300,K
963,Q3ZB95_DANRE,Q3ZB95,390,300,K
964,D8SVH8_SELML,D8SVH8,390,293,K
965,MPI2_ARATH,Q9FZH5,390,321,K
966,A0A072TVL2_MEDTR,A0A072TVL2,390,304,K
967,B4FP68_MAIZE,B4FP68,390,313,K
968,Q2R1L4_ORYSJ,Q2R1L4,390,339,K
969,Q9VH77_DROME,Q9VH77,393,269,D
970,MPI_SCHPO,O43014,393,293,D
971,MPI_EMENI,P29951,393,319,D
972,MPI_YEAST,P29952,393,309,D
973,MPI_CAEEL,P34650,393,287,D
974,MPI_DICDI,Q54PA0,393,323,D
975,G5AL67_HETGA,G5AL67,393,304,D
976,A0A8I3P413_CANLF,A0A8I3P413,393,304,D
977,MPI_MOUSE,Q924M7,393,304,D
978,MPI_RAT,Q68FX1,393,304,D
979,A0A3P9PED3_POERE,A0A3P9PED3,393,303,D
980,Q3ZB95_DANRE,Q3ZB95,393,303,D
981,D8SVH8_SELML,D8SVH8,393,296,D
982,MPI2_ARATH,Q9FZH5,393,324,D
983,A0A072TVL2_MEDTR,A0A072TVL2,393,307,D
984,B4FP68_MAIZE,B4FP68,393,316,D
985,Q2R1L4_ORYSJ,Q2R1L4,393,342,D
986,Q9VH77_DROME,Q9VH77,397,273,L
987,MPI_SCHPO,O43014,397,297,L
988,MPI_EMENI,P29951,397,323,L
989,MPI_YEAST,P29952,397,313,L
990,MPI_CAEEL,P34650,397,291,L
991,MPI_DICDI,Q54PA0,397,327,L
992,G5AL67_HETGA,G5AL67,397,308,L
993,A0A8I3P413_CANLF,A0A8I3P413,397,308,L
994,MPI_MOUSE,Q924M7,397,308,L
995,MPI_RAT,Q68FX1,397,308,L
996,A0A3P9PED3_POERE,A0A3P9PED3,397,307,L
997,Q3ZB95_DANRE,Q3ZB95,397,307,L
998,D8SVH8_SELML,D8SVH8,397,300,L
999,MPI2_ARATH,Q9FZH5,397,328,L
1000,A0A072TVL2_MEDTR,A0A072TVL2,397,311,L
1001,B4FP68_MAIZE,B4FP68,397,320,L
1002,Q2R1L4_ORYSJ,Q2R1L4,397,346,L
1003,Q9VH77_DROME,Q9VH77,444,308,F
1004,MPI_SCHPO,O43014,444,337,F
1005,MPI_EMENI,P29951,444,370,F
1006,MPI_YEAST,P29952,444,353,F
1007,MPI_CAEEL,P34650,444,325,F
1008,MPI_DICDI,Q54PA0,444,364,F
1009,G5AL67_HETGA,G5AL67,444,345,F
1010,A0A8I3P413_CANLF,A0A8I3P413,444,343,F
1011,MPI_MOUSE,Q924M7,444,345,F
1012,MPI_RAT,Q68FX1,444,345,F
1013,A0A3P9PED3_POERE,A0A3P9PED3,444,344,F
1014,Q3ZB95_DANRE,Q3ZB95,444,344,F
1015,D8SVH8_SELML,D8SVH8,444,333,F
1016,MPI2_ARATH,Q9FZH5,444,361,F
1017,A0A072TVL2_MEDTR,A0A072TVL2,444,344,F
1018,B4FP68_MAIZE,B4FP68,444,353,F
1019,Q2R1L4_ORYSJ,Q2R1L4,444,379,F
1020,Q9VH77_DROME,Q9VH77,474,338,G
1021,MPI_SCHPO,O43014,474,366,G
1022,MPI_EMENI,P29951,474,400,G
1023,MPI_YEAST,P29952,474,383,G
1024,MPI_CAEEL,P34650,474,354,G
1025,MPI_DICDI,Q54PA0,474,394,G
1026,G5AL67_HETGA,G5AL67,474,375,G
1027,A0A8I3P413_CANLF,A0A8I3P413,474,373,G
1028,MPI_MOUSE,Q924M7,474,375,G
1029,MPI_RAT,Q68FX1,474,375,G
1030,A0A3P9PED3_POERE,A0A3P9PED3,474,374,G
1031,Q3ZB95_DANRE,Q3ZB95,474,374,G
1032,D8SVH8_SELML,D8SVH8,474,362,G
1033,MPI2_ARATH,Q9FZH5,474,390,G
1034,A0A072TVL2_MEDTR,A0A072TVL2,474,373,G
1035,B4FP68_MAIZE,B4FP68,474,383,G
1036,Q2R1L4_ORYSJ,Q2R1L4,474,408,G
1037,Q9VH77_DROME,Q9VH77,497,358,G
1038,MPI_SCHPO,O43014,497,383,G
1039,MPI_EMENI,P29951,497,416,G
1040,MPI_YEAST,P29952,497,399,G
1041,MPI_CAEEL,P34650,497,370,G
1042,MPI_DICDI,Q54PA0,497,413,G
1043,G5AL67_HETGA,G5AL67,497,393,G
1044,A0A8I3P413_CANLF,A0A8I3P413,497,391,G
1045,MPI_MOUSE,Q924M7,497,393,G
1046,MPI_RAT,Q68FX1,497,393,G
1047,A0A3P9PED3_POERE,A0A3P9PED3,497,392,G
1048,Q3ZB95_DANRE,Q3ZB95,497,392,G
1049,D8SVH8_SELML,D8SVH8,497,385,G
1050,MPI2_ARATH,Q9FZH5,497,406,G
1051,A0A072TVL2_MEDTR,A0A072TVL2,497,390,G
1052,B4FP68_MAIZE,B4FP68,497,401,G
1053,Q2R1L4_ORYSJ,Q2R1L4,497,426,G
