,entry_id,uniprot_id,MSA_pos,seq_pos,residue,MSA_sequence
0,PURNU_BORBU,O51423,87,53,Q,--------MKTIEHELYYEFRIADD----VKMIYTKK----------PFNLKL------------KELSNDNFNFVPRSKKIKYLKQLHTDIIYKV---------EDDFINFQEGDGLISSSLDVALVAYFADCLPIYFYDSVKKIIGLIHSGYKGSFNLIILKMLFMF--EKMGSALKDLKIVFGPYNRSCCYEVSEIFLKEVSNKFSKDLLNASFV-----TRDG-KIYFDNASFNLNLLSSFNL---NIYNSKLCTYCLKN-LYSYRRL--RESQSYALIWRI-----------
1,PURNU_CAMJE,Q9PN78,87,56,Q,-------MGRSRKNFLSLLENDKVG----IFCAF--------DKDYNVFRAKIH-----------NENLFSHLGFKDIEKCV-FMDQIHSHKVIIY----------DENLKNLSCDGLISKEKNIALCVLSADCLPLILYHESG-IIAALHSGRKGSFENILKECVDQITMQNSHLDKNKFHLFILPGICAKNYEIDG----EILE-FAKKEFKEFVQ----------DDKLDLKALVKFQAQNLGI--ENIKDCGICSFDDES-FFSYRRDK-TTKRFVSVVYLKD----------
2,PURNU_STAAC,Q5HGP4,87,77,Q,----MNDNFKKQPHHLIYEELLQQG----ITLGITTRGDGLSDYPKNAFNMARYIDDRPYNITQHQLQLAEEIAF-DRKNWV-FPIQTHENKVACITKDDIGTNIDTLTDALHGIDAMYTYDSNVLLTMCYADCVPVYFYSTKHHFIALAHAGWRGTYTEIVKEVLK-----HVNFDLKDLHVVIGPSTSS-SYEIND----DIKNKFETLPIDSANYIE---TRGRDRHGIDLKKANAALLIYYGVPKENIYTTAYATSEHLELFFSYRLEKGQTGRMLAFIGQQ-----------
3,PURNU_STAAN,Q7A617,87,77,Q,----MNDNFKKQPHHLIYEELLQQG----ITLGITTRGDGLSDYPKNAFNMARYIDDRPYNITQHQLQLAEEIAF-DRKNWV-FPIQTHENKVACITKDDIGTNIDTLTDALHGIDAMYTYDSNVLLTMCYADCVPVYFYSTKHHFIALAHAGWRGTYTEIVKEVLK-----HVNFDLKDLHVVIGPSTSS-SYEIND----DIKNKFETLPIDSANYIE---TRGRDRHGIDLKKANAELLNYYGVPKENIYTTAYATSEHLELFFSYRLEKGQTGRMLAFIGQQ-----------
4,PURNU_STAES,Q8CSX5,87,77,Q,----MKERFIKKTHYLDYQFDEPTD----IKLGFTTRENGLSPYPNHSFNMARYISDSAHHITHHQDILANLIGY-PRDEWV-FPIQTHDSRIVEVTSEHKGTNIDELTDDLHGIDGMYTFDSHILLTMCYADCVPVYFYSEPHGYIGLAHAGWRGTYGQIVKEMLK-----KVDFDYEDLKIVIGPATSN-SYEIND----DIKNKFEELTIDSTLYIE---TRGKNQHGIDLKKANALLLEEAGVPSKNIYVTEYATSENLDLFFSYRVEKGQTGRMLAFIGRK-----------
5,PURNU_BACSU,O31726,87,85,Q,MNTYHPFSLTTPSTLMIQDWAQTNQNNKEVIAGFTTKNGGVSQKPFESLNTGLHVHDKDADVVKNREYIADMFNT-DLQSWV-FADQTHDNRVQKVTQRDRGKGAREYHTALKATDGIYTNEKNVFLALCFADCVPLFFYDPVKSLVGVAHAGWKGTVKQIGREMVKQWT-EKEGSNPSDIYAVIGPSISGACYTVDD----RVMDAVRALPVSADLAAN---QTAKAQYQLDLKELNRLILMDSGLASEQISVSGLCTESEPSLFYSHRRDQGKTGRMMSFIGMKEA---------
6,PURNU_PSEAE,P33663,87,67,Q,-----------MNAWLTPDWPAPAR----VRACVTTRSGGVSQAPFDSLNLGAHVDDDPRAVEENRRRLTERLECRPS-----WLDQVHGVTVVEA---------DPSRVLR--ADASWSAMPGVACTIMTADCLPALFCDRSGTRVAAAHAGWRGLAAGVLEATVD-----SLGVPGDELLVWLGPAIGPRAFEVGG----EVRDAFVAAHAEARSAFVPS-ANPG-RFMADIYRLARIRLGAHGV--TAVHGGGFCTFSDTARFYSYRRSS-RTGRFASLVWLQD----------
7,PURNU_HAEIN,P44552,87,68,Q,------------MQAINPNWNVPKN----IHAFTTTREGGVSLAPYLSFNLGDHVGDNKSAVKTNRTLLVEKFGL-PQ-TPI-FLTQTHSTRVIQL----------PYSGQNLEADAVYTNVPNQVCVVMTADCLPVLFTTTSGNEVAATHAGWRGLCDGVLEETVK-----YFQAKPEDIIAWFGPAIGPKAFQVGI----DVVEKFVVVDEKAKLAFQPDAIEEG-KYLSNLYQIATQRLNNLGI--TQIYGGNHCTFNEKEKFFSYRRDN-QTGRMASVIWFE-----------
8,PURNU_ECOLI,P33644,87,69,Q,-----------MSKLIVPQWPQPKG----VAACSSTRIGGVSLPPYDSLNLGAHCGDNPDHVEENRKRLFAAGNL-PS-KPV-WLEQVHGKDVLKLTG-------EPYASKR--ADASYSNTPGTVCAVMTADCLPVLFCNRAGTEVAAAHAGWRGLCAGVLEETVS-----CFADNPENILAWLGPAIGPRAFEVGG----EVREAFMAVDAKASAAF----IQHGDKYLADIYQLARQRLANVGV--EQIFGGDRCTYTENETFFSYRRDK-TTGRMASFIWLI-----------
9,PURNU_SHIFL,A0A384KG77,87,69,Q,-----------MSKLIVPQWPLPKG----VAACSSTRIGGVSLPPYDSLNLGAHCGDNPDHVEENRKRLFAAGNL-PS-KPV-WLEQVHGKDVLKLTG-------EPYASKR--ADASYSNTPGTVCAVMTADCLPVLFCNRAGTEVAAVHAGWRGLCAGVLEETVS-----CFADKPENILAWLGPAIGPRAFEVGA----EVREAFMAVDAKASAAF----IQHGDKYLADIYQLARQRLANVGV--EQIFGGDRCTYTENETFFSYRRDK-TTGRMASFIWLI-----------
10,PURNU_DEIRA,Q9RT03,87,70,Q,--------------MTAPGLPLLRAPNLAVPHAFTTRAGGVSAGPYAGLNLDDR-SDDPRPVAENRARLAAALGF-AADDFA-RLNQVHGVQVVHA-----------QAPGFWEGDALVTATPGVLLAIGTADCYPLLLADPEAGVIGAAHAGWKGTVGRIGQRTVEQM--VNLGARPERIHAAVGPGICGEQYEVGE----DVAAQFRAAGLGEWVL-----EREG-RTHLDLAGANRALLEGAGV--GDLWVSGRCSTEAD--FYSYRRDAGQTGRMWAVIGLPRREGQTGEARA
11,PURNU_MYCTU,P9WKD5,87,75,Q,--------MLASTRHIARGDTGNVS--VRIRRVTTTRAGGVSAPPFDTFNLGDHVGDDPAAVAANRARLAAAIGL-PGNRVV-WMNQVHGDRVELVD--------QPRNTALDDTDGLVTATPRLALAVVTADCVPVLMADARAGIAAAVHAGRAGAQRGVVVRALEVM--LSLGAQVRDISALLGPAVSGRNYEVPA----AMADEVEAALPGSRTT-----TAAG-TPGVDLRAGIACQLRDLGV--ESIDVDPRCTVADPT-LFSHRRDA-PTGRFASLVWME-----------
12,PURNU_BORBU,O51423,89,55,H,--------MKTIEHELYYEFRIADD----VKMIYTKK----------PFNLKL------------KELSNDNFNFVPRSKKIKYLKQLHTDIIYKV---------EDDFINFQEGDGLISSSLDVALVAYFADCLPIYFYDSVKKIIGLIHSGYKGSFNLIILKMLFMF--EKMGSALKDLKIVFGPYNRSCCYEVSEIFLKEVSNKFSKDLLNASFV-----TRDG-KIYFDNASFNLNLLSSFNL---NIYNSKLCTYCLKN-LYSYRRL--RESQSYALIWRI-----------
13,PURNU_CAMJE,Q9PN78,89,58,H,-------MGRSRKNFLSLLENDKVG----IFCAF--------DKDYNVFRAKIH-----------NENLFSHLGFKDIEKCV-FMDQIHSHKVIIY----------DENLKNLSCDGLISKEKNIALCVLSADCLPLILYHESG-IIAALHSGRKGSFENILKECVDQITMQNSHLDKNKFHLFILPGICAKNYEIDG----EILE-FAKKEFKEFVQ----------DDKLDLKALVKFQAQNLGI--ENIKDCGICSFDDES-FFSYRRDK-TTKRFVSVVYLKD----------
14,PURNU_STAAC,Q5HGP4,89,79,H,----MNDNFKKQPHHLIYEELLQQG----ITLGITTRGDGLSDYPKNAFNMARYIDDRPYNITQHQLQLAEEIAF-DRKNWV-FPIQTHENKVACITKDDIGTNIDTLTDALHGIDAMYTYDSNVLLTMCYADCVPVYFYSTKHHFIALAHAGWRGTYTEIVKEVLK-----HVNFDLKDLHVVIGPSTSS-SYEIND----DIKNKFETLPIDSANYIE---TRGRDRHGIDLKKANAALLIYYGVPKENIYTTAYATSEHLELFFSYRLEKGQTGRMLAFIGQQ-----------
15,PURNU_STAAN,Q7A617,89,79,H,----MNDNFKKQPHHLIYEELLQQG----ITLGITTRGDGLSDYPKNAFNMARYIDDRPYNITQHQLQLAEEIAF-DRKNWV-FPIQTHENKVACITKDDIGTNIDTLTDALHGIDAMYTYDSNVLLTMCYADCVPVYFYSTKHHFIALAHAGWRGTYTEIVKEVLK-----HVNFDLKDLHVVIGPSTSS-SYEIND----DIKNKFETLPIDSANYIE---TRGRDRHGIDLKKANAELLNYYGVPKENIYTTAYATSEHLELFFSYRLEKGQTGRMLAFIGQQ-----------
16,PURNU_STAES,Q8CSX5,89,79,H,----MKERFIKKTHYLDYQFDEPTD----IKLGFTTRENGLSPYPNHSFNMARYISDSAHHITHHQDILANLIGY-PRDEWV-FPIQTHDSRIVEVTSEHKGTNIDELTDDLHGIDGMYTFDSHILLTMCYADCVPVYFYSEPHGYIGLAHAGWRGTYGQIVKEMLK-----KVDFDYEDLKIVIGPATSN-SYEIND----DIKNKFEELTIDSTLYIE---TRGKNQHGIDLKKANALLLEEAGVPSKNIYVTEYATSENLDLFFSYRVEKGQTGRMLAFIGRK-----------
17,PURNU_BACSU,O31726,89,87,H,MNTYHPFSLTTPSTLMIQDWAQTNQNNKEVIAGFTTKNGGVSQKPFESLNTGLHVHDKDADVVKNREYIADMFNT-DLQSWV-FADQTHDNRVQKVTQRDRGKGAREYHTALKATDGIYTNEKNVFLALCFADCVPLFFYDPVKSLVGVAHAGWKGTVKQIGREMVKQWT-EKEGSNPSDIYAVIGPSISGACYTVDD----RVMDAVRALPVSADLAAN---QTAKAQYQLDLKELNRLILMDSGLASEQISVSGLCTESEPSLFYSHRRDQGKTGRMMSFIGMKEA---------
18,PURNU_PSEAE,P33663,89,69,H,-----------MNAWLTPDWPAPAR----VRACVTTRSGGVSQAPFDSLNLGAHVDDDPRAVEENRRRLTERLECRPS-----WLDQVHGVTVVEA---------DPSRVLR--ADASWSAMPGVACTIMTADCLPALFCDRSGTRVAAAHAGWRGLAAGVLEATVD-----SLGVPGDELLVWLGPAIGPRAFEVGG----EVRDAFVAAHAEARSAFVPS-ANPG-RFMADIYRLARIRLGAHGV--TAVHGGGFCTFSDTARFYSYRRSS-RTGRFASLVWLQD----------
19,PURNU_HAEIN,P44552,89,70,H,------------MQAINPNWNVPKN----IHAFTTTREGGVSLAPYLSFNLGDHVGDNKSAVKTNRTLLVEKFGL-PQ-TPI-FLTQTHSTRVIQL----------PYSGQNLEADAVYTNVPNQVCVVMTADCLPVLFTTTSGNEVAATHAGWRGLCDGVLEETVK-----YFQAKPEDIIAWFGPAIGPKAFQVGI----DVVEKFVVVDEKAKLAFQPDAIEEG-KYLSNLYQIATQRLNNLGI--TQIYGGNHCTFNEKEKFFSYRRDN-QTGRMASVIWFE-----------
20,PURNU_ECOLI,P33644,89,71,H,-----------MSKLIVPQWPQPKG----VAACSSTRIGGVSLPPYDSLNLGAHCGDNPDHVEENRKRLFAAGNL-PS-KPV-WLEQVHGKDVLKLTG-------EPYASKR--ADASYSNTPGTVCAVMTADCLPVLFCNRAGTEVAAAHAGWRGLCAGVLEETVS-----CFADNPENILAWLGPAIGPRAFEVGG----EVREAFMAVDAKASAAF----IQHGDKYLADIYQLARQRLANVGV--EQIFGGDRCTYTENETFFSYRRDK-TTGRMASFIWLI-----------
21,PURNU_SHIFL,A0A384KG77,89,71,H,-----------MSKLIVPQWPLPKG----VAACSSTRIGGVSLPPYDSLNLGAHCGDNPDHVEENRKRLFAAGNL-PS-KPV-WLEQVHGKDVLKLTG-------EPYASKR--ADASYSNTPGTVCAVMTADCLPVLFCNRAGTEVAAVHAGWRGLCAGVLEETVS-----CFADKPENILAWLGPAIGPRAFEVGA----EVREAFMAVDAKASAAF----IQHGDKYLADIYQLARQRLANVGV--EQIFGGDRCTYTENETFFSYRRDK-TTGRMASFIWLI-----------
22,PURNU_DEIRA,Q9RT03,89,72,H,--------------MTAPGLPLLRAPNLAVPHAFTTRAGGVSAGPYAGLNLDDR-SDDPRPVAENRARLAAALGF-AADDFA-RLNQVHGVQVVHA-----------QAPGFWEGDALVTATPGVLLAIGTADCYPLLLADPEAGVIGAAHAGWKGTVGRIGQRTVEQM--VNLGARPERIHAAVGPGICGEQYEVGE----DVAAQFRAAGLGEWVL-----EREG-RTHLDLAGANRALLEGAGV--GDLWVSGRCSTEAD--FYSYRRDAGQTGRMWAVIGLPRREGQTGEARA
23,PURNU_MYCTU,P9WKD5,89,77,H,--------MLASTRHIARGDTGNVS--VRIRRVTTTRAGGVSAPPFDTFNLGDHVGDDPAAVAANRARLAAAIGL-PGNRVV-WMNQVHGDRVELVD--------QPRNTALDDTDGLVTATPRLALAVVTADCVPVLMADARAGIAAAVHAGRAGAQRGVVVRALEVM--LSLGAQVRDISALLGPAVSGRNYEVPA----AMADEVEAALPGSRTT-----TAAG-TPGVDLRAGIACQLRDLGV--ESIDVDPRCTVADPT-LFSHRRDA-PTGRFASLVWME-----------
24,PURNU_BORBU,O51423,116,73,D,--------MKTIEHELYYEFRIADD----VKMIYTKK----------PFNLKL------------KELSNDNFNFVPRSKKIKYLKQLHTDIIYKV---------EDDFINFQEGDGLISSSLDVALVAYFADCLPIYFYDSVKKIIGLIHSGYKGSFNLIILKMLFMF--EKMGSALKDLKIVFGPYNRSCCYEVSEIFLKEVSNKFSKDLLNASFV-----TRDG-KIYFDNASFNLNLLSSFNL---NIYNSKLCTYCLKN-LYSYRRL--RESQSYALIWRI-----------
25,PURNU_CAMJE,Q9PN78,116,75,D,-------MGRSRKNFLSLLENDKVG----IFCAF--------DKDYNVFRAKIH-----------NENLFSHLGFKDIEKCV-FMDQIHSHKVIIY----------DENLKNLSCDGLISKEKNIALCVLSADCLPLILYHESG-IIAALHSGRKGSFENILKECVDQITMQNSHLDKNKFHLFILPGICAKNYEIDG----EILE-FAKKEFKEFVQ----------DDKLDLKALVKFQAQNLGI--ENIKDCGICSFDDES-FFSYRRDK-TTKRFVSVVYLKD----------
26,PURNU_STAAC,Q5HGP4,116,106,D,----MNDNFKKQPHHLIYEELLQQG----ITLGITTRGDGLSDYPKNAFNMARYIDDRPYNITQHQLQLAEEIAF-DRKNWV-FPIQTHENKVACITKDDIGTNIDTLTDALHGIDAMYTYDSNVLLTMCYADCVPVYFYSTKHHFIALAHAGWRGTYTEIVKEVLK-----HVNFDLKDLHVVIGPSTSS-SYEIND----DIKNKFETLPIDSANYIE---TRGRDRHGIDLKKANAALLIYYGVPKENIYTTAYATSEHLELFFSYRLEKGQTGRMLAFIGQQ-----------
27,PURNU_STAAN,Q7A617,116,106,D,----MNDNFKKQPHHLIYEELLQQG----ITLGITTRGDGLSDYPKNAFNMARYIDDRPYNITQHQLQLAEEIAF-DRKNWV-FPIQTHENKVACITKDDIGTNIDTLTDALHGIDAMYTYDSNVLLTMCYADCVPVYFYSTKHHFIALAHAGWRGTYTEIVKEVLK-----HVNFDLKDLHVVIGPSTSS-SYEIND----DIKNKFETLPIDSANYIE---TRGRDRHGIDLKKANAELLNYYGVPKENIYTTAYATSEHLELFFSYRLEKGQTGRMLAFIGQQ-----------
28,PURNU_STAES,Q8CSX5,116,106,D,----MKERFIKKTHYLDYQFDEPTD----IKLGFTTRENGLSPYPNHSFNMARYISDSAHHITHHQDILANLIGY-PRDEWV-FPIQTHDSRIVEVTSEHKGTNIDELTDDLHGIDGMYTFDSHILLTMCYADCVPVYFYSEPHGYIGLAHAGWRGTYGQIVKEMLK-----KVDFDYEDLKIVIGPATSN-SYEIND----DIKNKFEELTIDSTLYIE---TRGKNQHGIDLKKANALLLEEAGVPSKNIYVTEYATSENLDLFFSYRVEKGQTGRMLAFIGRK-----------
29,PURNU_BACSU,O31726,116,114,D,MNTYHPFSLTTPSTLMIQDWAQTNQNNKEVIAGFTTKNGGVSQKPFESLNTGLHVHDKDADVVKNREYIADMFNT-DLQSWV-FADQTHDNRVQKVTQRDRGKGAREYHTALKATDGIYTNEKNVFLALCFADCVPLFFYDPVKSLVGVAHAGWKGTVKQIGREMVKQWT-EKEGSNPSDIYAVIGPSISGACYTVDD----RVMDAVRALPVSADLAAN---QTAKAQYQLDLKELNRLILMDSGLASEQISVSGLCTESEPSLFYSHRRDQGKTGRMMSFIGMKEA---------
30,PURNU_PSEAE,P33663,116,85,D,-----------MNAWLTPDWPAPAR----VRACVTTRSGGVSQAPFDSLNLGAHVDDDPRAVEENRRRLTERLECRPS-----WLDQVHGVTVVEA---------DPSRVLR--ADASWSAMPGVACTIMTADCLPALFCDRSGTRVAAAHAGWRGLAAGVLEATVD-----SLGVPGDELLVWLGPAIGPRAFEVGG----EVRDAFVAAHAEARSAFVPS-ANPG-RFMADIYRLARIRLGAHGV--TAVHGGGFCTFSDTARFYSYRRSS-RTGRFASLVWLQD----------
31,PURNU_HAEIN,P44552,116,87,D,------------MQAINPNWNVPKN----IHAFTTTREGGVSLAPYLSFNLGDHVGDNKSAVKTNRTLLVEKFGL-PQ-TPI-FLTQTHSTRVIQL----------PYSGQNLEADAVYTNVPNQVCVVMTADCLPVLFTTTSGNEVAATHAGWRGLCDGVLEETVK-----YFQAKPEDIIAWFGPAIGPKAFQVGI----DVVEKFVVVDEKAKLAFQPDAIEEG-KYLSNLYQIATQRLNNLGI--TQIYGGNHCTFNEKEKFFSYRRDN-QTGRMASVIWFE-----------
32,PURNU_ECOLI,P33644,116,89,D,-----------MSKLIVPQWPQPKG----VAACSSTRIGGVSLPPYDSLNLGAHCGDNPDHVEENRKRLFAAGNL-PS-KPV-WLEQVHGKDVLKLTG-------EPYASKR--ADASYSNTPGTVCAVMTADCLPVLFCNRAGTEVAAAHAGWRGLCAGVLEETVS-----CFADNPENILAWLGPAIGPRAFEVGG----EVREAFMAVDAKASAAF----IQHGDKYLADIYQLARQRLANVGV--EQIFGGDRCTYTENETFFSYRRDK-TTGRMASFIWLI-----------
33,PURNU_SHIFL,A0A384KG77,116,89,D,-----------MSKLIVPQWPLPKG----VAACSSTRIGGVSLPPYDSLNLGAHCGDNPDHVEENRKRLFAAGNL-PS-KPV-WLEQVHGKDVLKLTG-------EPYASKR--ADASYSNTPGTVCAVMTADCLPVLFCNRAGTEVAAVHAGWRGLCAGVLEETVS-----CFADKPENILAWLGPAIGPRAFEVGA----EVREAFMAVDAKASAAF----IQHGDKYLADIYQLARQRLANVGV--EQIFGGDRCTYTENETFFSYRRDK-TTGRMASFIWLI-----------
34,PURNU_DEIRA,Q9RT03,116,88,D,--------------MTAPGLPLLRAPNLAVPHAFTTRAGGVSAGPYAGLNLDDR-SDDPRPVAENRARLAAALGF-AADDFA-RLNQVHGVQVVHA-----------QAPGFWEGDALVTATPGVLLAIGTADCYPLLLADPEAGVIGAAHAGWKGTVGRIGQRTVEQM--VNLGARPERIHAAVGPGICGEQYEVGE----DVAAQFRAAGLGEWVL-----EREG-RTHLDLAGANRALLEGAGV--GDLWVSGRCSTEAD--FYSYRRDAGQTGRMWAVIGLPRREGQTGEARA
35,PURNU_MYCTU,P9WKD5,116,96,D,--------MLASTRHIARGDTGNVS--VRIRRVTTTRAGGVSAPPFDTFNLGDHVGDDPAAVAANRARLAAAIGL-PGNRVV-WMNQVHGDRVELVD--------QPRNTALDDTDGLVTATPRLALAVVTADCVPVLMADARAGIAAAVHAGRAGAQRGVVVRALEVM--LSLGAQVRDISALLGPAVSGRNYEVPA----AMADEVEAALPGSRTT-----TAAG-TPGVDLRAGIACQLRDLGV--ESIDVDPRCTVADPT-LFSHRRDA-PTGRFASLVWME-----------
36,PURNU_BORBU,O51423,132,89,A,--------MKTIEHELYYEFRIADD----VKMIYTKK----------PFNLKL------------KELSNDNFNFVPRSKKIKYLKQLHTDIIYKV---------EDDFINFQEGDGLISSSLDVALVAYFADCLPIYFYDSVKKIIGLIHSGYKGSFNLIILKMLFMF--EKMGSALKDLKIVFGPYNRSCCYEVSEIFLKEVSNKFSKDLLNASFV-----TRDG-KIYFDNASFNLNLLSSFNL---NIYNSKLCTYCLKN-LYSYRRL--RESQSYALIWRI-----------
37,PURNU_CAMJE,Q9PN78,132,91,A,-------MGRSRKNFLSLLENDKVG----IFCAF--------DKDYNVFRAKIH-----------NENLFSHLGFKDIEKCV-FMDQIHSHKVIIY----------DENLKNLSCDGLISKEKNIALCVLSADCLPLILYHESG-IIAALHSGRKGSFENILKECVDQITMQNSHLDKNKFHLFILPGICAKNYEIDG----EILE-FAKKEFKEFVQ----------DDKLDLKALVKFQAQNLGI--ENIKDCGICSFDDES-FFSYRRDK-TTKRFVSVVYLKD----------
38,PURNU_STAAC,Q5HGP4,132,122,A,----MNDNFKKQPHHLIYEELLQQG----ITLGITTRGDGLSDYPKNAFNMARYIDDRPYNITQHQLQLAEEIAF-DRKNWV-FPIQTHENKVACITKDDIGTNIDTLTDALHGIDAMYTYDSNVLLTMCYADCVPVYFYSTKHHFIALAHAGWRGTYTEIVKEVLK-----HVNFDLKDLHVVIGPSTSS-SYEIND----DIKNKFETLPIDSANYIE---TRGRDRHGIDLKKANAALLIYYGVPKENIYTTAYATSEHLELFFSYRLEKGQTGRMLAFIGQQ-----------
39,PURNU_STAAN,Q7A617,132,122,A,----MNDNFKKQPHHLIYEELLQQG----ITLGITTRGDGLSDYPKNAFNMARYIDDRPYNITQHQLQLAEEIAF-DRKNWV-FPIQTHENKVACITKDDIGTNIDTLTDALHGIDAMYTYDSNVLLTMCYADCVPVYFYSTKHHFIALAHAGWRGTYTEIVKEVLK-----HVNFDLKDLHVVIGPSTSS-SYEIND----DIKNKFETLPIDSANYIE---TRGRDRHGIDLKKANAELLNYYGVPKENIYTTAYATSEHLELFFSYRLEKGQTGRMLAFIGQQ-----------
40,PURNU_STAES,Q8CSX5,132,122,A,----MKERFIKKTHYLDYQFDEPTD----IKLGFTTRENGLSPYPNHSFNMARYISDSAHHITHHQDILANLIGY-PRDEWV-FPIQTHDSRIVEVTSEHKGTNIDELTDDLHGIDGMYTFDSHILLTMCYADCVPVYFYSEPHGYIGLAHAGWRGTYGQIVKEMLK-----KVDFDYEDLKIVIGPATSN-SYEIND----DIKNKFEELTIDSTLYIE---TRGKNQHGIDLKKANALLLEEAGVPSKNIYVTEYATSENLDLFFSYRVEKGQTGRMLAFIGRK-----------
41,PURNU_BACSU,O31726,132,130,A,MNTYHPFSLTTPSTLMIQDWAQTNQNNKEVIAGFTTKNGGVSQKPFESLNTGLHVHDKDADVVKNREYIADMFNT-DLQSWV-FADQTHDNRVQKVTQRDRGKGAREYHTALKATDGIYTNEKNVFLALCFADCVPLFFYDPVKSLVGVAHAGWKGTVKQIGREMVKQWT-EKEGSNPSDIYAVIGPSISGACYTVDD----RVMDAVRALPVSADLAAN---QTAKAQYQLDLKELNRLILMDSGLASEQISVSGLCTESEPSLFYSHRRDQGKTGRMMSFIGMKEA---------
42,PURNU_PSEAE,P33663,132,101,A,-----------MNAWLTPDWPAPAR----VRACVTTRSGGVSQAPFDSLNLGAHVDDDPRAVEENRRRLTERLECRPS-----WLDQVHGVTVVEA---------DPSRVLR--ADASWSAMPGVACTIMTADCLPALFCDRSGTRVAAAHAGWRGLAAGVLEATVD-----SLGVPGDELLVWLGPAIGPRAFEVGG----EVRDAFVAAHAEARSAFVPS-ANPG-RFMADIYRLARIRLGAHGV--TAVHGGGFCTFSDTARFYSYRRSS-RTGRFASLVWLQD----------
43,PURNU_HAEIN,P44552,132,103,A,------------MQAINPNWNVPKN----IHAFTTTREGGVSLAPYLSFNLGDHVGDNKSAVKTNRTLLVEKFGL-PQ-TPI-FLTQTHSTRVIQL----------PYSGQNLEADAVYTNVPNQVCVVMTADCLPVLFTTTSGNEVAATHAGWRGLCDGVLEETVK-----YFQAKPEDIIAWFGPAIGPKAFQVGI----DVVEKFVVVDEKAKLAFQPDAIEEG-KYLSNLYQIATQRLNNLGI--TQIYGGNHCTFNEKEKFFSYRRDN-QTGRMASVIWFE-----------
44,PURNU_ECOLI,P33644,132,105,A,-----------MSKLIVPQWPQPKG----VAACSSTRIGGVSLPPYDSLNLGAHCGDNPDHVEENRKRLFAAGNL-PS-KPV-WLEQVHGKDVLKLTG-------EPYASKR--ADASYSNTPGTVCAVMTADCLPVLFCNRAGTEVAAAHAGWRGLCAGVLEETVS-----CFADNPENILAWLGPAIGPRAFEVGG----EVREAFMAVDAKASAAF----IQHGDKYLADIYQLARQRLANVGV--EQIFGGDRCTYTENETFFSYRRDK-TTGRMASFIWLI-----------
45,PURNU_SHIFL,A0A384KG77,132,105,A,-----------MSKLIVPQWPLPKG----VAACSSTRIGGVSLPPYDSLNLGAHCGDNPDHVEENRKRLFAAGNL-PS-KPV-WLEQVHGKDVLKLTG-------EPYASKR--ADASYSNTPGTVCAVMTADCLPVLFCNRAGTEVAAVHAGWRGLCAGVLEETVS-----CFADKPENILAWLGPAIGPRAFEVGA----EVREAFMAVDAKASAAF----IQHGDKYLADIYQLARQRLANVGV--EQIFGGDRCTYTENETFFSYRRDK-TTGRMASFIWLI-----------
46,PURNU_DEIRA,Q9RT03,132,104,A,--------------MTAPGLPLLRAPNLAVPHAFTTRAGGVSAGPYAGLNLDDR-SDDPRPVAENRARLAAALGF-AADDFA-RLNQVHGVQVVHA-----------QAPGFWEGDALVTATPGVLLAIGTADCYPLLLADPEAGVIGAAHAGWKGTVGRIGQRTVEQM--VNLGARPERIHAAVGPGICGEQYEVGE----DVAAQFRAAGLGEWVL-----EREG-RTHLDLAGANRALLEGAGV--GDLWVSGRCSTEAD--FYSYRRDAGQTGRMWAVIGLPRREGQTGEARA
47,PURNU_MYCTU,P9WKD5,132,112,A,--------MLASTRHIARGDTGNVS--VRIRRVTTTRAGGVSAPPFDTFNLGDHVGDDPAAVAANRARLAAAIGL-PGNRVV-WMNQVHGDRVELVD--------QPRNTALDDTDGLVTATPRLALAVVTADCVPVLMADARAGIAAAVHAGRAGAQRGVVVRALEVM--LSLGAQVRDISALLGPAVSGRNYEVPA----AMADEVEAALPGSRTT-----TAAG-TPGVDLRAGIACQLRDLGV--ESIDVDPRCTVADPT-LFSHRRDA-PTGRFASLVWME-----------
48,PURNU_BORBU,O51423,133,90,D,--------MKTIEHELYYEFRIADD----VKMIYTKK----------PFNLKL------------KELSNDNFNFVPRSKKIKYLKQLHTDIIYKV---------EDDFINFQEGDGLISSSLDVALVAYFADCLPIYFYDSVKKIIGLIHSGYKGSFNLIILKMLFMF--EKMGSALKDLKIVFGPYNRSCCYEVSEIFLKEVSNKFSKDLLNASFV-----TRDG-KIYFDNASFNLNLLSSFNL---NIYNSKLCTYCLKN-LYSYRRL--RESQSYALIWRI-----------
49,PURNU_CAMJE,Q9PN78,133,92,D,-------MGRSRKNFLSLLENDKVG----IFCAF--------DKDYNVFRAKIH-----------NENLFSHLGFKDIEKCV-FMDQIHSHKVIIY----------DENLKNLSCDGLISKEKNIALCVLSADCLPLILYHESG-IIAALHSGRKGSFENILKECVDQITMQNSHLDKNKFHLFILPGICAKNYEIDG----EILE-FAKKEFKEFVQ----------DDKLDLKALVKFQAQNLGI--ENIKDCGICSFDDES-FFSYRRDK-TTKRFVSVVYLKD----------
50,PURNU_STAAC,Q5HGP4,133,123,D,----MNDNFKKQPHHLIYEELLQQG----ITLGITTRGDGLSDYPKNAFNMARYIDDRPYNITQHQLQLAEEIAF-DRKNWV-FPIQTHENKVACITKDDIGTNIDTLTDALHGIDAMYTYDSNVLLTMCYADCVPVYFYSTKHHFIALAHAGWRGTYTEIVKEVLK-----HVNFDLKDLHVVIGPSTSS-SYEIND----DIKNKFETLPIDSANYIE---TRGRDRHGIDLKKANAALLIYYGVPKENIYTTAYATSEHLELFFSYRLEKGQTGRMLAFIGQQ-----------
51,PURNU_STAAN,Q7A617,133,123,D,----MNDNFKKQPHHLIYEELLQQG----ITLGITTRGDGLSDYPKNAFNMARYIDDRPYNITQHQLQLAEEIAF-DRKNWV-FPIQTHENKVACITKDDIGTNIDTLTDALHGIDAMYTYDSNVLLTMCYADCVPVYFYSTKHHFIALAHAGWRGTYTEIVKEVLK-----HVNFDLKDLHVVIGPSTSS-SYEIND----DIKNKFETLPIDSANYIE---TRGRDRHGIDLKKANAELLNYYGVPKENIYTTAYATSEHLELFFSYRLEKGQTGRMLAFIGQQ-----------
52,PURNU_STAES,Q8CSX5,133,123,D,----MKERFIKKTHYLDYQFDEPTD----IKLGFTTRENGLSPYPNHSFNMARYISDSAHHITHHQDILANLIGY-PRDEWV-FPIQTHDSRIVEVTSEHKGTNIDELTDDLHGIDGMYTFDSHILLTMCYADCVPVYFYSEPHGYIGLAHAGWRGTYGQIVKEMLK-----KVDFDYEDLKIVIGPATSN-SYEIND----DIKNKFEELTIDSTLYIE---TRGKNQHGIDLKKANALLLEEAGVPSKNIYVTEYATSENLDLFFSYRVEKGQTGRMLAFIGRK-----------
53,PURNU_BACSU,O31726,133,131,D,MNTYHPFSLTTPSTLMIQDWAQTNQNNKEVIAGFTTKNGGVSQKPFESLNTGLHVHDKDADVVKNREYIADMFNT-DLQSWV-FADQTHDNRVQKVTQRDRGKGAREYHTALKATDGIYTNEKNVFLALCFADCVPLFFYDPVKSLVGVAHAGWKGTVKQIGREMVKQWT-EKEGSNPSDIYAVIGPSISGACYTVDD----RVMDAVRALPVSADLAAN---QTAKAQYQLDLKELNRLILMDSGLASEQISVSGLCTESEPSLFYSHRRDQGKTGRMMSFIGMKEA---------
54,PURNU_PSEAE,P33663,133,102,D,-----------MNAWLTPDWPAPAR----VRACVTTRSGGVSQAPFDSLNLGAHVDDDPRAVEENRRRLTERLECRPS-----WLDQVHGVTVVEA---------DPSRVLR--ADASWSAMPGVACTIMTADCLPALFCDRSGTRVAAAHAGWRGLAAGVLEATVD-----SLGVPGDELLVWLGPAIGPRAFEVGG----EVRDAFVAAHAEARSAFVPS-ANPG-RFMADIYRLARIRLGAHGV--TAVHGGGFCTFSDTARFYSYRRSS-RTGRFASLVWLQD----------
55,PURNU_HAEIN,P44552,133,104,D,------------MQAINPNWNVPKN----IHAFTTTREGGVSLAPYLSFNLGDHVGDNKSAVKTNRTLLVEKFGL-PQ-TPI-FLTQTHSTRVIQL----------PYSGQNLEADAVYTNVPNQVCVVMTADCLPVLFTTTSGNEVAATHAGWRGLCDGVLEETVK-----YFQAKPEDIIAWFGPAIGPKAFQVGI----DVVEKFVVVDEKAKLAFQPDAIEEG-KYLSNLYQIATQRLNNLGI--TQIYGGNHCTFNEKEKFFSYRRDN-QTGRMASVIWFE-----------
56,PURNU_ECOLI,P33644,133,106,D,-----------MSKLIVPQWPQPKG----VAACSSTRIGGVSLPPYDSLNLGAHCGDNPDHVEENRKRLFAAGNL-PS-KPV-WLEQVHGKDVLKLTG-------EPYASKR--ADASYSNTPGTVCAVMTADCLPVLFCNRAGTEVAAAHAGWRGLCAGVLEETVS-----CFADNPENILAWLGPAIGPRAFEVGG----EVREAFMAVDAKASAAF----IQHGDKYLADIYQLARQRLANVGV--EQIFGGDRCTYTENETFFSYRRDK-TTGRMASFIWLI-----------
57,PURNU_SHIFL,A0A384KG77,133,106,D,-----------MSKLIVPQWPLPKG----VAACSSTRIGGVSLPPYDSLNLGAHCGDNPDHVEENRKRLFAAGNL-PS-KPV-WLEQVHGKDVLKLTG-------EPYASKR--ADASYSNTPGTVCAVMTADCLPVLFCNRAGTEVAAVHAGWRGLCAGVLEETVS-----CFADKPENILAWLGPAIGPRAFEVGA----EVREAFMAVDAKASAAF----IQHGDKYLADIYQLARQRLANVGV--EQIFGGDRCTYTENETFFSYRRDK-TTGRMASFIWLI-----------
58,PURNU_DEIRA,Q9RT03,133,105,D,--------------MTAPGLPLLRAPNLAVPHAFTTRAGGVSAGPYAGLNLDDR-SDDPRPVAENRARLAAALGF-AADDFA-RLNQVHGVQVVHA-----------QAPGFWEGDALVTATPGVLLAIGTADCYPLLLADPEAGVIGAAHAGWKGTVGRIGQRTVEQM--VNLGARPERIHAAVGPGICGEQYEVGE----DVAAQFRAAGLGEWVL-----EREG-RTHLDLAGANRALLEGAGV--GDLWVSGRCSTEAD--FYSYRRDAGQTGRMWAVIGLPRREGQTGEARA
59,PURNU_MYCTU,P9WKD5,133,113,D,--------MLASTRHIARGDTGNVS--VRIRRVTTTRAGGVSAPPFDTFNLGDHVGDDPAAVAANRARLAAAIGL-PGNRVV-WMNQVHGDRVELVD--------QPRNTALDDTDGLVTATPRLALAVVTADCVPVLMADARAGIAAAVHAGRAGAQRGVVVRALEVM--LSLGAQVRDISALLGPAVSGRNYEVPA----AMADEVEAALPGSRTT-----TAAG-TPGVDLRAGIACQLRDLGV--ESIDVDPRCTVADPT-LFSHRRDA-PTGRFASLVWME-----------
60,PURNU_BORBU,O51423,134,91,C,--------MKTIEHELYYEFRIADD----VKMIYTKK----------PFNLKL------------KELSNDNFNFVPRSKKIKYLKQLHTDIIYKV---------EDDFINFQEGDGLISSSLDVALVAYFADCLPIYFYDSVKKIIGLIHSGYKGSFNLIILKMLFMF--EKMGSALKDLKIVFGPYNRSCCYEVSEIFLKEVSNKFSKDLLNASFV-----TRDG-KIYFDNASFNLNLLSSFNL---NIYNSKLCTYCLKN-LYSYRRL--RESQSYALIWRI-----------
61,PURNU_CAMJE,Q9PN78,134,93,C,-------MGRSRKNFLSLLENDKVG----IFCAF--------DKDYNVFRAKIH-----------NENLFSHLGFKDIEKCV-FMDQIHSHKVIIY----------DENLKNLSCDGLISKEKNIALCVLSADCLPLILYHESG-IIAALHSGRKGSFENILKECVDQITMQNSHLDKNKFHLFILPGICAKNYEIDG----EILE-FAKKEFKEFVQ----------DDKLDLKALVKFQAQNLGI--ENIKDCGICSFDDES-FFSYRRDK-TTKRFVSVVYLKD----------
62,PURNU_STAAC,Q5HGP4,134,124,C,----MNDNFKKQPHHLIYEELLQQG----ITLGITTRGDGLSDYPKNAFNMARYIDDRPYNITQHQLQLAEEIAF-DRKNWV-FPIQTHENKVACITKDDIGTNIDTLTDALHGIDAMYTYDSNVLLTMCYADCVPVYFYSTKHHFIALAHAGWRGTYTEIVKEVLK-----HVNFDLKDLHVVIGPSTSS-SYEIND----DIKNKFETLPIDSANYIE---TRGRDRHGIDLKKANAALLIYYGVPKENIYTTAYATSEHLELFFSYRLEKGQTGRMLAFIGQQ-----------
63,PURNU_STAAN,Q7A617,134,124,C,----MNDNFKKQPHHLIYEELLQQG----ITLGITTRGDGLSDYPKNAFNMARYIDDRPYNITQHQLQLAEEIAF-DRKNWV-FPIQTHENKVACITKDDIGTNIDTLTDALHGIDAMYTYDSNVLLTMCYADCVPVYFYSTKHHFIALAHAGWRGTYTEIVKEVLK-----HVNFDLKDLHVVIGPSTSS-SYEIND----DIKNKFETLPIDSANYIE---TRGRDRHGIDLKKANAELLNYYGVPKENIYTTAYATSEHLELFFSYRLEKGQTGRMLAFIGQQ-----------
64,PURNU_STAES,Q8CSX5,134,124,C,----MKERFIKKTHYLDYQFDEPTD----IKLGFTTRENGLSPYPNHSFNMARYISDSAHHITHHQDILANLIGY-PRDEWV-FPIQTHDSRIVEVTSEHKGTNIDELTDDLHGIDGMYTFDSHILLTMCYADCVPVYFYSEPHGYIGLAHAGWRGTYGQIVKEMLK-----KVDFDYEDLKIVIGPATSN-SYEIND----DIKNKFEELTIDSTLYIE---TRGKNQHGIDLKKANALLLEEAGVPSKNIYVTEYATSENLDLFFSYRVEKGQTGRMLAFIGRK-----------
65,PURNU_BACSU,O31726,134,132,C,MNTYHPFSLTTPSTLMIQDWAQTNQNNKEVIAGFTTKNGGVSQKPFESLNTGLHVHDKDADVVKNREYIADMFNT-DLQSWV-FADQTHDNRVQKVTQRDRGKGAREYHTALKATDGIYTNEKNVFLALCFADCVPLFFYDPVKSLVGVAHAGWKGTVKQIGREMVKQWT-EKEGSNPSDIYAVIGPSISGACYTVDD----RVMDAVRALPVSADLAAN---QTAKAQYQLDLKELNRLILMDSGLASEQISVSGLCTESEPSLFYSHRRDQGKTGRMMSFIGMKEA---------
66,PURNU_PSEAE,P33663,134,103,C,-----------MNAWLTPDWPAPAR----VRACVTTRSGGVSQAPFDSLNLGAHVDDDPRAVEENRRRLTERLECRPS-----WLDQVHGVTVVEA---------DPSRVLR--ADASWSAMPGVACTIMTADCLPALFCDRSGTRVAAAHAGWRGLAAGVLEATVD-----SLGVPGDELLVWLGPAIGPRAFEVGG----EVRDAFVAAHAEARSAFVPS-ANPG-RFMADIYRLARIRLGAHGV--TAVHGGGFCTFSDTARFYSYRRSS-RTGRFASLVWLQD----------
67,PURNU_HAEIN,P44552,134,105,C,------------MQAINPNWNVPKN----IHAFTTTREGGVSLAPYLSFNLGDHVGDNKSAVKTNRTLLVEKFGL-PQ-TPI-FLTQTHSTRVIQL----------PYSGQNLEADAVYTNVPNQVCVVMTADCLPVLFTTTSGNEVAATHAGWRGLCDGVLEETVK-----YFQAKPEDIIAWFGPAIGPKAFQVGI----DVVEKFVVVDEKAKLAFQPDAIEEG-KYLSNLYQIATQRLNNLGI--TQIYGGNHCTFNEKEKFFSYRRDN-QTGRMASVIWFE-----------
68,PURNU_ECOLI,P33644,134,107,C,-----------MSKLIVPQWPQPKG----VAACSSTRIGGVSLPPYDSLNLGAHCGDNPDHVEENRKRLFAAGNL-PS-KPV-WLEQVHGKDVLKLTG-------EPYASKR--ADASYSNTPGTVCAVMTADCLPVLFCNRAGTEVAAAHAGWRGLCAGVLEETVS-----CFADNPENILAWLGPAIGPRAFEVGG----EVREAFMAVDAKASAAF----IQHGDKYLADIYQLARQRLANVGV--EQIFGGDRCTYTENETFFSYRRDK-TTGRMASFIWLI-----------
69,PURNU_SHIFL,A0A384KG77,134,107,C,-----------MSKLIVPQWPLPKG----VAACSSTRIGGVSLPPYDSLNLGAHCGDNPDHVEENRKRLFAAGNL-PS-KPV-WLEQVHGKDVLKLTG-------EPYASKR--ADASYSNTPGTVCAVMTADCLPVLFCNRAGTEVAAVHAGWRGLCAGVLEETVS-----CFADKPENILAWLGPAIGPRAFEVGA----EVREAFMAVDAKASAAF----IQHGDKYLADIYQLARQRLANVGV--EQIFGGDRCTYTENETFFSYRRDK-TTGRMASFIWLI-----------
70,PURNU_DEIRA,Q9RT03,134,106,C,--------------MTAPGLPLLRAPNLAVPHAFTTRAGGVSAGPYAGLNLDDR-SDDPRPVAENRARLAAALGF-AADDFA-RLNQVHGVQVVHA-----------QAPGFWEGDALVTATPGVLLAIGTADCYPLLLADPEAGVIGAAHAGWKGTVGRIGQRTVEQM--VNLGARPERIHAAVGPGICGEQYEVGE----DVAAQFRAAGLGEWVL-----EREG-RTHLDLAGANRALLEGAGV--GDLWVSGRCSTEAD--FYSYRRDAGQTGRMWAVIGLPRREGQTGEARA
71,PURNU_MYCTU,P9WKD5,134,114,C,--------MLASTRHIARGDTGNVS--VRIRRVTTTRAGGVSAPPFDTFNLGDHVGDDPAAVAANRARLAAAIGL-PGNRVV-WMNQVHGDRVELVD--------QPRNTALDDTDGLVTATPRLALAVVTADCVPVLMADARAGIAAAVHAGRAGAQRGVVVRALEVM--LSLGAQVRDISALLGPAVSGRNYEVPA----AMADEVEAALPGSRTT-----TAAG-TPGVDLRAGIACQLRDLGV--ESIDVDPRCTVADPT-LFSHRRDA-PTGRFASLVWME-----------
72,PURNU_BORBU,O51423,136,93,P,--------MKTIEHELYYEFRIADD----VKMIYTKK----------PFNLKL------------KELSNDNFNFVPRSKKIKYLKQLHTDIIYKV---------EDDFINFQEGDGLISSSLDVALVAYFADCLPIYFYDSVKKIIGLIHSGYKGSFNLIILKMLFMF--EKMGSALKDLKIVFGPYNRSCCYEVSEIFLKEVSNKFSKDLLNASFV-----TRDG-KIYFDNASFNLNLLSSFNL---NIYNSKLCTYCLKN-LYSYRRL--RESQSYALIWRI-----------
73,PURNU_CAMJE,Q9PN78,136,95,P,-------MGRSRKNFLSLLENDKVG----IFCAF--------DKDYNVFRAKIH-----------NENLFSHLGFKDIEKCV-FMDQIHSHKVIIY----------DENLKNLSCDGLISKEKNIALCVLSADCLPLILYHESG-IIAALHSGRKGSFENILKECVDQITMQNSHLDKNKFHLFILPGICAKNYEIDG----EILE-FAKKEFKEFVQ----------DDKLDLKALVKFQAQNLGI--ENIKDCGICSFDDES-FFSYRRDK-TTKRFVSVVYLKD----------
74,PURNU_STAAC,Q5HGP4,136,126,P,----MNDNFKKQPHHLIYEELLQQG----ITLGITTRGDGLSDYPKNAFNMARYIDDRPYNITQHQLQLAEEIAF-DRKNWV-FPIQTHENKVACITKDDIGTNIDTLTDALHGIDAMYTYDSNVLLTMCYADCVPVYFYSTKHHFIALAHAGWRGTYTEIVKEVLK-----HVNFDLKDLHVVIGPSTSS-SYEIND----DIKNKFETLPIDSANYIE---TRGRDRHGIDLKKANAALLIYYGVPKENIYTTAYATSEHLELFFSYRLEKGQTGRMLAFIGQQ-----------
75,PURNU_STAAN,Q7A617,136,126,P,----MNDNFKKQPHHLIYEELLQQG----ITLGITTRGDGLSDYPKNAFNMARYIDDRPYNITQHQLQLAEEIAF-DRKNWV-FPIQTHENKVACITKDDIGTNIDTLTDALHGIDAMYTYDSNVLLTMCYADCVPVYFYSTKHHFIALAHAGWRGTYTEIVKEVLK-----HVNFDLKDLHVVIGPSTSS-SYEIND----DIKNKFETLPIDSANYIE---TRGRDRHGIDLKKANAELLNYYGVPKENIYTTAYATSEHLELFFSYRLEKGQTGRMLAFIGQQ-----------
76,PURNU_STAES,Q8CSX5,136,126,P,----MKERFIKKTHYLDYQFDEPTD----IKLGFTTRENGLSPYPNHSFNMARYISDSAHHITHHQDILANLIGY-PRDEWV-FPIQTHDSRIVEVTSEHKGTNIDELTDDLHGIDGMYTFDSHILLTMCYADCVPVYFYSEPHGYIGLAHAGWRGTYGQIVKEMLK-----KVDFDYEDLKIVIGPATSN-SYEIND----DIKNKFEELTIDSTLYIE---TRGKNQHGIDLKKANALLLEEAGVPSKNIYVTEYATSENLDLFFSYRVEKGQTGRMLAFIGRK-----------
77,PURNU_BACSU,O31726,136,134,P,MNTYHPFSLTTPSTLMIQDWAQTNQNNKEVIAGFTTKNGGVSQKPFESLNTGLHVHDKDADVVKNREYIADMFNT-DLQSWV-FADQTHDNRVQKVTQRDRGKGAREYHTALKATDGIYTNEKNVFLALCFADCVPLFFYDPVKSLVGVAHAGWKGTVKQIGREMVKQWT-EKEGSNPSDIYAVIGPSISGACYTVDD----RVMDAVRALPVSADLAAN---QTAKAQYQLDLKELNRLILMDSGLASEQISVSGLCTESEPSLFYSHRRDQGKTGRMMSFIGMKEA---------
78,PURNU_PSEAE,P33663,136,105,P,-----------MNAWLTPDWPAPAR----VRACVTTRSGGVSQAPFDSLNLGAHVDDDPRAVEENRRRLTERLECRPS-----WLDQVHGVTVVEA---------DPSRVLR--ADASWSAMPGVACTIMTADCLPALFCDRSGTRVAAAHAGWRGLAAGVLEATVD-----SLGVPGDELLVWLGPAIGPRAFEVGG----EVRDAFVAAHAEARSAFVPS-ANPG-RFMADIYRLARIRLGAHGV--TAVHGGGFCTFSDTARFYSYRRSS-RTGRFASLVWLQD----------
79,PURNU_HAEIN,P44552,136,107,P,------------MQAINPNWNVPKN----IHAFTTTREGGVSLAPYLSFNLGDHVGDNKSAVKTNRTLLVEKFGL-PQ-TPI-FLTQTHSTRVIQL----------PYSGQNLEADAVYTNVPNQVCVVMTADCLPVLFTTTSGNEVAATHAGWRGLCDGVLEETVK-----YFQAKPEDIIAWFGPAIGPKAFQVGI----DVVEKFVVVDEKAKLAFQPDAIEEG-KYLSNLYQIATQRLNNLGI--TQIYGGNHCTFNEKEKFFSYRRDN-QTGRMASVIWFE-----------
80,PURNU_ECOLI,P33644,136,109,P,-----------MSKLIVPQWPQPKG----VAACSSTRIGGVSLPPYDSLNLGAHCGDNPDHVEENRKRLFAAGNL-PS-KPV-WLEQVHGKDVLKLTG-------EPYASKR--ADASYSNTPGTVCAVMTADCLPVLFCNRAGTEVAAAHAGWRGLCAGVLEETVS-----CFADNPENILAWLGPAIGPRAFEVGG----EVREAFMAVDAKASAAF----IQHGDKYLADIYQLARQRLANVGV--EQIFGGDRCTYTENETFFSYRRDK-TTGRMASFIWLI-----------
81,PURNU_SHIFL,A0A384KG77,136,109,P,-----------MSKLIVPQWPLPKG----VAACSSTRIGGVSLPPYDSLNLGAHCGDNPDHVEENRKRLFAAGNL-PS-KPV-WLEQVHGKDVLKLTG-------EPYASKR--ADASYSNTPGTVCAVMTADCLPVLFCNRAGTEVAAVHAGWRGLCAGVLEETVS-----CFADKPENILAWLGPAIGPRAFEVGA----EVREAFMAVDAKASAAF----IQHGDKYLADIYQLARQRLANVGV--EQIFGGDRCTYTENETFFSYRRDK-TTGRMASFIWLI-----------
82,PURNU_DEIRA,Q9RT03,136,108,P,--------------MTAPGLPLLRAPNLAVPHAFTTRAGGVSAGPYAGLNLDDR-SDDPRPVAENRARLAAALGF-AADDFA-RLNQVHGVQVVHA-----------QAPGFWEGDALVTATPGVLLAIGTADCYPLLLADPEAGVIGAAHAGWKGTVGRIGQRTVEQM--VNLGARPERIHAAVGPGICGEQYEVGE----DVAAQFRAAGLGEWVL-----EREG-RTHLDLAGANRALLEGAGV--GDLWVSGRCSTEAD--FYSYRRDAGQTGRMWAVIGLPRREGQTGEARA
83,PURNU_MYCTU,P9WKD5,136,116,P,--------MLASTRHIARGDTGNVS--VRIRRVTTTRAGGVSAPPFDTFNLGDHVGDDPAAVAANRARLAAAIGL-PGNRVV-WMNQVHGDRVELVD--------QPRNTALDDTDGLVTATPRLALAVVTADCVPVLMADARAGIAAAVHAGRAGAQRGVVVRALEVM--LSLGAQVRDISALLGPAVSGRNYEVPA----AMADEVEAALPGSRTT-----TAAG-TPGVDLRAGIACQLRDLGV--ESIDVDPRCTVADPT-LFSHRRDA-PTGRFASLVWME-----------
84,PURNU_BORBU,O51423,151,108,H,--------MKTIEHELYYEFRIADD----VKMIYTKK----------PFNLKL------------KELSNDNFNFVPRSKKIKYLKQLHTDIIYKV---------EDDFINFQEGDGLISSSLDVALVAYFADCLPIYFYDSVKKIIGLIHSGYKGSFNLIILKMLFMF--EKMGSALKDLKIVFGPYNRSCCYEVSEIFLKEVSNKFSKDLLNASFV-----TRDG-KIYFDNASFNLNLLSSFNL---NIYNSKLCTYCLKN-LYSYRRL--RESQSYALIWRI-----------
85,PURNU_CAMJE,Q9PN78,151,109,H,-------MGRSRKNFLSLLENDKVG----IFCAF--------DKDYNVFRAKIH-----------NENLFSHLGFKDIEKCV-FMDQIHSHKVIIY----------DENLKNLSCDGLISKEKNIALCVLSADCLPLILYHESG-IIAALHSGRKGSFENILKECVDQITMQNSHLDKNKFHLFILPGICAKNYEIDG----EILE-FAKKEFKEFVQ----------DDKLDLKALVKFQAQNLGI--ENIKDCGICSFDDES-FFSYRRDK-TTKRFVSVVYLKD----------
86,PURNU_STAAC,Q5HGP4,151,141,H,----MNDNFKKQPHHLIYEELLQQG----ITLGITTRGDGLSDYPKNAFNMARYIDDRPYNITQHQLQLAEEIAF-DRKNWV-FPIQTHENKVACITKDDIGTNIDTLTDALHGIDAMYTYDSNVLLTMCYADCVPVYFYSTKHHFIALAHAGWRGTYTEIVKEVLK-----HVNFDLKDLHVVIGPSTSS-SYEIND----DIKNKFETLPIDSANYIE---TRGRDRHGIDLKKANAALLIYYGVPKENIYTTAYATSEHLELFFSYRLEKGQTGRMLAFIGQQ-----------
87,PURNU_STAAN,Q7A617,151,141,H,----MNDNFKKQPHHLIYEELLQQG----ITLGITTRGDGLSDYPKNAFNMARYIDDRPYNITQHQLQLAEEIAF-DRKNWV-FPIQTHENKVACITKDDIGTNIDTLTDALHGIDAMYTYDSNVLLTMCYADCVPVYFYSTKHHFIALAHAGWRGTYTEIVKEVLK-----HVNFDLKDLHVVIGPSTSS-SYEIND----DIKNKFETLPIDSANYIE---TRGRDRHGIDLKKANAELLNYYGVPKENIYTTAYATSEHLELFFSYRLEKGQTGRMLAFIGQQ-----------
88,PURNU_STAES,Q8CSX5,151,141,H,----MKERFIKKTHYLDYQFDEPTD----IKLGFTTRENGLSPYPNHSFNMARYISDSAHHITHHQDILANLIGY-PRDEWV-FPIQTHDSRIVEVTSEHKGTNIDELTDDLHGIDGMYTFDSHILLTMCYADCVPVYFYSEPHGYIGLAHAGWRGTYGQIVKEMLK-----KVDFDYEDLKIVIGPATSN-SYEIND----DIKNKFEELTIDSTLYIE---TRGKNQHGIDLKKANALLLEEAGVPSKNIYVTEYATSENLDLFFSYRVEKGQTGRMLAFIGRK-----------
89,PURNU_BACSU,O31726,151,149,H,MNTYHPFSLTTPSTLMIQDWAQTNQNNKEVIAGFTTKNGGVSQKPFESLNTGLHVHDKDADVVKNREYIADMFNT-DLQSWV-FADQTHDNRVQKVTQRDRGKGAREYHTALKATDGIYTNEKNVFLALCFADCVPLFFYDPVKSLVGVAHAGWKGTVKQIGREMVKQWT-EKEGSNPSDIYAVIGPSISGACYTVDD----RVMDAVRALPVSADLAAN---QTAKAQYQLDLKELNRLILMDSGLASEQISVSGLCTESEPSLFYSHRRDQGKTGRMMSFIGMKEA---------
90,PURNU_PSEAE,P33663,151,120,H,-----------MNAWLTPDWPAPAR----VRACVTTRSGGVSQAPFDSLNLGAHVDDDPRAVEENRRRLTERLECRPS-----WLDQVHGVTVVEA---------DPSRVLR--ADASWSAMPGVACTIMTADCLPALFCDRSGTRVAAAHAGWRGLAAGVLEATVD-----SLGVPGDELLVWLGPAIGPRAFEVGG----EVRDAFVAAHAEARSAFVPS-ANPG-RFMADIYRLARIRLGAHGV--TAVHGGGFCTFSDTARFYSYRRSS-RTGRFASLVWLQD----------
91,PURNU_HAEIN,P44552,151,122,H,------------MQAINPNWNVPKN----IHAFTTTREGGVSLAPYLSFNLGDHVGDNKSAVKTNRTLLVEKFGL-PQ-TPI-FLTQTHSTRVIQL----------PYSGQNLEADAVYTNVPNQVCVVMTADCLPVLFTTTSGNEVAATHAGWRGLCDGVLEETVK-----YFQAKPEDIIAWFGPAIGPKAFQVGI----DVVEKFVVVDEKAKLAFQPDAIEEG-KYLSNLYQIATQRLNNLGI--TQIYGGNHCTFNEKEKFFSYRRDN-QTGRMASVIWFE-----------
92,PURNU_ECOLI,P33644,151,124,H,-----------MSKLIVPQWPQPKG----VAACSSTRIGGVSLPPYDSLNLGAHCGDNPDHVEENRKRLFAAGNL-PS-KPV-WLEQVHGKDVLKLTG-------EPYASKR--ADASYSNTPGTVCAVMTADCLPVLFCNRAGTEVAAAHAGWRGLCAGVLEETVS-----CFADNPENILAWLGPAIGPRAFEVGG----EVREAFMAVDAKASAAF----IQHGDKYLADIYQLARQRLANVGV--EQIFGGDRCTYTENETFFSYRRDK-TTGRMASFIWLI-----------
93,PURNU_SHIFL,A0A384KG77,151,124,H,-----------MSKLIVPQWPLPKG----VAACSSTRIGGVSLPPYDSLNLGAHCGDNPDHVEENRKRLFAAGNL-PS-KPV-WLEQVHGKDVLKLTG-------EPYASKR--ADASYSNTPGTVCAVMTADCLPVLFCNRAGTEVAAVHAGWRGLCAGVLEETVS-----CFADKPENILAWLGPAIGPRAFEVGA----EVREAFMAVDAKASAAF----IQHGDKYLADIYQLARQRLANVGV--EQIFGGDRCTYTENETFFSYRRDK-TTGRMASFIWLI-----------
94,PURNU_DEIRA,Q9RT03,151,123,H,--------------MTAPGLPLLRAPNLAVPHAFTTRAGGVSAGPYAGLNLDDR-SDDPRPVAENRARLAAALGF-AADDFA-RLNQVHGVQVVHA-----------QAPGFWEGDALVTATPGVLLAIGTADCYPLLLADPEAGVIGAAHAGWKGTVGRIGQRTVEQM--VNLGARPERIHAAVGPGICGEQYEVGE----DVAAQFRAAGLGEWVL-----EREG-RTHLDLAGANRALLEGAGV--GDLWVSGRCSTEAD--FYSYRRDAGQTGRMWAVIGLPRREGQTGEARA
95,PURNU_MYCTU,P9WKD5,151,131,H,--------MLASTRHIARGDTGNVS--VRIRRVTTTRAGGVSAPPFDTFNLGDHVGDDPAAVAANRARLAAAIGL-PGNRVV-WMNQVHGDRVELVD--------QPRNTALDDTDGLVTATPRLALAVVTADCVPVLMADARAGIAAAVHAGRAGAQRGVVVRALEVM--LSLGAQVRDISALLGPAVSGRNYEVPA----AMADEVEAALPGSRTT-----TAAG-TPGVDLRAGIACQLRDLGV--ESIDVDPRCTVADPT-LFSHRRDA-PTGRFASLVWME-----------
96,PURNU_BORBU,O51423,153,110,G,--------MKTIEHELYYEFRIADD----VKMIYTKK----------PFNLKL------------KELSNDNFNFVPRSKKIKYLKQLHTDIIYKV---------EDDFINFQEGDGLISSSLDVALVAYFADCLPIYFYDSVKKIIGLIHSGYKGSFNLIILKMLFMF--EKMGSALKDLKIVFGPYNRSCCYEVSEIFLKEVSNKFSKDLLNASFV-----TRDG-KIYFDNASFNLNLLSSFNL---NIYNSKLCTYCLKN-LYSYRRL--RESQSYALIWRI-----------
97,PURNU_CAMJE,Q9PN78,153,111,G,-------MGRSRKNFLSLLENDKVG----IFCAF--------DKDYNVFRAKIH-----------NENLFSHLGFKDIEKCV-FMDQIHSHKVIIY----------DENLKNLSCDGLISKEKNIALCVLSADCLPLILYHESG-IIAALHSGRKGSFENILKECVDQITMQNSHLDKNKFHLFILPGICAKNYEIDG----EILE-FAKKEFKEFVQ----------DDKLDLKALVKFQAQNLGI--ENIKDCGICSFDDES-FFSYRRDK-TTKRFVSVVYLKD----------
98,PURNU_STAAC,Q5HGP4,153,143,G,----MNDNFKKQPHHLIYEELLQQG----ITLGITTRGDGLSDYPKNAFNMARYIDDRPYNITQHQLQLAEEIAF-DRKNWV-FPIQTHENKVACITKDDIGTNIDTLTDALHGIDAMYTYDSNVLLTMCYADCVPVYFYSTKHHFIALAHAGWRGTYTEIVKEVLK-----HVNFDLKDLHVVIGPSTSS-SYEIND----DIKNKFETLPIDSANYIE---TRGRDRHGIDLKKANAALLIYYGVPKENIYTTAYATSEHLELFFSYRLEKGQTGRMLAFIGQQ-----------
99,PURNU_STAAN,Q7A617,153,143,G,----MNDNFKKQPHHLIYEELLQQG----ITLGITTRGDGLSDYPKNAFNMARYIDDRPYNITQHQLQLAEEIAF-DRKNWV-FPIQTHENKVACITKDDIGTNIDTLTDALHGIDAMYTYDSNVLLTMCYADCVPVYFYSTKHHFIALAHAGWRGTYTEIVKEVLK-----HVNFDLKDLHVVIGPSTSS-SYEIND----DIKNKFETLPIDSANYIE---TRGRDRHGIDLKKANAELLNYYGVPKENIYTTAYATSEHLELFFSYRLEKGQTGRMLAFIGQQ-----------
100,PURNU_STAES,Q8CSX5,153,143,G,----MKERFIKKTHYLDYQFDEPTD----IKLGFTTRENGLSPYPNHSFNMARYISDSAHHITHHQDILANLIGY-PRDEWV-FPIQTHDSRIVEVTSEHKGTNIDELTDDLHGIDGMYTFDSHILLTMCYADCVPVYFYSEPHGYIGLAHAGWRGTYGQIVKEMLK-----KVDFDYEDLKIVIGPATSN-SYEIND----DIKNKFEELTIDSTLYIE---TRGKNQHGIDLKKANALLLEEAGVPSKNIYVTEYATSENLDLFFSYRVEKGQTGRMLAFIGRK-----------
101,PURNU_BACSU,O31726,153,151,G,MNTYHPFSLTTPSTLMIQDWAQTNQNNKEVIAGFTTKNGGVSQKPFESLNTGLHVHDKDADVVKNREYIADMFNT-DLQSWV-FADQTHDNRVQKVTQRDRGKGAREYHTALKATDGIYTNEKNVFLALCFADCVPLFFYDPVKSLVGVAHAGWKGTVKQIGREMVKQWT-EKEGSNPSDIYAVIGPSISGACYTVDD----RVMDAVRALPVSADLAAN---QTAKAQYQLDLKELNRLILMDSGLASEQISVSGLCTESEPSLFYSHRRDQGKTGRMMSFIGMKEA---------
102,PURNU_PSEAE,P33663,153,122,G,-----------MNAWLTPDWPAPAR----VRACVTTRSGGVSQAPFDSLNLGAHVDDDPRAVEENRRRLTERLECRPS-----WLDQVHGVTVVEA---------DPSRVLR--ADASWSAMPGVACTIMTADCLPALFCDRSGTRVAAAHAGWRGLAAGVLEATVD-----SLGVPGDELLVWLGPAIGPRAFEVGG----EVRDAFVAAHAEARSAFVPS-ANPG-RFMADIYRLARIRLGAHGV--TAVHGGGFCTFSDTARFYSYRRSS-RTGRFASLVWLQD----------
103,PURNU_HAEIN,P44552,153,124,G,------------MQAINPNWNVPKN----IHAFTTTREGGVSLAPYLSFNLGDHVGDNKSAVKTNRTLLVEKFGL-PQ-TPI-FLTQTHSTRVIQL----------PYSGQNLEADAVYTNVPNQVCVVMTADCLPVLFTTTSGNEVAATHAGWRGLCDGVLEETVK-----YFQAKPEDIIAWFGPAIGPKAFQVGI----DVVEKFVVVDEKAKLAFQPDAIEEG-KYLSNLYQIATQRLNNLGI--TQIYGGNHCTFNEKEKFFSYRRDN-QTGRMASVIWFE-----------
104,PURNU_ECOLI,P33644,153,126,G,-----------MSKLIVPQWPQPKG----VAACSSTRIGGVSLPPYDSLNLGAHCGDNPDHVEENRKRLFAAGNL-PS-KPV-WLEQVHGKDVLKLTG-------EPYASKR--ADASYSNTPGTVCAVMTADCLPVLFCNRAGTEVAAAHAGWRGLCAGVLEETVS-----CFADNPENILAWLGPAIGPRAFEVGG----EVREAFMAVDAKASAAF----IQHGDKYLADIYQLARQRLANVGV--EQIFGGDRCTYTENETFFSYRRDK-TTGRMASFIWLI-----------
105,PURNU_SHIFL,A0A384KG77,153,126,G,-----------MSKLIVPQWPLPKG----VAACSSTRIGGVSLPPYDSLNLGAHCGDNPDHVEENRKRLFAAGNL-PS-KPV-WLEQVHGKDVLKLTG-------EPYASKR--ADASYSNTPGTVCAVMTADCLPVLFCNRAGTEVAAVHAGWRGLCAGVLEETVS-----CFADKPENILAWLGPAIGPRAFEVGA----EVREAFMAVDAKASAAF----IQHGDKYLADIYQLARQRLANVGV--EQIFGGDRCTYTENETFFSYRRDK-TTGRMASFIWLI-----------
106,PURNU_DEIRA,Q9RT03,153,125,G,--------------MTAPGLPLLRAPNLAVPHAFTTRAGGVSAGPYAGLNLDDR-SDDPRPVAENRARLAAALGF-AADDFA-RLNQVHGVQVVHA-----------QAPGFWEGDALVTATPGVLLAIGTADCYPLLLADPEAGVIGAAHAGWKGTVGRIGQRTVEQM--VNLGARPERIHAAVGPGICGEQYEVGE----DVAAQFRAAGLGEWVL-----EREG-RTHLDLAGANRALLEGAGV--GDLWVSGRCSTEAD--FYSYRRDAGQTGRMWAVIGLPRREGQTGEARA
107,PURNU_MYCTU,P9WKD5,153,133,G,--------MLASTRHIARGDTGNVS--VRIRRVTTTRAGGVSAPPFDTFNLGDHVGDDPAAVAANRARLAAAIGL-PGNRVV-WMNQVHGDRVELVD--------QPRNTALDDTDGLVTATPRLALAVVTADCVPVLMADARAGIAAAVHAGRAGAQRGVVVRALEVM--LSLGAQVRDISALLGPAVSGRNYEVPA----AMADEVEAALPGSRTT-----TAAG-TPGVDLRAGIACQLRDLGV--ESIDVDPRCTVADPT-LFSHRRDA-PTGRFASLVWME-----------
108,PURNU_BORBU,O51423,156,113,G,--------MKTIEHELYYEFRIADD----VKMIYTKK----------PFNLKL------------KELSNDNFNFVPRSKKIKYLKQLHTDIIYKV---------EDDFINFQEGDGLISSSLDVALVAYFADCLPIYFYDSVKKIIGLIHSGYKGSFNLIILKMLFMF--EKMGSALKDLKIVFGPYNRSCCYEVSEIFLKEVSNKFSKDLLNASFV-----TRDG-KIYFDNASFNLNLLSSFNL---NIYNSKLCTYCLKN-LYSYRRL--RESQSYALIWRI-----------
109,PURNU_CAMJE,Q9PN78,156,114,G,-------MGRSRKNFLSLLENDKVG----IFCAF--------DKDYNVFRAKIH-----------NENLFSHLGFKDIEKCV-FMDQIHSHKVIIY----------DENLKNLSCDGLISKEKNIALCVLSADCLPLILYHESG-IIAALHSGRKGSFENILKECVDQITMQNSHLDKNKFHLFILPGICAKNYEIDG----EILE-FAKKEFKEFVQ----------DDKLDLKALVKFQAQNLGI--ENIKDCGICSFDDES-FFSYRRDK-TTKRFVSVVYLKD----------
110,PURNU_STAAC,Q5HGP4,156,146,G,----MNDNFKKQPHHLIYEELLQQG----ITLGITTRGDGLSDYPKNAFNMARYIDDRPYNITQHQLQLAEEIAF-DRKNWV-FPIQTHENKVACITKDDIGTNIDTLTDALHGIDAMYTYDSNVLLTMCYADCVPVYFYSTKHHFIALAHAGWRGTYTEIVKEVLK-----HVNFDLKDLHVVIGPSTSS-SYEIND----DIKNKFETLPIDSANYIE---TRGRDRHGIDLKKANAALLIYYGVPKENIYTTAYATSEHLELFFSYRLEKGQTGRMLAFIGQQ-----------
111,PURNU_STAAN,Q7A617,156,146,G,----MNDNFKKQPHHLIYEELLQQG----ITLGITTRGDGLSDYPKNAFNMARYIDDRPYNITQHQLQLAEEIAF-DRKNWV-FPIQTHENKVACITKDDIGTNIDTLTDALHGIDAMYTYDSNVLLTMCYADCVPVYFYSTKHHFIALAHAGWRGTYTEIVKEVLK-----HVNFDLKDLHVVIGPSTSS-SYEIND----DIKNKFETLPIDSANYIE---TRGRDRHGIDLKKANAELLNYYGVPKENIYTTAYATSEHLELFFSYRLEKGQTGRMLAFIGQQ-----------
112,PURNU_STAES,Q8CSX5,156,146,G,----MKERFIKKTHYLDYQFDEPTD----IKLGFTTRENGLSPYPNHSFNMARYISDSAHHITHHQDILANLIGY-PRDEWV-FPIQTHDSRIVEVTSEHKGTNIDELTDDLHGIDGMYTFDSHILLTMCYADCVPVYFYSEPHGYIGLAHAGWRGTYGQIVKEMLK-----KVDFDYEDLKIVIGPATSN-SYEIND----DIKNKFEELTIDSTLYIE---TRGKNQHGIDLKKANALLLEEAGVPSKNIYVTEYATSENLDLFFSYRVEKGQTGRMLAFIGRK-----------
113,PURNU_BACSU,O31726,156,154,G,MNTYHPFSLTTPSTLMIQDWAQTNQNNKEVIAGFTTKNGGVSQKPFESLNTGLHVHDKDADVVKNREYIADMFNT-DLQSWV-FADQTHDNRVQKVTQRDRGKGAREYHTALKATDGIYTNEKNVFLALCFADCVPLFFYDPVKSLVGVAHAGWKGTVKQIGREMVKQWT-EKEGSNPSDIYAVIGPSISGACYTVDD----RVMDAVRALPVSADLAAN---QTAKAQYQLDLKELNRLILMDSGLASEQISVSGLCTESEPSLFYSHRRDQGKTGRMMSFIGMKEA---------
114,PURNU_PSEAE,P33663,156,125,G,-----------MNAWLTPDWPAPAR----VRACVTTRSGGVSQAPFDSLNLGAHVDDDPRAVEENRRRLTERLECRPS-----WLDQVHGVTVVEA---------DPSRVLR--ADASWSAMPGVACTIMTADCLPALFCDRSGTRVAAAHAGWRGLAAGVLEATVD-----SLGVPGDELLVWLGPAIGPRAFEVGG----EVRDAFVAAHAEARSAFVPS-ANPG-RFMADIYRLARIRLGAHGV--TAVHGGGFCTFSDTARFYSYRRSS-RTGRFASLVWLQD----------
115,PURNU_HAEIN,P44552,156,127,G,------------MQAINPNWNVPKN----IHAFTTTREGGVSLAPYLSFNLGDHVGDNKSAVKTNRTLLVEKFGL-PQ-TPI-FLTQTHSTRVIQL----------PYSGQNLEADAVYTNVPNQVCVVMTADCLPVLFTTTSGNEVAATHAGWRGLCDGVLEETVK-----YFQAKPEDIIAWFGPAIGPKAFQVGI----DVVEKFVVVDEKAKLAFQPDAIEEG-KYLSNLYQIATQRLNNLGI--TQIYGGNHCTFNEKEKFFSYRRDN-QTGRMASVIWFE-----------
116,PURNU_ECOLI,P33644,156,129,G,-----------MSKLIVPQWPQPKG----VAACSSTRIGGVSLPPYDSLNLGAHCGDNPDHVEENRKRLFAAGNL-PS-KPV-WLEQVHGKDVLKLTG-------EPYASKR--ADASYSNTPGTVCAVMTADCLPVLFCNRAGTEVAAAHAGWRGLCAGVLEETVS-----CFADNPENILAWLGPAIGPRAFEVGG----EVREAFMAVDAKASAAF----IQHGDKYLADIYQLARQRLANVGV--EQIFGGDRCTYTENETFFSYRRDK-TTGRMASFIWLI-----------
117,PURNU_SHIFL,A0A384KG77,156,129,G,-----------MSKLIVPQWPLPKG----VAACSSTRIGGVSLPPYDSLNLGAHCGDNPDHVEENRKRLFAAGNL-PS-KPV-WLEQVHGKDVLKLTG-------EPYASKR--ADASYSNTPGTVCAVMTADCLPVLFCNRAGTEVAAVHAGWRGLCAGVLEETVS-----CFADKPENILAWLGPAIGPRAFEVGA----EVREAFMAVDAKASAAF----IQHGDKYLADIYQLARQRLANVGV--EQIFGGDRCTYTENETFFSYRRDK-TTGRMASFIWLI-----------
118,PURNU_DEIRA,Q9RT03,156,128,G,--------------MTAPGLPLLRAPNLAVPHAFTTRAGGVSAGPYAGLNLDDR-SDDPRPVAENRARLAAALGF-AADDFA-RLNQVHGVQVVHA-----------QAPGFWEGDALVTATPGVLLAIGTADCYPLLLADPEAGVIGAAHAGWKGTVGRIGQRTVEQM--VNLGARPERIHAAVGPGICGEQYEVGE----DVAAQFRAAGLGEWVL-----EREG-RTHLDLAGANRALLEGAGV--GDLWVSGRCSTEAD--FYSYRRDAGQTGRMWAVIGLPRREGQTGEARA
119,PURNU_MYCTU,P9WKD5,156,136,G,--------MLASTRHIARGDTGNVS--VRIRRVTTTRAGGVSAPPFDTFNLGDHVGDDPAAVAANRARLAAAIGL-PGNRVV-WMNQVHGDRVELVD--------QPRNTALDDTDGLVTATPRLALAVVTADCVPVLMADARAGIAAAVHAGRAGAQRGVVVRALEVM--LSLGAQVRDISALLGPAVSGRNYEVPA----AMADEVEAALPGSRTT-----TAAG-TPGVDLRAGIACQLRDLGV--ESIDVDPRCTVADPT-LFSHRRDA-PTGRFASLVWME-----------
120,PURNU_BORBU,O51423,187,142,P,--------MKTIEHELYYEFRIADD----VKMIYTKK----------PFNLKL------------KELSNDNFNFVPRSKKIKYLKQLHTDIIYKV---------EDDFINFQEGDGLISSSLDVALVAYFADCLPIYFYDSVKKIIGLIHSGYKGSFNLIILKMLFMF--EKMGSALKDLKIVFGPYNRSCCYEVSEIFLKEVSNKFSKDLLNASFV-----TRDG-KIYFDNASFNLNLLSSFNL---NIYNSKLCTYCLKN-LYSYRRL--RESQSYALIWRI-----------
121,PURNU_CAMJE,Q9PN78,187,145,P,-------MGRSRKNFLSLLENDKVG----IFCAF--------DKDYNVFRAKIH-----------NENLFSHLGFKDIEKCV-FMDQIHSHKVIIY----------DENLKNLSCDGLISKEKNIALCVLSADCLPLILYHESG-IIAALHSGRKGSFENILKECVDQITMQNSHLDKNKFHLFILPGICAKNYEIDG----EILE-FAKKEFKEFVQ----------DDKLDLKALVKFQAQNLGI--ENIKDCGICSFDDES-FFSYRRDK-TTKRFVSVVYLKD----------
122,PURNU_STAAC,Q5HGP4,187,172,P,----MNDNFKKQPHHLIYEELLQQG----ITLGITTRGDGLSDYPKNAFNMARYIDDRPYNITQHQLQLAEEIAF-DRKNWV-FPIQTHENKVACITKDDIGTNIDTLTDALHGIDAMYTYDSNVLLTMCYADCVPVYFYSTKHHFIALAHAGWRGTYTEIVKEVLK-----HVNFDLKDLHVVIGPSTSS-SYEIND----DIKNKFETLPIDSANYIE---TRGRDRHGIDLKKANAALLIYYGVPKENIYTTAYATSEHLELFFSYRLEKGQTGRMLAFIGQQ-----------
123,PURNU_STAAN,Q7A617,187,172,P,----MNDNFKKQPHHLIYEELLQQG----ITLGITTRGDGLSDYPKNAFNMARYIDDRPYNITQHQLQLAEEIAF-DRKNWV-FPIQTHENKVACITKDDIGTNIDTLTDALHGIDAMYTYDSNVLLTMCYADCVPVYFYSTKHHFIALAHAGWRGTYTEIVKEVLK-----HVNFDLKDLHVVIGPSTSS-SYEIND----DIKNKFETLPIDSANYIE---TRGRDRHGIDLKKANAELLNYYGVPKENIYTTAYATSEHLELFFSYRLEKGQTGRMLAFIGQQ-----------
124,PURNU_STAES,Q8CSX5,187,172,P,----MKERFIKKTHYLDYQFDEPTD----IKLGFTTRENGLSPYPNHSFNMARYISDSAHHITHHQDILANLIGY-PRDEWV-FPIQTHDSRIVEVTSEHKGTNIDELTDDLHGIDGMYTFDSHILLTMCYADCVPVYFYSEPHGYIGLAHAGWRGTYGQIVKEMLK-----KVDFDYEDLKIVIGPATSN-SYEIND----DIKNKFEELTIDSTLYIE---TRGKNQHGIDLKKANALLLEEAGVPSKNIYVTEYATSENLDLFFSYRVEKGQTGRMLAFIGRK-----------
125,PURNU_BACSU,O31726,187,184,P,MNTYHPFSLTTPSTLMIQDWAQTNQNNKEVIAGFTTKNGGVSQKPFESLNTGLHVHDKDADVVKNREYIADMFNT-DLQSWV-FADQTHDNRVQKVTQRDRGKGAREYHTALKATDGIYTNEKNVFLALCFADCVPLFFYDPVKSLVGVAHAGWKGTVKQIGREMVKQWT-EKEGSNPSDIYAVIGPSISGACYTVDD----RVMDAVRALPVSADLAAN---QTAKAQYQLDLKELNRLILMDSGLASEQISVSGLCTESEPSLFYSHRRDQGKTGRMMSFIGMKEA---------
126,PURNU_PSEAE,P33663,187,151,P,-----------MNAWLTPDWPAPAR----VRACVTTRSGGVSQAPFDSLNLGAHVDDDPRAVEENRRRLTERLECRPS-----WLDQVHGVTVVEA---------DPSRVLR--ADASWSAMPGVACTIMTADCLPALFCDRSGTRVAAAHAGWRGLAAGVLEATVD-----SLGVPGDELLVWLGPAIGPRAFEVGG----EVRDAFVAAHAEARSAFVPS-ANPG-RFMADIYRLARIRLGAHGV--TAVHGGGFCTFSDTARFYSYRRSS-RTGRFASLVWLQD----------
127,PURNU_HAEIN,P44552,187,153,P,------------MQAINPNWNVPKN----IHAFTTTREGGVSLAPYLSFNLGDHVGDNKSAVKTNRTLLVEKFGL-PQ-TPI-FLTQTHSTRVIQL----------PYSGQNLEADAVYTNVPNQVCVVMTADCLPVLFTTTSGNEVAATHAGWRGLCDGVLEETVK-----YFQAKPEDIIAWFGPAIGPKAFQVGI----DVVEKFVVVDEKAKLAFQPDAIEEG-KYLSNLYQIATQRLNNLGI--TQIYGGNHCTFNEKEKFFSYRRDN-QTGRMASVIWFE-----------
128,PURNU_ECOLI,P33644,187,155,P,-----------MSKLIVPQWPQPKG----VAACSSTRIGGVSLPPYDSLNLGAHCGDNPDHVEENRKRLFAAGNL-PS-KPV-WLEQVHGKDVLKLTG-------EPYASKR--ADASYSNTPGTVCAVMTADCLPVLFCNRAGTEVAAAHAGWRGLCAGVLEETVS-----CFADNPENILAWLGPAIGPRAFEVGG----EVREAFMAVDAKASAAF----IQHGDKYLADIYQLARQRLANVGV--EQIFGGDRCTYTENETFFSYRRDK-TTGRMASFIWLI-----------
129,PURNU_SHIFL,A0A384KG77,187,155,P,-----------MSKLIVPQWPLPKG----VAACSSTRIGGVSLPPYDSLNLGAHCGDNPDHVEENRKRLFAAGNL-PS-KPV-WLEQVHGKDVLKLTG-------EPYASKR--ADASYSNTPGTVCAVMTADCLPVLFCNRAGTEVAAVHAGWRGLCAGVLEETVS-----CFADKPENILAWLGPAIGPRAFEVGA----EVREAFMAVDAKASAAF----IQHGDKYLADIYQLARQRLANVGV--EQIFGGDRCTYTENETFFSYRRDK-TTGRMASFIWLI-----------
130,PURNU_DEIRA,Q9RT03,187,157,P,--------------MTAPGLPLLRAPNLAVPHAFTTRAGGVSAGPYAGLNLDDR-SDDPRPVAENRARLAAALGF-AADDFA-RLNQVHGVQVVHA-----------QAPGFWEGDALVTATPGVLLAIGTADCYPLLLADPEAGVIGAAHAGWKGTVGRIGQRTVEQM--VNLGARPERIHAAVGPGICGEQYEVGE----DVAAQFRAAGLGEWVL-----EREG-RTHLDLAGANRALLEGAGV--GDLWVSGRCSTEAD--FYSYRRDAGQTGRMWAVIGLPRREGQTGEARA
131,PURNU_MYCTU,P9WKD5,187,165,P,--------MLASTRHIARGDTGNVS--VRIRRVTTTRAGGVSAPPFDTFNLGDHVGDDPAAVAANRARLAAAIGL-PGNRVV-WMNQVHGDRVELVD--------QPRNTALDDTDGLVTATPRLALAVVTADCVPVLMADARAGIAAAVHAGRAGAQRGVVVRALEVM--LSLGAQVRDISALLGPAVSGRNYEVPA----AMADEVEAALPGSRTT-----TAAG-TPGVDLRAGIACQLRDLGV--ESIDVDPRCTVADPT-LFSHRRDA-PTGRFASLVWME-----------
132,PURNU_BORBU,O51423,268,213,S,--------MKTIEHELYYEFRIADD----VKMIYTKK----------PFNLKL------------KELSNDNFNFVPRSKKIKYLKQLHTDIIYKV---------EDDFINFQEGDGLISSSLDVALVAYFADCLPIYFYDSVKKIIGLIHSGYKGSFNLIILKMLFMF--EKMGSALKDLKIVFGPYNRSCCYEVSEIFLKEVSNKFSKDLLNASFV-----TRDG-KIYFDNASFNLNLLSSFNL---NIYNSKLCTYCLKN-LYSYRRL--RESQSYALIWRI-----------
133,PURNU_CAMJE,Q9PN78,268,208,S,-------MGRSRKNFLSLLENDKVG----IFCAF--------DKDYNVFRAKIH-----------NENLFSHLGFKDIEKCV-FMDQIHSHKVIIY----------DENLKNLSCDGLISKEKNIALCVLSADCLPLILYHESG-IIAALHSGRKGSFENILKECVDQITMQNSHLDKNKFHLFILPGICAKNYEIDG----EILE-FAKKEFKEFVQ----------DDKLDLKALVKFQAQNLGI--ENIKDCGICSFDDES-FFSYRRDK-TTKRFVSVVYLKD----------
134,PURNU_STAAC,Q5HGP4,268,245,S,----MNDNFKKQPHHLIYEELLQQG----ITLGITTRGDGLSDYPKNAFNMARYIDDRPYNITQHQLQLAEEIAF-DRKNWV-FPIQTHENKVACITKDDIGTNIDTLTDALHGIDAMYTYDSNVLLTMCYADCVPVYFYSTKHHFIALAHAGWRGTYTEIVKEVLK-----HVNFDLKDLHVVIGPSTSS-SYEIND----DIKNKFETLPIDSANYIE---TRGRDRHGIDLKKANAALLIYYGVPKENIYTTAYATSEHLELFFSYRLEKGQTGRMLAFIGQQ-----------
135,PURNU_STAAN,Q7A617,268,245,S,----MNDNFKKQPHHLIYEELLQQG----ITLGITTRGDGLSDYPKNAFNMARYIDDRPYNITQHQLQLAEEIAF-DRKNWV-FPIQTHENKVACITKDDIGTNIDTLTDALHGIDAMYTYDSNVLLTMCYADCVPVYFYSTKHHFIALAHAGWRGTYTEIVKEVLK-----HVNFDLKDLHVVIGPSTSS-SYEIND----DIKNKFETLPIDSANYIE---TRGRDRHGIDLKKANAELLNYYGVPKENIYTTAYATSEHLELFFSYRLEKGQTGRMLAFIGQQ-----------
136,PURNU_STAES,Q8CSX5,268,245,S,----MKERFIKKTHYLDYQFDEPTD----IKLGFTTRENGLSPYPNHSFNMARYISDSAHHITHHQDILANLIGY-PRDEWV-FPIQTHDSRIVEVTSEHKGTNIDELTDDLHGIDGMYTFDSHILLTMCYADCVPVYFYSEPHGYIGLAHAGWRGTYGQIVKEMLK-----KVDFDYEDLKIVIGPATSN-SYEIND----DIKNKFEELTIDSTLYIE---TRGKNQHGIDLKKANALLLEEAGVPSKNIYVTEYATSENLDLFFSYRVEKGQTGRMLAFIGRK-----------
137,PURNU_BACSU,O31726,268,258,S,MNTYHPFSLTTPSTLMIQDWAQTNQNNKEVIAGFTTKNGGVSQKPFESLNTGLHVHDKDADVVKNREYIADMFNT-DLQSWV-FADQTHDNRVQKVTQRDRGKGAREYHTALKATDGIYTNEKNVFLALCFADCVPLFFYDPVKSLVGVAHAGWKGTVKQIGREMVKQWT-EKEGSNPSDIYAVIGPSISGACYTVDD----RVMDAVRALPVSADLAAN---QTAKAQYQLDLKELNRLILMDSGLASEQISVSGLCTESEPSLFYSHRRDQGKTGRMMSFIGMKEA---------
138,PURNU_PSEAE,P33663,268,224,S,-----------MNAWLTPDWPAPAR----VRACVTTRSGGVSQAPFDSLNLGAHVDDDPRAVEENRRRLTERLECRPS-----WLDQVHGVTVVEA---------DPSRVLR--ADASWSAMPGVACTIMTADCLPALFCDRSGTRVAAAHAGWRGLAAGVLEATVD-----SLGVPGDELLVWLGPAIGPRAFEVGG----EVRDAFVAAHAEARSAFVPS-ANPG-RFMADIYRLARIRLGAHGV--TAVHGGGFCTFSDTARFYSYRRSS-RTGRFASLVWLQD----------
139,PURNU_HAEIN,P44552,268,227,S,------------MQAINPNWNVPKN----IHAFTTTREGGVSLAPYLSFNLGDHVGDNKSAVKTNRTLLVEKFGL-PQ-TPI-FLTQTHSTRVIQL----------PYSGQNLEADAVYTNVPNQVCVVMTADCLPVLFTTTSGNEVAATHAGWRGLCDGVLEETVK-----YFQAKPEDIIAWFGPAIGPKAFQVGI----DVVEKFVVVDEKAKLAFQPDAIEEG-KYLSNLYQIATQRLNNLGI--TQIYGGNHCTFNEKEKFFSYRRDN-QTGRMASVIWFE-----------
140,PURNU_ECOLI,P33644,268,226,S,-----------MSKLIVPQWPQPKG----VAACSSTRIGGVSLPPYDSLNLGAHCGDNPDHVEENRKRLFAAGNL-PS-KPV-WLEQVHGKDVLKLTG-------EPYASKR--ADASYSNTPGTVCAVMTADCLPVLFCNRAGTEVAAAHAGWRGLCAGVLEETVS-----CFADNPENILAWLGPAIGPRAFEVGG----EVREAFMAVDAKASAAF----IQHGDKYLADIYQLARQRLANVGV--EQIFGGDRCTYTENETFFSYRRDK-TTGRMASFIWLI-----------
141,PURNU_SHIFL,A0A384KG77,268,226,S,-----------MSKLIVPQWPLPKG----VAACSSTRIGGVSLPPYDSLNLGAHCGDNPDHVEENRKRLFAAGNL-PS-KPV-WLEQVHGKDVLKLTG-------EPYASKR--ADASYSNTPGTVCAVMTADCLPVLFCNRAGTEVAAVHAGWRGLCAGVLEETVS-----CFADKPENILAWLGPAIGPRAFEVGA----EVREAFMAVDAKASAAF----IQHGDKYLADIYQLARQRLANVGV--EQIFGGDRCTYTENETFFSYRRDK-TTGRMASFIWLI-----------
142,PURNU_DEIRA,Q9RT03,268,224,S,--------------MTAPGLPLLRAPNLAVPHAFTTRAGGVSAGPYAGLNLDDR-SDDPRPVAENRARLAAALGF-AADDFA-RLNQVHGVQVVHA-----------QAPGFWEGDALVTATPGVLLAIGTADCYPLLLADPEAGVIGAAHAGWKGTVGRIGQRTVEQM--VNLGARPERIHAAVGPGICGEQYEVGE----DVAAQFRAAGLGEWVL-----EREG-RTHLDLAGANRALLEGAGV--GDLWVSGRCSTEAD--FYSYRRDAGQTGRMWAVIGLPRREGQTGEARA
143,PURNU_MYCTU,P9WKD5,268,233,S,--------MLASTRHIARGDTGNVS--VRIRRVTTTRAGGVSAPPFDTFNLGDHVGDDPAAVAANRARLAAAIGL-PGNRVV-WMNQVHGDRVELVD--------QPRNTALDDTDGLVTATPRLALAVVTADCVPVLMADARAGIAAAVHAGRAGAQRGVVVRALEVM--LSLGAQVRDISALLGPAVSGRNYEVPA----AMADEVEAALPGSRTT-----TAAG-TPGVDLRAGIACQLRDLGV--ESIDVDPRCTVADPT-LFSHRRDA-PTGRFASLVWME-----------
144,PURNU_BORBU,O51423,270,215,R,--------MKTIEHELYYEFRIADD----VKMIYTKK----------PFNLKL------------KELSNDNFNFVPRSKKIKYLKQLHTDIIYKV---------EDDFINFQEGDGLISSSLDVALVAYFADCLPIYFYDSVKKIIGLIHSGYKGSFNLIILKMLFMF--EKMGSALKDLKIVFGPYNRSCCYEVSEIFLKEVSNKFSKDLLNASFV-----TRDG-KIYFDNASFNLNLLSSFNL---NIYNSKLCTYCLKN-LYSYRRL--RESQSYALIWRI-----------
145,PURNU_CAMJE,Q9PN78,270,210,R,-------MGRSRKNFLSLLENDKVG----IFCAF--------DKDYNVFRAKIH-----------NENLFSHLGFKDIEKCV-FMDQIHSHKVIIY----------DENLKNLSCDGLISKEKNIALCVLSADCLPLILYHESG-IIAALHSGRKGSFENILKECVDQITMQNSHLDKNKFHLFILPGICAKNYEIDG----EILE-FAKKEFKEFVQ----------DDKLDLKALVKFQAQNLGI--ENIKDCGICSFDDES-FFSYRRDK-TTKRFVSVVYLKD----------
146,PURNU_STAAC,Q5HGP4,270,247,R,----MNDNFKKQPHHLIYEELLQQG----ITLGITTRGDGLSDYPKNAFNMARYIDDRPYNITQHQLQLAEEIAF-DRKNWV-FPIQTHENKVACITKDDIGTNIDTLTDALHGIDAMYTYDSNVLLTMCYADCVPVYFYSTKHHFIALAHAGWRGTYTEIVKEVLK-----HVNFDLKDLHVVIGPSTSS-SYEIND----DIKNKFETLPIDSANYIE---TRGRDRHGIDLKKANAALLIYYGVPKENIYTTAYATSEHLELFFSYRLEKGQTGRMLAFIGQQ-----------
147,PURNU_STAAN,Q7A617,270,247,R,----MNDNFKKQPHHLIYEELLQQG----ITLGITTRGDGLSDYPKNAFNMARYIDDRPYNITQHQLQLAEEIAF-DRKNWV-FPIQTHENKVACITKDDIGTNIDTLTDALHGIDAMYTYDSNVLLTMCYADCVPVYFYSTKHHFIALAHAGWRGTYTEIVKEVLK-----HVNFDLKDLHVVIGPSTSS-SYEIND----DIKNKFETLPIDSANYIE---TRGRDRHGIDLKKANAELLNYYGVPKENIYTTAYATSEHLELFFSYRLEKGQTGRMLAFIGQQ-----------
148,PURNU_STAES,Q8CSX5,270,247,R,----MKERFIKKTHYLDYQFDEPTD----IKLGFTTRENGLSPYPNHSFNMARYISDSAHHITHHQDILANLIGY-PRDEWV-FPIQTHDSRIVEVTSEHKGTNIDELTDDLHGIDGMYTFDSHILLTMCYADCVPVYFYSEPHGYIGLAHAGWRGTYGQIVKEMLK-----KVDFDYEDLKIVIGPATSN-SYEIND----DIKNKFEELTIDSTLYIE---TRGKNQHGIDLKKANALLLEEAGVPSKNIYVTEYATSENLDLFFSYRVEKGQTGRMLAFIGRK-----------
149,PURNU_BACSU,O31726,270,260,R,MNTYHPFSLTTPSTLMIQDWAQTNQNNKEVIAGFTTKNGGVSQKPFESLNTGLHVHDKDADVVKNREYIADMFNT-DLQSWV-FADQTHDNRVQKVTQRDRGKGAREYHTALKATDGIYTNEKNVFLALCFADCVPLFFYDPVKSLVGVAHAGWKGTVKQIGREMVKQWT-EKEGSNPSDIYAVIGPSISGACYTVDD----RVMDAVRALPVSADLAAN---QTAKAQYQLDLKELNRLILMDSGLASEQISVSGLCTESEPSLFYSHRRDQGKTGRMMSFIGMKEA---------
150,PURNU_PSEAE,P33663,270,226,R,-----------MNAWLTPDWPAPAR----VRACVTTRSGGVSQAPFDSLNLGAHVDDDPRAVEENRRRLTERLECRPS-----WLDQVHGVTVVEA---------DPSRVLR--ADASWSAMPGVACTIMTADCLPALFCDRSGTRVAAAHAGWRGLAAGVLEATVD-----SLGVPGDELLVWLGPAIGPRAFEVGG----EVRDAFVAAHAEARSAFVPS-ANPG-RFMADIYRLARIRLGAHGV--TAVHGGGFCTFSDTARFYSYRRSS-RTGRFASLVWLQD----------
151,PURNU_HAEIN,P44552,270,229,R,------------MQAINPNWNVPKN----IHAFTTTREGGVSLAPYLSFNLGDHVGDNKSAVKTNRTLLVEKFGL-PQ-TPI-FLTQTHSTRVIQL----------PYSGQNLEADAVYTNVPNQVCVVMTADCLPVLFTTTSGNEVAATHAGWRGLCDGVLEETVK-----YFQAKPEDIIAWFGPAIGPKAFQVGI----DVVEKFVVVDEKAKLAFQPDAIEEG-KYLSNLYQIATQRLNNLGI--TQIYGGNHCTFNEKEKFFSYRRDN-QTGRMASVIWFE-----------
152,PURNU_ECOLI,P33644,270,228,R,-----------MSKLIVPQWPQPKG----VAACSSTRIGGVSLPPYDSLNLGAHCGDNPDHVEENRKRLFAAGNL-PS-KPV-WLEQVHGKDVLKLTG-------EPYASKR--ADASYSNTPGTVCAVMTADCLPVLFCNRAGTEVAAAHAGWRGLCAGVLEETVS-----CFADNPENILAWLGPAIGPRAFEVGG----EVREAFMAVDAKASAAF----IQHGDKYLADIYQLARQRLANVGV--EQIFGGDRCTYTENETFFSYRRDK-TTGRMASFIWLI-----------
153,PURNU_SHIFL,A0A384KG77,270,228,R,-----------MSKLIVPQWPLPKG----VAACSSTRIGGVSLPPYDSLNLGAHCGDNPDHVEENRKRLFAAGNL-PS-KPV-WLEQVHGKDVLKLTG-------EPYASKR--ADASYSNTPGTVCAVMTADCLPVLFCNRAGTEVAAVHAGWRGLCAGVLEETVS-----CFADKPENILAWLGPAIGPRAFEVGA----EVREAFMAVDAKASAAF----IQHGDKYLADIYQLARQRLANVGV--EQIFGGDRCTYTENETFFSYRRDK-TTGRMASFIWLI-----------
154,PURNU_DEIRA,Q9RT03,270,226,R,--------------MTAPGLPLLRAPNLAVPHAFTTRAGGVSAGPYAGLNLDDR-SDDPRPVAENRARLAAALGF-AADDFA-RLNQVHGVQVVHA-----------QAPGFWEGDALVTATPGVLLAIGTADCYPLLLADPEAGVIGAAHAGWKGTVGRIGQRTVEQM--VNLGARPERIHAAVGPGICGEQYEVGE----DVAAQFRAAGLGEWVL-----EREG-RTHLDLAGANRALLEGAGV--GDLWVSGRCSTEAD--FYSYRRDAGQTGRMWAVIGLPRREGQTGEARA
155,PURNU_MYCTU,P9WKD5,270,235,R,--------MLASTRHIARGDTGNVS--VRIRRVTTTRAGGVSAPPFDTFNLGDHVGDDPAAVAANRARLAAAIGL-PGNRVV-WMNQVHGDRVELVD--------QPRNTALDDTDGLVTATPRLALAVVTADCVPVLMADARAGIAAAVHAGRAGAQRGVVVRALEVM--LSLGAQVRDISALLGPAVSGRNYEVPA----AMADEVEAALPGSRTT-----TAAG-TPGVDLRAGIACQLRDLGV--ESIDVDPRCTVADPT-LFSHRRDA-PTGRFASLVWME-----------
