entry_id,uniprot_id,MSA_pos,seq_pos,residue,clusters,expected_residues,has_pdb_data
O16315_CAEEL,O16315,53,4,L,,,Yes
MPI_SCHPO,O43014,53,4,L,,,Yes
MPI_YEAST,P29952,53,8,L,,,Yes
Q9VH77_DROME,Q9VH77,53,3,L,,,Yes
MPI_CAEEL,P34650,53,5,L,,,Yes
D8SVH8_SELML,D8SVH8,53,4,L,,,Yes
Q2R1L4_ORYSJ,Q2R1L4,53,53,L,,,Yes
Q9FTR6_ORYSJ,Q9FTR6,53,20,L,,,Yes
B4FP68_MAIZE,B4FP68,53,29,L,,,Yes
B4FPI5_MAIZE,B4FPI5,53,33,L,,,Yes
A0A072TVL2_MEDTR,A0A072TVL2,53,13,L,,,Yes
MPI1_ARATH,Q9M884,53,23,L,,,Yes
MPI2_ARATH,Q9FZH5,53,25,L,,,Yes
MPI_DICDI,Q54PA0,53,24,L,,,Yes
F7B5B2_CIOIN,F7B5B2,53,9,L,,,No
G5AL67_HETGA,G5AL67,53,9,L,,,Yes
A0A8I3P413_CANLF,A0A8I3P413,53,9,L,,,No
MPI_MOUSE,Q924M7,53,9,L,,,Yes
MPI_RAT,Q68FX1,53,9,L,,,Yes
A0A3P9PED3_POERE,A0A3P9PED3,53,9,L,,,Yes
Q3ZB95_DANRE,Q3ZB95,53,9,L,,,Yes
O16315_CAEEL,O16315,60,11,Y,"[13, 14, 41, 42]",[],Yes
MPI_SCHPO,O43014,60,11,Y,"[13, 14, 40, 41]",[],Yes
MPI_YEAST,P29952,60,15,Y,"[17, 18, 45, 46]",[],Yes
Q9VH77_DROME,Q9VH77,60,10,Y,"[12, 13, 40, 41]",[],Yes
MPI_CAEEL,P34650,60,12,Y,"[14, 15, 42, 43]",[],Yes
D8SVH8_SELML,D8SVH8,60,11,Y,"[13, 14, 40, 41]",[],Yes
Q2R1L4_ORYSJ,Q2R1L4,60,60,Y,"[62, 63, 86, 87]",[],Yes
Q9FTR6_ORYSJ,Q9FTR6,60,27,Y,"[29, 30, 57, 58]",[],Yes
B4FP68_MAIZE,B4FP68,60,36,Y,"[38, 39, 62, 63]",[],Yes
B4FPI5_MAIZE,B4FPI5,60,40,Y,"[42, 43, 65, 66]",[],Yes
A0A072TVL2_MEDTR,A0A072TVL2,60,20,Y,"[22, 23, 49, 50]",[],Yes
MPI1_ARATH,Q9M884,60,30,Y,"[32, 33, 59, 60]",[],Yes
MPI2_ARATH,Q9FZH5,60,32,Y,"[34, 35, 61, 62]",[],Yes
MPI_DICDI,Q54PA0,60,31,Y,"[33, 34, 63, 64]",[],Yes
F7B5B2_CIOIN,F7B5B2,60,16,Y,,,No
G5AL67_HETGA,G5AL67,60,16,Y,"[18, 19, 46, 47]",[],Yes
A0A8I3P413_CANLF,A0A8I3P413,60,16,Y,,,No
MPI_MOUSE,Q924M7,60,16,Y,"[18, 19, 46, 47]",[],Yes
MPI_RAT,Q68FX1,60,16,Y,"[18, 19, 46, 47]",[],Yes
A0A3P9PED3_POERE,A0A3P9PED3,60,16,Y,"[18, 19, 46, 47]",[],Yes
Q3ZB95_DANRE,Q3ZB95,60,16,Y,"[18, 19, 46, 47]",[],Yes
O16315_CAEEL,O16315,62,13,W,"[11, 14, 42]",[],Yes
MPI_SCHPO,O43014,62,13,W,"[11, 14, 41, 96]",[],Yes
MPI_YEAST,P29952,62,17,W,"[15, 18, 46, 106]",[],Yes
Q9VH77_DROME,Q9VH77,62,12,W,"[10, 13, 41]",[],Yes
MPI_CAEEL,P34650,62,14,W,"[12, 15, 43]",[],Yes
D8SVH8_SELML,D8SVH8,62,13,W,"[11, 14, 41, 102]",[],Yes
Q2R1L4_ORYSJ,Q2R1L4,62,62,W,"[60, 63, 87, 146]",[],Yes
Q9FTR6_ORYSJ,Q9FTR6,62,29,W,"[27, 30, 58, 114]",[],Yes
B4FP68_MAIZE,B4FP68,62,38,W,"[36, 39, 63, 120]",[],Yes
B4FPI5_MAIZE,B4FPI5,62,42,W,"[40, 43, 66, 123]",[],Yes
A0A072TVL2_MEDTR,A0A072TVL2,62,22,W,"[20, 23, 50, 112]",[],Yes
MPI1_ARATH,Q9M884,62,32,W,"[30, 33, 60, 121]",[],Yes
MPI2_ARATH,Q9FZH5,62,34,W,"[32, 35, 62, 128]",[],Yes
MPI_DICDI,Q54PA0,62,33,W,"[31, 34, 64, 138]",[],Yes
F7B5B2_CIOIN,F7B5B2,62,18,W,,,No
G5AL67_HETGA,G5AL67,62,18,W,"[16, 19, 47]",[],Yes
A0A8I3P413_CANLF,A0A8I3P413,62,18,W,,,No
MPI_MOUSE,Q924M7,62,18,W,"[16, 19, 47]",[],Yes
MPI_RAT,Q68FX1,62,18,W,"[16, 19, 47]",[],Yes
A0A3P9PED3_POERE,A0A3P9PED3,62,18,W,"[16, 19, 47]",[],Yes
Q3ZB95_DANRE,Q3ZB95,62,18,W,"[16, 19, 47]",[],Yes
O16315_CAEEL,O16315,63,14,G,"[11, 13, 41, 42, 93]",[],Yes
MPI_SCHPO,O43014,63,14,G,"[11, 13, 40, 41, 91]",[],Yes
MPI_YEAST,P29952,63,18,G,"[15, 17, 45, 46, 101]",[],Yes
Q9VH77_DROME,Q9VH77,63,13,G,"[10, 12, 40, 41, 78]",[],Yes
MPI_CAEEL,P34650,63,15,G,"[12, 14, 21, 42, 43, 91]",[],Yes
D8SVH8_SELML,D8SVH8,63,14,G,"[11, 13, 40, 41, 97]",[],Yes
Q2R1L4_ORYSJ,Q2R1L4,63,63,G,"[60, 62, 86, 87, 141]",[],Yes
Q9FTR6_ORYSJ,Q9FTR6,63,30,G,"[27, 29, 57, 58, 109]",[],Yes
B4FP68_MAIZE,B4FP68,63,39,G,"[36, 38, 62, 63, 115]",[],Yes
B4FPI5_MAIZE,B4FPI5,63,43,G,"[40, 42, 65, 66, 118]",[],Yes
A0A072TVL2_MEDTR,A0A072TVL2,63,23,G,"[20, 22, 49, 50, 107]",[],Yes
MPI1_ARATH,Q9M884,63,33,G,"[30, 32, 59, 60, 116]",[],Yes
MPI2_ARATH,Q9FZH5,63,35,G,"[32, 34, 61, 62, 123]",[],Yes
MPI_DICDI,Q54PA0,63,34,G,"[31, 33, 63, 64, 133]",[],Yes
F7B5B2_CIOIN,F7B5B2,63,19,G,,,No
G5AL67_HETGA,G5AL67,63,19,G,"[16, 18, 46, 47, 102]",[],Yes
A0A8I3P413_CANLF,A0A8I3P413,63,19,G,,,No
MPI_MOUSE,Q924M7,63,19,G,"[16, 18, 46, 47, 102]",[],Yes
MPI_RAT,Q68FX1,63,19,G,"[16, 18, 46, 47, 102]",[],Yes
A0A3P9PED3_POERE,A0A3P9PED3,63,19,G,"[16, 18, 46, 47, 102]",[],Yes
Q3ZB95_DANRE,Q3ZB95,63,19,G,"[16, 18, 46, 47, 102]",[],Yes
O16315_CAEEL,O16315,69,20,S,"[41, 93]",[],Yes
MPI_SCHPO,O43014,69,20,S,"[40, 91]",[],Yes
MPI_YEAST,P29952,69,24,S,"[45, 101]",[],Yes
Q9VH77_DROME,Q9VH77,69,19,S,"[40, 78]",[],Yes
MPI_CAEEL,P34650,69,21,S,"[15, 42, 91]",[],Yes
D8SVH8_SELML,D8SVH8,69,20,S,"[40, 97]",[],Yes
Q2R1L4_ORYSJ,Q2R1L4,69,69,S,"[86, 141]",[],Yes
Q9FTR6_ORYSJ,Q9FTR6,69,36,S,"[57, 109]",[],Yes
B4FP68_MAIZE,B4FP68,69,45,S,"[62, 115]",[],Yes
B4FPI5_MAIZE,B4FPI5,69,49,S,"[65, 118]",[],Yes
A0A072TVL2_MEDTR,A0A072TVL2,69,29,S,"[49, 107]",[],Yes
MPI1_ARATH,Q9M884,69,39,S,"[59, 116]",[],Yes
MPI2_ARATH,Q9FZH5,69,41,S,"[61, 123]",[],Yes
MPI_DICDI,Q54PA0,69,40,S,"[63, 133]",[],Yes
F7B5B2_CIOIN,F7B5B2,69,25,S,,,No
G5AL67_HETGA,G5AL67,69,25,S,"[46, 102]",[],Yes
A0A8I3P413_CANLF,A0A8I3P413,69,25,S,,,No
MPI_MOUSE,Q924M7,69,25,S,"[46, 102]",[],Yes
MPI_RAT,Q68FX1,69,25,S,"[46, 102]",[],Yes
A0A3P9PED3_POERE,A0A3P9PED3,69,25,S,"[46, 102]",[],Yes
Q3ZB95_DANRE,Q3ZB95,69,25,S,"[46, 102]",[],Yes
O16315_CAEEL,O16315,92,41,Y,"[11, 14, 20, 42, 43, 93]",[],Yes
MPI_SCHPO,O43014,92,40,Y,"[11, 14, 20, 41, 42]",[],Yes
MPI_YEAST,P29952,92,45,Y,"[15, 18, 24, 46, 47, 101]",[],Yes
Q9VH77_DROME,Q9VH77,92,40,Y,"[10, 13, 19, 41, 42, 78]",[],Yes
MPI_CAEEL,P34650,92,42,Y,"[12, 15, 21, 43, 44]",[],Yes
D8SVH8_SELML,D8SVH8,92,40,Y,"[11, 14, 20, 41, 42, 97]",[],Yes
Q2R1L4_ORYSJ,Q2R1L4,92,86,Y,"[60, 63, 69, 87, 88, 141]",[],Yes
Q9FTR6_ORYSJ,Q9FTR6,92,57,Y,"[27, 30, 36, 58, 59, 109]",[],Yes
B4FP68_MAIZE,B4FP68,92,62,Y,"[36, 39, 45, 63, 64, 115]",[],Yes
B4FPI5_MAIZE,B4FPI5,92,65,Y,"[40, 43, 49, 66, 67, 118]",[],Yes
A0A072TVL2_MEDTR,A0A072TVL2,92,49,Y,"[20, 23, 29, 50, 51, 107]",[],Yes
MPI1_ARATH,Q9M884,92,59,Y,"[30, 33, 39, 60, 61, 116]",[],Yes
MPI2_ARATH,Q9FZH5,92,61,Y,"[32, 35, 41, 62, 63, 123]",[],Yes
MPI_DICDI,Q54PA0,92,63,Y,"[31, 34, 40, 64, 65, 133]",[],Yes
F7B5B2_CIOIN,F7B5B2,92,45,Y,,,No
G5AL67_HETGA,G5AL67,92,46,Y,"[16, 19, 25, 47, 48, 102]",[],Yes
A0A8I3P413_CANLF,A0A8I3P413,92,46,Y,,,No
MPI_MOUSE,Q924M7,92,46,Y,"[16, 19, 25, 47, 48, 102]",[],Yes
MPI_RAT,Q68FX1,92,46,Y,"[16, 19, 25, 47, 48, 102]",[],Yes
A0A3P9PED3_POERE,A0A3P9PED3,92,46,Y,"[16, 19, 25, 47, 48, 102]",[],Yes
Q3ZB95_DANRE,Q3ZB95,92,46,Y,"[16, 19, 25, 47, 48, 102]",[],Yes
O16315_CAEEL,O16315,93,42,A,"[11, 13, 14, 41, 43, 93]",[],Yes
MPI_SCHPO,O43014,93,41,A,"[11, 13, 14, 40, 42, 91]",[],Yes
MPI_YEAST,P29952,93,46,A,"[15, 17, 18, 45, 47, 101]",[],Yes
Q9VH77_DROME,Q9VH77,93,41,A,"[10, 12, 13, 40, 42, 78]",[],Yes
MPI_CAEEL,P34650,93,43,A,"[12, 14, 15, 42, 44, 91]",[],Yes
D8SVH8_SELML,D8SVH8,93,41,A,"[11, 13, 14, 40, 42, 97]",[],Yes
Q2R1L4_ORYSJ,Q2R1L4,93,87,A,"[60, 62, 63, 86, 88, 141]",[],Yes
Q9FTR6_ORYSJ,Q9FTR6,93,58,A,"[27, 29, 30, 57, 59, 109]",[],Yes
B4FP68_MAIZE,B4FP68,93,63,A,"[36, 38, 39, 62, 64, 115]",[],Yes
B4FPI5_MAIZE,B4FPI5,93,66,A,"[40, 42, 43, 65, 67, 118]",[],Yes
A0A072TVL2_MEDTR,A0A072TVL2,93,50,A,"[20, 22, 23, 49, 51, 107]",[],Yes
MPI1_ARATH,Q9M884,93,60,A,"[30, 32, 33, 59, 61, 116]",[],Yes
MPI2_ARATH,Q9FZH5,93,62,A,"[32, 34, 35, 61, 63, 123]",[],Yes
MPI_DICDI,Q54PA0,93,64,A,"[31, 33, 34, 63, 65, 133]",[],Yes
F7B5B2_CIOIN,F7B5B2,93,46,A,,,No
G5AL67_HETGA,G5AL67,93,47,A,"[16, 18, 19, 46, 48, 102]",[],Yes
A0A8I3P413_CANLF,A0A8I3P413,93,47,A,,,No
MPI_MOUSE,Q924M7,93,47,A,"[16, 18, 19, 46, 48, 102]",[],Yes
MPI_RAT,Q68FX1,93,47,A,"[16, 18, 19, 46, 48, 102]",[],Yes
A0A3P9PED3_POERE,A0A3P9PED3,93,47,A,"[16, 18, 19, 46, 48, 102]",[],Yes
Q3ZB95_DANRE,Q3ZB95,93,47,A,"[16, 18, 19, 46, 48, 102]",[],Yes
O16315_CAEEL,O16315,94,43,E,"[41, 42, 45, 90, 91, 93]",[],Yes
MPI_SCHPO,O43014,94,42,E,"[40, 41, 44, 88, 89, 91]",[],Yes
MPI_YEAST,P29952,94,47,E,"[45, 46, 49, 98, 99, 101]",[],Yes
Q9VH77_DROME,Q9VH77,94,42,E,"[40, 41, 44, 75, 76, 78]",[],Yes
MPI_CAEEL,P34650,94,44,E,"[42, 43, 46, 88, 89, 91]",[],Yes
D8SVH8_SELML,D8SVH8,94,42,E,"[40, 41, 44, 94, 95, 97]",[],Yes
Q2R1L4_ORYSJ,Q2R1L4,94,88,E,"[86, 87, 90, 138, 139, 141]",[],Yes
Q9FTR6_ORYSJ,Q9FTR6,94,59,E,"[57, 58, 61, 106, 107, 109]",[],Yes
B4FP68_MAIZE,B4FP68,94,64,E,"[62, 63, 66, 112, 113, 115]",[],Yes
B4FPI5_MAIZE,B4FPI5,94,67,E,"[65, 66, 69, 115, 116, 118]",[],Yes
A0A072TVL2_MEDTR,A0A072TVL2,94,51,E,"[49, 50, 53, 104, 105, 107]",[],Yes
MPI1_ARATH,Q9M884,94,61,E,"[59, 60, 63, 113, 114, 116]",[],Yes
MPI2_ARATH,Q9FZH5,94,63,E,"[61, 62, 65, 120, 121, 123]",[],Yes
MPI_DICDI,Q54PA0,94,65,E,"[63, 64, 67, 130, 131, 133]",[],Yes
F7B5B2_CIOIN,F7B5B2,94,47,E,,,No
G5AL67_HETGA,G5AL67,94,48,E,"[46, 47, 50, 99, 100, 102]",[],Yes
A0A8I3P413_CANLF,A0A8I3P413,94,48,E,,,No
MPI_MOUSE,Q924M7,94,48,E,"[46, 47, 50, 99, 100, 102]",[],Yes
MPI_RAT,Q68FX1,94,48,E,"[46, 47, 50, 99, 100, 102]",[],Yes
A0A3P9PED3_POERE,A0A3P9PED3,94,48,E,"[46, 47, 50, 99, 100, 102]",[],Yes
Q3ZB95_DANRE,Q3ZB95,94,48,E,"[46, 47, 50, 99, 100, 102]",[],Yes
O16315_CAEEL,O16315,96,45,W,"[43, 47, 90]",[],Yes
MPI_SCHPO,O43014,96,44,W,"[42, 46, 88]",[],Yes
MPI_YEAST,P29952,96,49,W,"[47, 51, 98]",[],Yes
Q9VH77_DROME,Q9VH77,96,44,W,"[42, 46, 75, 76]",[],Yes
MPI_CAEEL,P34650,96,46,W,"[44, 48, 88, 89]",[],Yes
D8SVH8_SELML,D8SVH8,96,44,W,"[42, 46, 94]",[],Yes
Q2R1L4_ORYSJ,Q2R1L4,96,90,W,"[88, 92, 138]",[],Yes
Q9FTR6_ORYSJ,Q9FTR6,96,61,W,"[59, 63, 106, 107]",[],Yes
B4FP68_MAIZE,B4FP68,96,66,W,"[64, 68, 112]",[],Yes
B4FPI5_MAIZE,B4FPI5,96,69,W,"[67, 71, 115]",[],Yes
A0A072TVL2_MEDTR,A0A072TVL2,96,53,W,"[51, 55, 104, 105]",[],Yes
MPI1_ARATH,Q9M884,96,63,W,"[61, 65, 113, 114]",[],Yes
MPI2_ARATH,Q9FZH5,96,65,W,"[63, 67, 120, 121]",[],Yes
MPI_DICDI,Q54PA0,96,67,W,"[65, 69, 130]",[],Yes
F7B5B2_CIOIN,F7B5B2,96,49,W,,,No
G5AL67_HETGA,G5AL67,96,50,W,"[48, 52, 99]",[],Yes
A0A8I3P413_CANLF,A0A8I3P413,96,50,W,,,No
MPI_MOUSE,Q924M7,96,50,W,"[48, 52, 99]",[],Yes
MPI_RAT,Q68FX1,96,50,W,"[48, 52, 99]",[],Yes
A0A3P9PED3_POERE,A0A3P9PED3,96,50,W,"[48, 52, 99]",[],Yes
Q3ZB95_DANRE,Q3ZB95,96,50,W,"[48, 52, 99]",[],Yes
O16315_CAEEL,O16315,98,47,G,"[45, 49]",[],Yes
MPI_SCHPO,O43014,98,46,G,"[44, 48]",[],Yes
MPI_YEAST,P29952,98,51,G,"[49, 53]",[],Yes
Q9VH77_DROME,Q9VH77,98,46,G,"[44, 48]",[],Yes
MPI_CAEEL,P34650,98,48,G,"[46, 50]",[],Yes
D8SVH8_SELML,D8SVH8,98,46,G,"[44, 48]",[],Yes
Q2R1L4_ORYSJ,Q2R1L4,98,92,G,"[90, 94]",[],Yes
Q9FTR6_ORYSJ,Q9FTR6,98,63,G,"[61, 65]",[],Yes
B4FP68_MAIZE,B4FP68,98,68,G,"[66, 70]",[],Yes
B4FPI5_MAIZE,B4FPI5,98,71,G,"[69, 73]",[],Yes
A0A072TVL2_MEDTR,A0A072TVL2,98,55,G,"[53, 57]",[],Yes
MPI1_ARATH,Q9M884,98,65,G,"[63, 67]",[],Yes
MPI2_ARATH,Q9FZH5,98,67,G,"[65, 69]",[],Yes
MPI_DICDI,Q54PA0,98,69,G,"[67, 71]",[],Yes
F7B5B2_CIOIN,F7B5B2,98,51,G,,,No
G5AL67_HETGA,G5AL67,98,52,G,"[50, 54]",[],Yes
A0A8I3P413_CANLF,A0A8I3P413,98,52,G,,,No
MPI_MOUSE,Q924M7,98,52,G,"[50, 54]",[],Yes
MPI_RAT,Q68FX1,98,52,G,"[50, 54]",[],Yes
A0A3P9PED3_POERE,A0A3P9PED3,98,52,G,"[50, 54]",[],Yes
Q3ZB95_DANRE,Q3ZB95,98,52,G,"[50, 54]",[],Yes
O16315_CAEEL,O16315,100,49,H,[47],[],Yes
MPI_SCHPO,O43014,100,48,H,[46],[],Yes
MPI_YEAST,P29952,100,53,H,[51],[],Yes
Q9VH77_DROME,Q9VH77,100,48,H,[46],[],Yes
MPI_CAEEL,P34650,100,50,H,[48],[],Yes
D8SVH8_SELML,D8SVH8,100,48,H,[46],[],Yes
Q2R1L4_ORYSJ,Q2R1L4,100,94,H,[92],[],Yes
Q9FTR6_ORYSJ,Q9FTR6,100,65,H,[63],[],Yes
B4FP68_MAIZE,B4FP68,100,70,H,[68],[],Yes
B4FPI5_MAIZE,B4FPI5,100,73,H,[71],[],Yes
A0A072TVL2_MEDTR,A0A072TVL2,100,57,H,[55],[],Yes
MPI1_ARATH,Q9M884,100,67,H,[65],[],Yes
MPI2_ARATH,Q9FZH5,100,69,H,[67],[],Yes
MPI_DICDI,Q54PA0,100,71,H,[69],[],Yes
F7B5B2_CIOIN,F7B5B2,100,53,H,,,No
G5AL67_HETGA,G5AL67,100,54,H,[52],[],Yes
A0A8I3P413_CANLF,A0A8I3P413,100,54,H,,,No
MPI_MOUSE,Q924M7,100,54,H,[52],[],Yes
MPI_RAT,Q68FX1,100,54,H,[52],[],Yes
A0A3P9PED3_POERE,A0A3P9PED3,100,54,H,[52],[],Yes
Q3ZB95_DANRE,Q3ZB95,100,54,H,[52],[],Yes
O16315_CAEEL,O16315,172,90,K,"[43, 45, 91, 287]",[],Yes
MPI_SCHPO,O43014,172,88,K,"[42, 44, 89, 274]",[],Yes
MPI_YEAST,P29952,172,98,K,"[47, 49, 99, 290]",[],Yes
Q9VH77_DROME,Q9VH77,172,75,K,"[42, 44, 76, 250]",[],Yes
MPI_CAEEL,P34650,172,88,K,"[44, 46, 89, 268]",[],Yes
D8SVH8_SELML,D8SVH8,172,94,K,"[42, 44, 95, 277]",[],Yes
Q2R1L4_ORYSJ,Q2R1L4,172,138,K,"[88, 90, 139, 323]",[],Yes
Q9FTR6_ORYSJ,Q9FTR6,172,106,K,"[59, 61, 107, 291]",[],Yes
B4FP68_MAIZE,B4FP68,172,112,K,"[64, 66, 113, 297]",[],Yes
B4FPI5_MAIZE,B4FPI5,172,115,K,"[67, 69, 116, 300]",[],Yes
A0A072TVL2_MEDTR,A0A072TVL2,172,104,K,"[51, 53, 105, 288]",[],Yes
MPI1_ARATH,Q9M884,172,113,K,"[61, 63, 114, 297]",[],Yes
MPI2_ARATH,Q9FZH5,172,120,K,"[63, 65, 121, 305]",[],Yes
MPI_DICDI,Q54PA0,172,130,K,"[65, 67, 131, 304]",[],Yes
F7B5B2_CIOIN,F7B5B2,172,94,K,,,No
G5AL67_HETGA,G5AL67,172,99,K,"[48, 50, 100, 285]",[],Yes
A0A8I3P413_CANLF,A0A8I3P413,172,99,K,,,No
MPI_MOUSE,Q924M7,172,99,K,"[48, 50, 100, 285]",[],Yes
MPI_RAT,Q68FX1,172,99,K,"[48, 50, 100, 285]",[],Yes
A0A3P9PED3_POERE,A0A3P9PED3,172,99,K,"[48, 50, 100, 284]",[],Yes
Q3ZB95_DANRE,Q3ZB95,172,99,K,"[48, 50, 100, 284]",[],Yes
O16315_CAEEL,O16315,173,91,V,"[43, 90, 93, 287]",[],Yes
MPI_SCHPO,O43014,173,89,V,"[42, 88, 91, 274]",[],Yes
MPI_YEAST,P29952,173,99,V,"[47, 98, 101, 290]",[],Yes
Q9VH77_DROME,Q9VH77,173,76,V,"[42, 44, 75, 78, 250]",[],Yes
MPI_CAEEL,P34650,173,89,V,"[44, 46, 88, 91, 268]",[],Yes
D8SVH8_SELML,D8SVH8,173,95,V,"[42, 94, 97, 277]",[],Yes
Q2R1L4_ORYSJ,Q2R1L4,173,139,V,"[88, 138, 141, 323]",[],Yes
Q9FTR6_ORYSJ,Q9FTR6,173,107,V,"[59, 61, 106, 109, 291]",[],Yes
B4FP68_MAIZE,B4FP68,173,113,V,"[64, 112, 115, 297]",[],Yes
B4FPI5_MAIZE,B4FPI5,173,116,V,"[67, 115, 118, 300]",[],Yes
A0A072TVL2_MEDTR,A0A072TVL2,173,105,V,"[51, 53, 104, 107, 288]",[],Yes
MPI1_ARATH,Q9M884,173,114,V,"[61, 63, 113, 116, 297]",[],Yes
MPI2_ARATH,Q9FZH5,173,121,V,"[63, 65, 120, 123, 305]",[],Yes
MPI_DICDI,Q54PA0,173,131,V,"[65, 130, 133, 304]",[],Yes
F7B5B2_CIOIN,F7B5B2,173,95,V,,,No
G5AL67_HETGA,G5AL67,173,100,V,"[48, 99, 102, 285]",[],Yes
A0A8I3P413_CANLF,A0A8I3P413,173,100,V,,,No
MPI_MOUSE,Q924M7,173,100,V,"[48, 99, 102, 285]",[],Yes
MPI_RAT,Q68FX1,173,100,V,"[48, 99, 102, 285]",[],Yes
A0A3P9PED3_POERE,A0A3P9PED3,173,100,V,"[48, 99, 102, 284]",[],Yes
Q3ZB95_DANRE,Q3ZB95,173,100,V,"[48, 99, 102, 284]",[],Yes
O16315_CAEEL,O16315,175,93,S,"[14, 20, 41, 42, 43, 91, 283]",[],Yes
MPI_SCHPO,O43014,175,91,S,"[14, 20, 41, 42, 89, 270]",[],Yes
MPI_YEAST,P29952,175,101,S,"[18, 24, 45, 46, 47, 99, 286]",[],Yes
Q9VH77_DROME,Q9VH77,175,78,S,"[13, 19, 40, 41, 42, 76, 246]",[],Yes
MPI_CAEEL,P34650,175,91,S,"[15, 21, 43, 44, 89, 264]",[],Yes
D8SVH8_SELML,D8SVH8,175,97,S,"[14, 20, 40, 41, 42, 95, 273]",[],Yes
Q2R1L4_ORYSJ,Q2R1L4,175,141,S,"[63, 69, 86, 87, 88, 139, 319]",[],Yes
Q9FTR6_ORYSJ,Q9FTR6,175,109,S,"[30, 36, 57, 58, 59, 107, 287]",[],Yes
B4FP68_MAIZE,B4FP68,175,115,S,"[39, 45, 62, 63, 64, 113, 293]",[],Yes
B4FPI5_MAIZE,B4FPI5,175,118,S,"[43, 49, 65, 66, 67, 116, 296]",[],Yes
A0A072TVL2_MEDTR,A0A072TVL2,175,107,S,"[23, 29, 49, 50, 51, 105, 284]",[],Yes
MPI1_ARATH,Q9M884,175,116,S,"[33, 39, 59, 60, 61, 114, 293]",[],Yes
MPI2_ARATH,Q9FZH5,175,123,S,"[35, 41, 61, 62, 63, 121, 301]",[],Yes
MPI_DICDI,Q54PA0,175,133,S,"[34, 40, 63, 64, 65, 131, 300]",[],Yes
F7B5B2_CIOIN,F7B5B2,175,97,S,,,No
G5AL67_HETGA,G5AL67,175,102,S,"[19, 25, 46, 47, 48, 100, 281]",[],Yes
A0A8I3P413_CANLF,A0A8I3P413,175,102,S,,,No
MPI_MOUSE,Q924M7,175,102,S,"[19, 25, 46, 47, 48, 100, 281]",[],Yes
MPI_RAT,Q68FX1,175,102,S,"[19, 25, 46, 47, 48, 100, 281]",[],Yes
A0A3P9PED3_POERE,A0A3P9PED3,175,102,S,"[19, 25, 46, 47, 48, 100, 280]",[],Yes
Q3ZB95_DANRE,Q3ZB95,175,102,S,"[19, 25, 46, 47, 48, 100, 280]",[],Yes
O16315_CAEEL,O16315,180,98,L,"[99, 279, 280]",[],Yes
MPI_SCHPO,O43014,180,96,L,"[13, 97, 266, 267]",[],Yes
MPI_YEAST,P29952,180,106,L,"[17, 107, 282, 283]",[],Yes
Q9VH77_DROME,Q9VH77,180,83,L,"[84, 242, 243]",[],Yes
MPI_CAEEL,P34650,180,96,L,"[97, 260, 261]",[],Yes
D8SVH8_SELML,D8SVH8,180,102,L,"[13, 103, 269, 270]",[],Yes
Q2R1L4_ORYSJ,Q2R1L4,180,146,L,"[62, 147, 315, 316]",[],Yes
Q9FTR6_ORYSJ,Q9FTR6,180,114,L,"[29, 115, 283, 284]",[],Yes
B4FP68_MAIZE,B4FP68,180,120,L,"[38, 121, 289, 290]",[],Yes
B4FPI5_MAIZE,B4FPI5,180,123,L,"[42, 124, 292, 293]",[],Yes
A0A072TVL2_MEDTR,A0A072TVL2,180,112,L,"[22, 113, 280, 281]",[],Yes
MPI1_ARATH,Q9M884,180,121,L,"[32, 122, 289, 290]",[],Yes
MPI2_ARATH,Q9FZH5,180,128,L,"[34, 129, 297, 298]",[],Yes
MPI_DICDI,Q54PA0,180,138,L,"[33, 139, 296, 297]",[],Yes
F7B5B2_CIOIN,F7B5B2,180,102,L,,,No
G5AL67_HETGA,G5AL67,180,107,L,"[108, 277, 278]",[],Yes
A0A8I3P413_CANLF,A0A8I3P413,180,107,L,,,No
MPI_MOUSE,Q924M7,180,107,L,"[108, 277, 278]",[],Yes
MPI_RAT,Q68FX1,180,107,L,"[108, 277, 278]",[],Yes
A0A3P9PED3_POERE,A0A3P9PED3,180,107,L,"[108, 276, 277]",[],Yes
Q3ZB95_DANRE,Q3ZB95,180,107,L,"[108, 276, 277]",[],Yes
O16315_CAEEL,O16315,181,99,S,"[98, 101, 279, 297, 301]","[297, 101]",Yes
MPI_SCHPO,O43014,181,97,S,"[96, 99, 266, 284, 288]","[284, 99]",Yes
MPI_YEAST,P29952,181,107,S,"[106, 109, 282, 300, 304]","[300, 109]",Yes
Q9VH77_DROME,Q9VH77,181,84,S,"[83, 86, 242, 260, 264]","[260, 86]",Yes
MPI_CAEEL,P34650,181,97,S,"[96, 99, 260, 278, 282]","[278, 99]",Yes
D8SVH8_SELML,D8SVH8,181,103,S,"[102, 105, 269, 287, 291]","[287, 105]",Yes
Q2R1L4_ORYSJ,Q2R1L4,181,147,S,"[146, 149, 315, 333, 337]","[333, 149]",Yes
Q9FTR6_ORYSJ,Q9FTR6,181,115,S,"[114, 117, 283, 301, 305]","[301, 117]",Yes
B4FP68_MAIZE,B4FP68,181,121,S,"[120, 123, 289, 307, 311]","[307, 123]",Yes
B4FPI5_MAIZE,B4FPI5,181,124,S,"[123, 126, 292, 310, 314]","[310, 126]",Yes
A0A072TVL2_MEDTR,A0A072TVL2,181,113,S,"[112, 115, 280, 298, 302]","[298, 115]",Yes
MPI1_ARATH,Q9M884,181,122,S,"[121, 124, 289, 307, 311]","[307, 124]",Yes
MPI2_ARATH,Q9FZH5,181,129,S,"[128, 131, 297, 315, 319]","[315, 131]",Yes
MPI_DICDI,Q54PA0,181,139,S,"[138, 141, 296, 314, 318]","[314, 141]",Yes
F7B5B2_CIOIN,F7B5B2,181,103,S,,,No
G5AL67_HETGA,G5AL67,181,108,S,"[107, 110, 277, 295, 299]","[295, 110]",Yes
A0A8I3P413_CANLF,A0A8I3P413,181,108,S,,,No
MPI_MOUSE,Q924M7,181,108,S,"[107, 110, 277, 295, 299]","[295, 110]",Yes
MPI_RAT,Q68FX1,181,108,S,"[107, 110, 277, 295, 299]","[295, 110]",Yes
A0A3P9PED3_POERE,A0A3P9PED3,181,108,S,"[107, 110, 276, 294, 298]","[294, 110]",Yes
Q3ZB95_DANRE,Q3ZB95,181,108,S,"[107, 110, 276, 294, 298]","[294, 110]",Yes
O16315_CAEEL,O16315,183,101,Q,"[99, 278, 279, 297]","[297, 278]",Yes
MPI_SCHPO,O43014,183,99,Q,"[97, 101, 265, 266, 284]","[284, 101, 265]",Yes
MPI_YEAST,P29952,183,109,Q,"[107, 111, 281, 282, 300]","[300, 111, 281]",Yes
Q9VH77_DROME,Q9VH77,183,86,Q,"[84, 88, 241, 242, 260]","[260, 88, 241]",Yes
MPI_CAEEL,P34650,183,99,Q,"[97, 101, 259, 260, 278]","[278, 101, 259]",Yes
D8SVH8_SELML,D8SVH8,183,105,Q,"[103, 268, 269, 287]","[287, 268]",Yes
Q2R1L4_ORYSJ,Q2R1L4,183,149,Q,"[147, 151, 314, 315, 333]","[333, 151, 314]",Yes
Q9FTR6_ORYSJ,Q9FTR6,183,117,Q,"[115, 282, 283, 301]","[301, 282]",Yes
B4FP68_MAIZE,B4FP68,183,123,Q,"[121, 125, 288, 289, 307]","[307, 125, 288]",Yes
B4FPI5_MAIZE,B4FPI5,183,126,Q,"[124, 128, 291, 292, 310]","[310, 128, 291]",Yes
A0A072TVL2_MEDTR,A0A072TVL2,183,115,Q,"[113, 117, 279, 280, 298]","[298, 117, 279]",Yes
MPI1_ARATH,Q9M884,183,124,Q,"[122, 288, 289, 307]","[307, 288]",Yes
MPI2_ARATH,Q9FZH5,183,131,Q,"[129, 296, 297, 315]","[315, 296]",Yes
MPI_DICDI,Q54PA0,183,141,Q,"[139, 295, 296, 314]","[314, 295]",Yes
F7B5B2_CIOIN,F7B5B2,183,105,Q,,,No
G5AL67_HETGA,G5AL67,183,110,Q,"[108, 112, 276, 277, 295]","[295, 112, 276]",Yes
A0A8I3P413_CANLF,A0A8I3P413,183,110,Q,,,No
MPI_MOUSE,Q924M7,183,110,Q,"[108, 276, 277, 295]","[295, 276]",Yes
MPI_RAT,Q68FX1,183,110,Q,"[108, 276, 277, 295]","[295, 276]",Yes
A0A3P9PED3_POERE,A0A3P9PED3,183,110,Q,"[108, 112, 275, 276, 294]","[294, 112, 275]",Yes
Q3ZB95_DANRE,Q3ZB95,183,110,Q,"[108, 275, 276, 294]","[294, 275]",Yes
O16315_CAEEL,O16315,185,103,H,"[104, 125, 126, 294]",[],Yes
MPI_SCHPO,O43014,185,101,H,"[99, 102, 123, 124, 281]",[99],Yes
MPI_YEAST,P29952,185,111,H,"[109, 112, 133, 134, 297]",[109],Yes
Q9VH77_DROME,Q9VH77,185,88,H,"[86, 89, 110, 111, 257]",[86],Yes
MPI_CAEEL,P34650,185,101,H,"[99, 102, 123, 124, 125, 275]",[99],Yes
D8SVH8_SELML,D8SVH8,185,107,H,"[108, 129, 130, 284]",[],Yes
Q2R1L4_ORYSJ,Q2R1L4,185,151,H,"[149, 152, 173, 174, 330]",[149],Yes
Q9FTR6_ORYSJ,Q9FTR6,185,119,H,"[120, 141, 142, 298]",[],Yes
B4FP68_MAIZE,B4FP68,185,125,H,"[123, 126, 147, 148, 304]",[123],Yes
B4FPI5_MAIZE,B4FPI5,185,128,H,"[126, 129, 150, 151, 307]",[126],Yes
A0A072TVL2_MEDTR,A0A072TVL2,185,117,H,"[115, 118, 139, 140, 295]",[115],Yes
MPI1_ARATH,Q9M884,185,126,H,"[127, 148, 149, 304]",[],Yes
MPI2_ARATH,Q9FZH5,185,133,H,"[134, 155, 156, 312]",[],Yes
MPI_DICDI,Q54PA0,185,143,H,"[144, 165, 166, 311]",[],Yes
F7B5B2_CIOIN,F7B5B2,185,107,H,,,No
G5AL67_HETGA,G5AL67,185,112,H,"[110, 113, 134, 135, 292]",[110],Yes
A0A8I3P413_CANLF,A0A8I3P413,185,112,H,,,No
MPI_MOUSE,Q924M7,185,112,H,"[113, 134, 135, 292]",[],Yes
MPI_RAT,Q68FX1,185,112,H,"[113, 134, 135, 292]",[],Yes
A0A3P9PED3_POERE,A0A3P9PED3,185,112,H,"[110, 113, 134, 135, 291]",[110],Yes
Q3ZB95_DANRE,Q3ZB95,185,112,H,"[113, 134, 135, 291]",[],Yes
O16315_CAEEL,O16315,186,104,P,"[103, 125]",[103],Yes
MPI_SCHPO,O43014,186,102,P,"[101, 123, 124]",[101],Yes
MPI_YEAST,P29952,186,112,P,"[111, 133, 134]",[111],Yes
Q9VH77_DROME,Q9VH77,186,89,P,"[88, 110]",[88],Yes
MPI_CAEEL,P34650,186,102,P,"[101, 123, 124]",[101],Yes
D8SVH8_SELML,D8SVH8,186,108,P,"[107, 129]",[107],Yes
Q2R1L4_ORYSJ,Q2R1L4,186,152,P,"[151, 173]",[151],Yes
Q9FTR6_ORYSJ,Q9FTR6,186,120,P,"[119, 141]",[119],Yes
B4FP68_MAIZE,B4FP68,186,126,P,"[125, 147]",[125],Yes
B4FPI5_MAIZE,B4FPI5,186,129,P,"[128, 150]",[128],Yes
A0A072TVL2_MEDTR,A0A072TVL2,186,118,P,"[117, 139]",[117],Yes
MPI1_ARATH,Q9M884,186,127,P,"[126, 148]",[126],Yes
MPI2_ARATH,Q9FZH5,186,134,P,"[133, 155]",[133],Yes
MPI_DICDI,Q54PA0,186,144,P,"[143, 165]",[143],Yes
F7B5B2_CIOIN,F7B5B2,186,108,P,,,No
G5AL67_HETGA,G5AL67,186,113,P,"[112, 134]",[112],Yes
A0A8I3P413_CANLF,A0A8I3P413,186,113,P,,,No
MPI_MOUSE,Q924M7,186,113,P,"[112, 134]",[112],Yes
MPI_RAT,Q68FX1,186,113,P,"[112, 134]",[112],Yes
A0A3P9PED3_POERE,A0A3P9PED3,186,113,P,"[112, 134]",[112],Yes
Q3ZB95_DANRE,Q3ZB95,186,113,P,"[112, 134]",[112],Yes
O16315_CAEEL,O16315,199,117,P,[120],[],Yes
MPI_SCHPO,O43014,199,115,P,[118],[],Yes
MPI_YEAST,P29952,199,125,P,[128],[],Yes
Q9VH77_DROME,Q9VH77,199,102,P,[105],[],Yes
MPI_CAEEL,P34650,199,115,P,[118],[],Yes
D8SVH8_SELML,D8SVH8,199,121,P,[124],[],Yes
Q2R1L4_ORYSJ,Q2R1L4,199,165,P,[168],[],Yes
Q9FTR6_ORYSJ,Q9FTR6,199,133,P,[136],[],Yes
B4FP68_MAIZE,B4FP68,199,139,P,[142],[],Yes
B4FPI5_MAIZE,B4FPI5,199,142,P,[145],[],Yes
A0A072TVL2_MEDTR,A0A072TVL2,199,131,P,[134],[],Yes
MPI1_ARATH,Q9M884,199,140,P,[143],[],Yes
MPI2_ARATH,Q9FZH5,199,147,P,[150],[],Yes
MPI_DICDI,Q54PA0,199,157,P,[160],[],Yes
F7B5B2_CIOIN,F7B5B2,199,121,P,,,No
G5AL67_HETGA,G5AL67,199,126,P,[129],[],Yes
A0A8I3P413_CANLF,A0A8I3P413,199,126,P,,,No
MPI_MOUSE,Q924M7,199,126,P,[129],[],Yes
MPI_RAT,Q68FX1,199,126,P,[129],[],Yes
A0A3P9PED3_POERE,A0A3P9PED3,199,126,P,[129],[],Yes
Q3ZB95_DANRE,Q3ZB95,199,126,P,[129],[],Yes
O16315_CAEEL,O16315,202,120,Y,"[117, 122, 294]",[],Yes
MPI_SCHPO,O43014,202,118,Y,"[115, 120, 281]",[],Yes
MPI_YEAST,P29952,202,128,Y,"[125, 130, 297]",[],Yes
Q9VH77_DROME,Q9VH77,202,105,Y,"[102, 107, 257]",[],Yes
MPI_CAEEL,P34650,202,118,Y,"[115, 120, 275]",[],Yes
D8SVH8_SELML,D8SVH8,202,124,Y,"[121, 126, 284]",[],Yes
Q2R1L4_ORYSJ,Q2R1L4,202,168,Y,"[165, 170, 330]",[],Yes
Q9FTR6_ORYSJ,Q9FTR6,202,136,Y,"[133, 138, 298]",[],Yes
B4FP68_MAIZE,B4FP68,202,142,Y,"[139, 144, 304]",[],Yes
B4FPI5_MAIZE,B4FPI5,202,145,Y,"[142, 147, 307]",[],Yes
A0A072TVL2_MEDTR,A0A072TVL2,202,134,Y,"[131, 136, 295]",[],Yes
MPI1_ARATH,Q9M884,202,143,Y,"[140, 145, 304]",[],Yes
MPI2_ARATH,Q9FZH5,202,150,Y,"[147, 152, 312]",[],Yes
MPI_DICDI,Q54PA0,202,160,Y,"[157, 162, 311]",[],Yes
F7B5B2_CIOIN,F7B5B2,202,124,Y,,,No
G5AL67_HETGA,G5AL67,202,129,Y,"[126, 131, 292]",[],Yes
A0A8I3P413_CANLF,A0A8I3P413,202,129,Y,,,No
MPI_MOUSE,Q924M7,202,129,Y,"[126, 131, 292]",[],Yes
MPI_RAT,Q68FX1,202,129,Y,"[126, 131, 292]",[],Yes
A0A3P9PED3_POERE,A0A3P9PED3,202,129,Y,"[126, 131, 291]",[],Yes
Q3ZB95_DANRE,Q3ZB95,202,129,Y,"[126, 131, 291]",[],Yes
O16315_CAEEL,O16315,204,122,D,"[120, 292, 294]",[],Yes
MPI_SCHPO,O43014,204,120,D,"[118, 279, 281]",[],Yes
MPI_YEAST,P29952,204,130,D,"[128, 295, 297]",[],Yes
Q9VH77_DROME,Q9VH77,204,107,D,"[105, 255, 257]",[],Yes
MPI_CAEEL,P34650,204,120,D,"[118, 273, 275]",[],Yes
D8SVH8_SELML,D8SVH8,204,126,D,"[124, 282, 284]",[],Yes
Q2R1L4_ORYSJ,Q2R1L4,204,170,D,"[168, 328, 330]",[],Yes
Q9FTR6_ORYSJ,Q9FTR6,204,138,D,"[136, 296, 298]",[],Yes
B4FP68_MAIZE,B4FP68,204,144,D,"[142, 302, 304]",[],Yes
B4FPI5_MAIZE,B4FPI5,204,147,D,"[145, 305, 307]",[],Yes
A0A072TVL2_MEDTR,A0A072TVL2,204,136,D,"[134, 293, 295]",[],Yes
MPI1_ARATH,Q9M884,204,145,D,"[143, 302, 304]",[],Yes
MPI2_ARATH,Q9FZH5,204,152,D,"[150, 310, 312]",[],Yes
MPI_DICDI,Q54PA0,204,162,D,"[160, 309, 311]",[],Yes
F7B5B2_CIOIN,F7B5B2,204,126,D,,,No
G5AL67_HETGA,G5AL67,204,131,D,"[129, 290, 292]",[],Yes
A0A8I3P413_CANLF,A0A8I3P413,204,131,D,,,No
MPI_MOUSE,Q924M7,204,131,D,"[129, 290, 292]",[],Yes
MPI_RAT,Q68FX1,204,131,D,"[129, 290, 292]",[],Yes
A0A3P9PED3_POERE,A0A3P9PED3,204,131,D,"[129, 289, 291]",[],Yes
Q3ZB95_DANRE,Q3ZB95,204,131,D,"[129, 289, 291]",[],Yes
O16315_CAEEL,O16315,207,125,H,"[103, 104, 126, 127, 292, 294]",[103],Yes
MPI_SCHPO,O43014,207,123,H,"[101, 102, 124, 125, 279]",[101],Yes
MPI_YEAST,P29952,207,133,H,"[111, 112, 134, 135, 295]",[111],Yes
Q9VH77_DROME,Q9VH77,207,110,H,"[88, 89, 111, 112, 255]",[88],Yes
MPI_CAEEL,P34650,207,123,H,"[101, 102, 124, 125, 273]",[101],Yes
D8SVH8_SELML,D8SVH8,207,129,H,"[107, 108, 130, 131, 282]",[107],Yes
Q2R1L4_ORYSJ,Q2R1L4,207,173,H,"[151, 152, 174, 175, 328]",[151],Yes
Q9FTR6_ORYSJ,Q9FTR6,207,141,H,"[119, 120, 142, 143, 296, 298]",[119],Yes
B4FP68_MAIZE,B4FP68,207,147,H,"[125, 126, 148, 149, 302]",[125],Yes
B4FPI5_MAIZE,B4FPI5,207,150,H,"[128, 129, 151, 152, 305]",[128],Yes
A0A072TVL2_MEDTR,A0A072TVL2,207,139,H,"[117, 118, 140, 141, 293]",[117],Yes
MPI1_ARATH,Q9M884,207,148,H,"[126, 127, 149, 150, 302]",[126],Yes
MPI2_ARATH,Q9FZH5,207,155,H,"[133, 134, 156, 157, 310]",[133],Yes
MPI_DICDI,Q54PA0,207,165,H,"[143, 144, 166, 167, 309]",[143],Yes
F7B5B2_CIOIN,F7B5B2,207,129,H,,,No
G5AL67_HETGA,G5AL67,207,134,H,"[112, 113, 135, 136, 290]",[112],Yes
A0A8I3P413_CANLF,A0A8I3P413,207,134,H,,,No
MPI_MOUSE,Q924M7,207,134,H,"[112, 113, 135, 136, 290]",[112],Yes
MPI_RAT,Q68FX1,207,134,H,"[112, 113, 135, 136, 290]",[112],Yes
A0A3P9PED3_POERE,A0A3P9PED3,207,134,H,"[112, 113, 135, 136, 289]",[112],Yes
Q3ZB95_DANRE,Q3ZB95,207,134,H,"[112, 113, 135, 136, 289]",[112],Yes
O16315_CAEEL,O16315,208,126,K,"[103, 125, 127, 128, 292, 294]","[103, 128]",Yes
MPI_SCHPO,O43014,208,124,K,"[101, 102, 123, 125, 126, 279, 281]","[101, 126]",Yes
MPI_YEAST,P29952,208,134,K,"[111, 112, 133, 135, 136, 295, 297]","[111, 136]",Yes
Q9VH77_DROME,Q9VH77,208,111,K,"[88, 110, 112, 113, 255, 257]","[88, 113]",Yes
MPI_CAEEL,P34650,208,124,K,"[101, 102, 123, 125, 126, 273, 275]","[101, 126]",Yes
D8SVH8_SELML,D8SVH8,208,130,K,"[107, 129, 131, 132, 282]","[107, 132]",Yes
Q2R1L4_ORYSJ,Q2R1L4,208,174,K,"[151, 173, 175, 176, 328, 330]","[151, 176]",Yes
Q9FTR6_ORYSJ,Q9FTR6,208,142,K,"[119, 141, 143, 144, 296, 298]","[119, 144]",Yes
B4FP68_MAIZE,B4FP68,208,148,K,"[125, 147, 149, 150, 302]","[125, 150]",Yes
B4FPI5_MAIZE,B4FPI5,208,151,K,"[128, 150, 152, 153, 305, 307]","[128, 153]",Yes
A0A072TVL2_MEDTR,A0A072TVL2,208,140,K,"[117, 139, 141, 142, 293]","[117, 142]",Yes
MPI1_ARATH,Q9M884,208,149,K,"[126, 148, 150, 151, 302, 304]","[126, 151]",Yes
MPI2_ARATH,Q9FZH5,208,156,K,"[133, 155, 157, 158, 310, 312]","[133, 158]",Yes
MPI_DICDI,Q54PA0,208,166,K,"[143, 165, 167, 168, 309, 311]","[143, 168]",Yes
F7B5B2_CIOIN,F7B5B2,208,130,K,,,No
G5AL67_HETGA,G5AL67,208,135,K,"[112, 134, 136, 137, 290, 292]","[112, 137]",Yes
A0A8I3P413_CANLF,A0A8I3P413,208,135,K,,,No
MPI_MOUSE,Q924M7,208,135,K,"[112, 134, 136, 137, 290, 292]","[112, 137]",Yes
MPI_RAT,Q68FX1,208,135,K,"[112, 134, 136, 137, 290, 292]","[112, 137]",Yes
A0A3P9PED3_POERE,A0A3P9PED3,208,135,K,"[112, 134, 136, 137, 289, 291]","[112, 137]",Yes
Q3ZB95_DANRE,Q3ZB95,208,135,K,"[112, 134, 136, 137, 289, 291]","[112, 137]",Yes
O16315_CAEEL,O16315,209,127,P,"[125, 126, 128]",[128],Yes
MPI_SCHPO,O43014,209,125,P,"[123, 124, 126]",[126],Yes
MPI_YEAST,P29952,209,135,P,"[133, 134, 136]",[136],Yes
Q9VH77_DROME,Q9VH77,209,112,P,"[110, 111, 113]",[113],Yes
MPI_CAEEL,P34650,209,125,P,"[101, 123, 124, 126]","[101, 126]",Yes
D8SVH8_SELML,D8SVH8,209,131,P,"[129, 130, 132]",[132],Yes
Q2R1L4_ORYSJ,Q2R1L4,209,175,P,"[173, 174, 176]",[176],Yes
Q9FTR6_ORYSJ,Q9FTR6,209,143,P,"[141, 142, 144]",[144],Yes
B4FP68_MAIZE,B4FP68,209,149,P,"[147, 148, 150]",[150],Yes
B4FPI5_MAIZE,B4FPI5,209,152,P,"[150, 151, 153]",[153],Yes
A0A072TVL2_MEDTR,A0A072TVL2,209,141,P,"[139, 140, 142]",[142],Yes
MPI1_ARATH,Q9M884,209,150,P,"[148, 149, 151]",[151],Yes
MPI2_ARATH,Q9FZH5,209,157,P,"[155, 156, 158]",[158],Yes
MPI_DICDI,Q54PA0,209,167,P,"[165, 166, 168]",[168],Yes
F7B5B2_CIOIN,F7B5B2,209,131,P,,,No
G5AL67_HETGA,G5AL67,209,136,P,"[134, 135, 137]",[137],Yes
A0A8I3P413_CANLF,A0A8I3P413,209,136,P,,,No
MPI_MOUSE,Q924M7,209,136,P,"[134, 135, 137]",[137],Yes
MPI_RAT,Q68FX1,209,136,P,"[134, 135, 137]",[137],Yes
A0A3P9PED3_POERE,A0A3P9PED3,209,136,P,"[134, 135, 137]",[137],Yes
Q3ZB95_DANRE,Q3ZB95,209,136,P,"[134, 135, 137]",[137],Yes
O16315_CAEEL,O16315,210,128,E,"[126, 127, 130]",[],Yes
MPI_SCHPO,O43014,210,126,E,"[124, 125, 128]",[],Yes
MPI_YEAST,P29952,210,136,E,"[134, 135, 138, 290]",[],Yes
Q9VH77_DROME,Q9VH77,210,113,E,"[111, 112, 115, 250]",[],Yes
MPI_CAEEL,P34650,210,126,E,"[124, 125, 128, 268]",[],Yes
D8SVH8_SELML,D8SVH8,210,132,E,"[130, 131, 134]",[],Yes
Q2R1L4_ORYSJ,Q2R1L4,210,176,E,"[174, 175, 178]",[],Yes
Q9FTR6_ORYSJ,Q9FTR6,210,144,E,"[142, 143, 146, 291]",[],Yes
B4FP68_MAIZE,B4FP68,210,150,E,"[148, 149, 152]",[],Yes
B4FPI5_MAIZE,B4FPI5,210,153,E,"[151, 152, 155]",[],Yes
A0A072TVL2_MEDTR,A0A072TVL2,210,142,E,"[140, 141, 144]",[],Yes
MPI1_ARATH,Q9M884,210,151,E,"[149, 150, 153, 297]",[],Yes
MPI2_ARATH,Q9FZH5,210,158,E,"[156, 157, 160]",[],Yes
MPI_DICDI,Q54PA0,210,168,E,"[166, 167, 170, 304]",[],Yes
F7B5B2_CIOIN,F7B5B2,210,132,E,,,No
G5AL67_HETGA,G5AL67,210,137,E,"[135, 136, 139]",[],Yes
A0A8I3P413_CANLF,A0A8I3P413,210,137,E,,,No
MPI_MOUSE,Q924M7,210,137,E,"[135, 136, 139]",[],Yes
MPI_RAT,Q68FX1,210,137,E,"[135, 136, 139, 285]",[],Yes
A0A3P9PED3_POERE,A0A3P9PED3,210,137,E,"[135, 136, 139]",[],Yes
Q3ZB95_DANRE,Q3ZB95,210,137,E,"[135, 136, 139, 284]",[],Yes
O16315_CAEEL,O16315,212,130,A,"[128, 132, 287]",[128],Yes
MPI_SCHPO,O43014,212,128,A,"[126, 130, 274]",[126],Yes
MPI_YEAST,P29952,212,138,A,"[136, 140, 290]",[136],Yes
Q9VH77_DROME,Q9VH77,212,115,A,"[113, 117, 250]",[113],Yes
MPI_CAEEL,P34650,212,128,A,"[126, 130, 268]",[126],Yes
D8SVH8_SELML,D8SVH8,212,134,A,"[132, 136, 277]",[132],Yes
Q2R1L4_ORYSJ,Q2R1L4,212,178,A,"[176, 180, 323]",[176],Yes
Q9FTR6_ORYSJ,Q9FTR6,212,146,A,"[144, 148, 291]",[144],Yes
B4FP68_MAIZE,B4FP68,212,152,A,"[150, 154, 297]",[150],Yes
B4FPI5_MAIZE,B4FPI5,212,155,A,"[153, 157, 300]",[153],Yes
A0A072TVL2_MEDTR,A0A072TVL2,212,144,A,"[142, 146, 288]",[142],Yes
MPI1_ARATH,Q9M884,212,153,A,"[151, 155, 297]",[151],Yes
MPI2_ARATH,Q9FZH5,212,160,A,"[158, 162, 305]",[158],Yes
MPI_DICDI,Q54PA0,212,170,A,"[168, 172, 304]",[168],Yes
F7B5B2_CIOIN,F7B5B2,212,134,A,,,No
G5AL67_HETGA,G5AL67,212,139,A,"[137, 141, 285]",[137],Yes
A0A8I3P413_CANLF,A0A8I3P413,212,139,A,,,No
MPI_MOUSE,Q924M7,212,139,A,"[137, 141, 285]",[137],Yes
MPI_RAT,Q68FX1,212,139,A,"[137, 141, 285]",[137],Yes
A0A3P9PED3_POERE,A0A3P9PED3,212,139,A,"[137, 141, 284]",[137],Yes
Q3ZB95_DANRE,Q3ZB95,212,139,A,"[137, 141, 284]",[137],Yes
O16315_CAEEL,O16315,214,132,A,"[130, 134, 136, 264]",[],Yes
MPI_SCHPO,O43014,214,130,A,"[128, 132, 134, 251]",[],Yes
MPI_YEAST,P29952,214,140,A,"[138, 142, 144, 267]",[],Yes
Q9VH77_DROME,Q9VH77,214,117,A,"[115, 119, 121, 227]",[],Yes
MPI_CAEEL,P34650,214,130,A,"[128, 132, 134, 245]",[],Yes
D8SVH8_SELML,D8SVH8,214,136,A,"[134, 138, 140, 254]",[],Yes
Q2R1L4_ORYSJ,Q2R1L4,214,180,A,"[178, 182, 184, 300]",[],Yes
Q9FTR6_ORYSJ,Q9FTR6,214,148,A,"[146, 150, 152, 268]",[],Yes
B4FP68_MAIZE,B4FP68,214,154,A,"[152, 156, 158, 274]",[],Yes
B4FPI5_MAIZE,B4FPI5,214,157,A,"[155, 159, 161, 277]",[],Yes
A0A072TVL2_MEDTR,A0A072TVL2,214,146,A,"[144, 148, 150, 265]",[],Yes
MPI1_ARATH,Q9M884,214,155,A,"[153, 157, 159, 274]",[],Yes
MPI2_ARATH,Q9FZH5,214,162,A,"[160, 164, 166, 282]",[],Yes
MPI_DICDI,Q54PA0,214,172,A,"[170, 174, 176, 281]",[],Yes
F7B5B2_CIOIN,F7B5B2,214,136,A,,,No
G5AL67_HETGA,G5AL67,214,141,A,"[139, 143, 145, 262]",[],Yes
A0A8I3P413_CANLF,A0A8I3P413,214,141,A,,,No
MPI_MOUSE,Q924M7,214,141,A,"[139, 143, 145, 262]",[],Yes
MPI_RAT,Q68FX1,214,141,A,"[139, 143, 145, 262]",[],Yes
A0A3P9PED3_POERE,A0A3P9PED3,214,141,A,"[139, 143, 145, 261]",[],Yes
Q3ZB95_DANRE,Q3ZB95,214,141,A,"[139, 143, 145, 261]",[],Yes
O16315_CAEEL,O16315,216,134,T,"[132, 136, 283]",[],Yes
MPI_SCHPO,O43014,216,132,T,"[130, 134, 270]",[],Yes
MPI_YEAST,P29952,216,142,T,"[140, 144, 286]",[],Yes
Q9VH77_DROME,Q9VH77,216,119,T,"[117, 121, 246]",[],Yes
MPI_CAEEL,P34650,216,132,T,"[130, 134, 264]",[],Yes
D8SVH8_SELML,D8SVH8,216,138,T,"[136, 140, 273]",[],Yes
Q2R1L4_ORYSJ,Q2R1L4,216,182,T,"[180, 184, 319]",[],Yes
Q9FTR6_ORYSJ,Q9FTR6,216,150,T,"[148, 152, 287]",[],Yes
B4FP68_MAIZE,B4FP68,216,156,T,"[154, 158, 293]",[],Yes
B4FPI5_MAIZE,B4FPI5,216,159,T,"[157, 161, 296]",[],Yes
A0A072TVL2_MEDTR,A0A072TVL2,216,148,T,"[146, 150, 284]",[],Yes
MPI1_ARATH,Q9M884,216,157,T,"[155, 159, 293]",[],Yes
MPI2_ARATH,Q9FZH5,216,164,T,"[162, 166, 301]",[],Yes
MPI_DICDI,Q54PA0,216,174,T,"[172, 176, 300]",[],Yes
F7B5B2_CIOIN,F7B5B2,216,138,T,,,No
G5AL67_HETGA,G5AL67,216,143,T,"[141, 145, 281]",[],Yes
A0A8I3P413_CANLF,A0A8I3P413,216,143,T,,,No
MPI_MOUSE,Q924M7,216,143,T,"[141, 145, 281]",[],Yes
MPI_RAT,Q68FX1,216,143,T,"[141, 145, 281]",[],Yes
A0A3P9PED3_POERE,A0A3P9PED3,216,143,T,"[141, 145, 280]",[],Yes
Q3ZB95_DANRE,Q3ZB95,216,143,T,"[141, 145, 280]",[],Yes
O16315_CAEEL,O16315,218,136,F,"[132, 134, 264, 283]",[],Yes
MPI_SCHPO,O43014,218,134,F,"[130, 132, 251, 270]",[],Yes
MPI_YEAST,P29952,218,144,F,"[140, 142, 267, 286]",[],Yes
Q9VH77_DROME,Q9VH77,218,121,F,"[117, 119, 227, 246]",[],Yes
MPI_CAEEL,P34650,218,134,F,"[130, 132, 245, 264]",[],Yes
D8SVH8_SELML,D8SVH8,218,140,F,"[136, 138, 254, 273]",[],Yes
Q2R1L4_ORYSJ,Q2R1L4,218,184,F,"[180, 182, 300, 319]",[],Yes
Q9FTR6_ORYSJ,Q9FTR6,218,152,F,"[148, 150, 268, 287]",[],Yes
B4FP68_MAIZE,B4FP68,218,158,F,"[154, 156, 274, 293]",[],Yes
B4FPI5_MAIZE,B4FPI5,218,161,F,"[157, 159, 277, 296]",[],Yes
A0A072TVL2_MEDTR,A0A072TVL2,218,150,F,"[146, 148, 265, 284]",[],Yes
MPI1_ARATH,Q9M884,218,159,F,"[155, 157, 274, 293]",[],Yes
MPI2_ARATH,Q9FZH5,218,166,F,"[162, 164, 282, 301]",[],Yes
MPI_DICDI,Q54PA0,218,176,F,"[172, 174, 281, 300]",[],Yes
F7B5B2_CIOIN,F7B5B2,218,140,F,,,No
G5AL67_HETGA,G5AL67,218,145,F,"[141, 143, 262, 281]",[],Yes
A0A8I3P413_CANLF,A0A8I3P413,218,145,F,,,No
MPI_MOUSE,Q924M7,218,145,F,"[141, 143, 262, 281]",[],Yes
MPI_RAT,Q68FX1,218,145,F,"[141, 143, 262, 281]",[],Yes
A0A3P9PED3_POERE,A0A3P9PED3,218,145,F,"[141, 143, 261, 280]",[],Yes
Q3ZB95_DANRE,Q3ZB95,218,145,F,"[141, 143, 261, 280]",[],Yes
O16315_CAEEL,O16315,224,142,F,[260],[],Yes
MPI_SCHPO,O43014,224,140,F,[247],[],Yes
MPI_YEAST,P29952,224,150,F,[263],[],Yes
Q9VH77_DROME,Q9VH77,224,127,F,[223],[],Yes
MPI_CAEEL,P34650,224,140,F,[241],[],Yes
D8SVH8_SELML,D8SVH8,224,146,F,[250],[],Yes
Q2R1L4_ORYSJ,Q2R1L4,224,190,F,[296],[],Yes
Q9FTR6_ORYSJ,Q9FTR6,224,158,F,[264],[],Yes
B4FP68_MAIZE,B4FP68,224,164,F,[270],[],Yes
B4FPI5_MAIZE,B4FPI5,224,167,F,[273],[],Yes
A0A072TVL2_MEDTR,A0A072TVL2,224,156,F,[261],[],Yes
MPI1_ARATH,Q9M884,224,165,F,[270],[],Yes
MPI2_ARATH,Q9FZH5,224,172,F,[278],[],Yes
MPI_DICDI,Q54PA0,224,182,F,[277],[],Yes
F7B5B2_CIOIN,F7B5B2,224,146,F,,,No
G5AL67_HETGA,G5AL67,224,151,F,[258],[],Yes
A0A8I3P413_CANLF,A0A8I3P413,224,151,F,,,No
MPI_MOUSE,Q924M7,224,151,F,[258],[],Yes
MPI_RAT,Q68FX1,224,151,F,[258],[],Yes
A0A3P9PED3_POERE,A0A3P9PED3,224,151,F,[257],[],Yes
Q3ZB95_DANRE,Q3ZB95,224,151,F,[257],[],Yes
O16315_CAEEL,O16315,339,250,D,[252],[],Yes
MPI_SCHPO,O43014,339,237,D,[239],[],Yes
MPI_YEAST,P29952,339,252,D,[254],[],Yes
Q9VH77_DROME,Q9VH77,339,213,D,[215],[],Yes
MPI_CAEEL,P34650,339,231,D,[233],[],Yes
D8SVH8_SELML,D8SVH8,339,240,D,[242],[],Yes
Q2R1L4_ORYSJ,Q2R1L4,339,286,D,[288],[],Yes
Q9FTR6_ORYSJ,Q9FTR6,339,254,D,[256],[],Yes
B4FP68_MAIZE,B4FP68,339,260,D,[262],[],Yes
B4FPI5_MAIZE,B4FPI5,339,263,D,[265],[],Yes
A0A072TVL2_MEDTR,A0A072TVL2,339,251,D,[253],[],Yes
MPI1_ARATH,Q9M884,339,260,D,[262],[],Yes
MPI2_ARATH,Q9FZH5,339,268,D,[270],[],Yes
MPI_DICDI,Q54PA0,339,267,D,[269],[],Yes
F7B5B2_CIOIN,F7B5B2,339,242,D,,,No
G5AL67_HETGA,G5AL67,339,248,D,[250],[],Yes
A0A8I3P413_CANLF,A0A8I3P413,339,248,D,,,No
MPI_MOUSE,Q924M7,339,248,D,[250],[],Yes
MPI_RAT,Q68FX1,339,248,D,[250],[],Yes
A0A3P9PED3_POERE,A0A3P9PED3,339,247,D,[249],[],Yes
Q3ZB95_DANRE,Q3ZB95,339,247,D,[249],[],Yes
O16315_CAEEL,O16315,341,252,G,[250],[],Yes
MPI_SCHPO,O43014,341,239,G,[237],[],Yes
MPI_YEAST,P29952,341,254,G,[252],[],Yes
Q9VH77_DROME,Q9VH77,341,215,G,[213],[],Yes
MPI_CAEEL,P34650,341,233,G,[231],[],Yes
D8SVH8_SELML,D8SVH8,341,242,G,[240],[],Yes
Q2R1L4_ORYSJ,Q2R1L4,341,288,G,[286],[],Yes
Q9FTR6_ORYSJ,Q9FTR6,341,256,G,[254],[],Yes
B4FP68_MAIZE,B4FP68,341,262,G,[260],[],Yes
B4FPI5_MAIZE,B4FPI5,341,265,G,[263],[],Yes
A0A072TVL2_MEDTR,A0A072TVL2,341,253,G,[251],[],Yes
MPI1_ARATH,Q9M884,341,262,G,[260],[],Yes
MPI2_ARATH,Q9FZH5,341,270,G,[268],[],Yes
MPI_DICDI,Q54PA0,341,269,G,[267],[],Yes
F7B5B2_CIOIN,F7B5B2,341,244,G,,,No
G5AL67_HETGA,G5AL67,341,250,G,[248],[],Yes
A0A8I3P413_CANLF,A0A8I3P413,341,250,G,,,No
MPI_MOUSE,Q924M7,341,250,G,[248],[],Yes
MPI_RAT,Q68FX1,341,250,G,[248],[],Yes
A0A3P9PED3_POERE,A0A3P9PED3,341,249,G,[247],[],Yes
Q3ZB95_DANRE,Q3ZB95,341,249,G,[247],[],Yes
O16315_CAEEL,O16315,350,260,N,[142],[],Yes
MPI_SCHPO,O43014,350,247,N,[140],[],Yes
MPI_YEAST,P29952,350,263,N,[150],[],Yes
Q9VH77_DROME,Q9VH77,350,223,N,[127],[],Yes
MPI_CAEEL,P34650,350,241,N,[140],[],Yes
D8SVH8_SELML,D8SVH8,350,250,N,[146],[],Yes
Q2R1L4_ORYSJ,Q2R1L4,350,296,N,[190],[],Yes
Q9FTR6_ORYSJ,Q9FTR6,350,264,N,[158],[],Yes
B4FP68_MAIZE,B4FP68,350,270,N,[164],[],Yes
B4FPI5_MAIZE,B4FPI5,350,273,N,[167],[],Yes
A0A072TVL2_MEDTR,A0A072TVL2,350,261,N,[156],[],Yes
MPI1_ARATH,Q9M884,350,270,N,[165],[],Yes
MPI2_ARATH,Q9FZH5,350,278,N,[172],[],Yes
MPI_DICDI,Q54PA0,350,277,N,[182],[],Yes
F7B5B2_CIOIN,F7B5B2,350,252,N,,,No
G5AL67_HETGA,G5AL67,350,258,N,[151],[],Yes
A0A8I3P413_CANLF,A0A8I3P413,350,258,N,,,No
MPI_MOUSE,Q924M7,350,258,N,[151],[],Yes
MPI_RAT,Q68FX1,350,258,N,[151],[],Yes
A0A3P9PED3_POERE,A0A3P9PED3,350,257,N,[151],[],Yes
Q3ZB95_DANRE,Q3ZB95,350,257,N,[151],[],Yes
O16315_CAEEL,O16315,354,264,L,"[132, 136]",[],Yes
MPI_SCHPO,O43014,354,251,L,"[130, 134]",[],Yes
MPI_YEAST,P29952,354,267,L,"[140, 144]",[],Yes
Q9VH77_DROME,Q9VH77,354,227,L,"[117, 121]",[],Yes
MPI_CAEEL,P34650,354,245,L,"[130, 134]",[],Yes
D8SVH8_SELML,D8SVH8,354,254,L,"[136, 140]",[],Yes
Q2R1L4_ORYSJ,Q2R1L4,354,300,L,"[180, 184]",[],Yes
Q9FTR6_ORYSJ,Q9FTR6,354,268,L,"[148, 152]",[],Yes
B4FP68_MAIZE,B4FP68,354,274,L,"[154, 158]",[],Yes
B4FPI5_MAIZE,B4FPI5,354,277,L,"[157, 161]",[],Yes
A0A072TVL2_MEDTR,A0A072TVL2,354,265,L,"[146, 150]",[],Yes
MPI1_ARATH,Q9M884,354,274,L,"[155, 159]",[],Yes
MPI2_ARATH,Q9FZH5,354,282,L,"[162, 166]",[],Yes
MPI_DICDI,Q54PA0,354,281,L,"[172, 176]",[],Yes
F7B5B2_CIOIN,F7B5B2,354,256,L,,,No
G5AL67_HETGA,G5AL67,354,262,L,"[141, 145]",[],Yes
A0A8I3P413_CANLF,A0A8I3P413,354,262,L,,,No
MPI_MOUSE,Q924M7,354,262,L,"[141, 145]",[],Yes
MPI_RAT,Q68FX1,354,262,L,"[141, 145]",[],Yes
A0A3P9PED3_POERE,A0A3P9PED3,354,261,L,"[141, 145]",[],Yes
Q3ZB95_DANRE,Q3ZB95,354,261,L,"[141, 145]",[],Yes
O16315_CAEEL,O16315,368,278,H,"[101, 279]",[101],Yes
MPI_SCHPO,O43014,368,265,H,"[99, 266, 267]",[99],Yes
MPI_YEAST,P29952,368,281,H,"[109, 282, 283]",[109],Yes
Q9VH77_DROME,Q9VH77,368,241,H,"[86, 242]",[86],Yes
MPI_CAEEL,P34650,368,259,H,"[99, 260, 261]",[99],Yes
D8SVH8_SELML,D8SVH8,368,268,H,"[105, 269]",[105],Yes
Q2R1L4_ORYSJ,Q2R1L4,368,314,H,"[149, 315, 316]",[149],Yes
Q9FTR6_ORYSJ,Q9FTR6,368,282,H,"[117, 283, 284]",[117],Yes
B4FP68_MAIZE,B4FP68,368,288,H,"[123, 289]",[123],Yes
B4FPI5_MAIZE,B4FPI5,368,291,H,"[126, 292]",[126],Yes
A0A072TVL2_MEDTR,A0A072TVL2,368,279,H,"[115, 280]",[115],Yes
MPI1_ARATH,Q9M884,368,288,H,"[124, 289]",[124],Yes
MPI2_ARATH,Q9FZH5,368,296,H,"[131, 297]",[131],Yes
MPI_DICDI,Q54PA0,368,295,H,"[141, 296, 297]",[141],Yes
F7B5B2_CIOIN,F7B5B2,368,270,H,,,No
G5AL67_HETGA,G5AL67,368,276,H,"[110, 277]",[110],Yes
A0A8I3P413_CANLF,A0A8I3P413,368,276,H,,,No
MPI_MOUSE,Q924M7,368,276,H,"[110, 277]",[110],Yes
MPI_RAT,Q68FX1,368,276,H,"[110, 277]",[110],Yes
A0A3P9PED3_POERE,A0A3P9PED3,368,275,H,"[110, 276]",[110],Yes
Q3ZB95_DANRE,Q3ZB95,368,275,H,"[110, 276]",[110],Yes
O16315_CAEEL,O16315,369,279,A,"[98, 99, 101, 278, 280]","[101, 278]",Yes
MPI_SCHPO,O43014,369,266,A,"[96, 97, 99, 265, 267]","[99, 265]",Yes
MPI_YEAST,P29952,369,282,A,"[106, 107, 109, 281, 283]","[109, 281]",Yes
Q9VH77_DROME,Q9VH77,369,242,A,"[83, 84, 86, 241, 243]","[86, 241]",Yes
MPI_CAEEL,P34650,369,260,A,"[96, 97, 99, 259, 261]","[99, 259]",Yes
D8SVH8_SELML,D8SVH8,369,269,A,"[102, 103, 105, 268, 270]","[105, 268]",Yes
Q2R1L4_ORYSJ,Q2R1L4,369,315,A,"[146, 147, 149, 314, 316]","[149, 314]",Yes
Q9FTR6_ORYSJ,Q9FTR6,369,283,A,"[114, 115, 117, 282, 284]","[117, 282]",Yes
B4FP68_MAIZE,B4FP68,369,289,A,"[120, 121, 123, 288, 290]","[123, 288]",Yes
B4FPI5_MAIZE,B4FPI5,369,292,A,"[123, 124, 126, 291, 293]","[126, 291]",Yes
A0A072TVL2_MEDTR,A0A072TVL2,369,280,A,"[112, 113, 115, 279, 281]","[115, 279]",Yes
MPI1_ARATH,Q9M884,369,289,A,"[121, 122, 124, 288, 290]","[124, 288]",Yes
MPI2_ARATH,Q9FZH5,369,297,A,"[128, 129, 131, 296, 298]","[131, 296]",Yes
MPI_DICDI,Q54PA0,369,296,A,"[138, 139, 141, 295, 297]","[141, 295]",Yes
F7B5B2_CIOIN,F7B5B2,369,271,A,,,No
G5AL67_HETGA,G5AL67,369,277,A,"[107, 108, 110, 276, 278]","[110, 276]",Yes
A0A8I3P413_CANLF,A0A8I3P413,369,277,A,,,No
MPI_MOUSE,Q924M7,369,277,A,"[107, 108, 110, 276, 278]","[110, 276]",Yes
MPI_RAT,Q68FX1,369,277,A,"[107, 108, 110, 276, 278]","[110, 276]",Yes
A0A3P9PED3_POERE,A0A3P9PED3,369,276,A,"[107, 108, 110, 275, 277]","[110, 275]",Yes
Q3ZB95_DANRE,Q3ZB95,369,276,A,"[107, 108, 110, 275, 277]","[110, 275]",Yes
O16315_CAEEL,O16315,370,280,Y,"[98, 279]",[],Yes
MPI_SCHPO,O43014,370,267,Y,"[96, 265, 266]",[265],Yes
MPI_YEAST,P29952,370,283,Y,"[106, 281, 282]",[281],Yes
Q9VH77_DROME,Q9VH77,370,243,Y,"[83, 242]",[],Yes
MPI_CAEEL,P34650,370,261,Y,"[96, 259, 260]",[259],Yes
D8SVH8_SELML,D8SVH8,370,270,Y,"[102, 269]",[],Yes
Q2R1L4_ORYSJ,Q2R1L4,370,316,Y,"[146, 314, 315]",[314],Yes
Q9FTR6_ORYSJ,Q9FTR6,370,284,Y,"[114, 282, 283]",[282],Yes
B4FP68_MAIZE,B4FP68,370,290,Y,"[120, 289]",[],Yes
B4FPI5_MAIZE,B4FPI5,370,293,Y,"[123, 292]",[],Yes
A0A072TVL2_MEDTR,A0A072TVL2,370,281,Y,"[112, 280]",[],Yes
MPI1_ARATH,Q9M884,370,290,Y,"[121, 289]",[],Yes
MPI2_ARATH,Q9FZH5,370,298,Y,"[128, 297]",[],Yes
MPI_DICDI,Q54PA0,370,297,Y,"[138, 295, 296]",[295],Yes
F7B5B2_CIOIN,F7B5B2,370,272,Y,,,No
G5AL67_HETGA,G5AL67,370,278,Y,"[107, 277]",[],Yes
A0A8I3P413_CANLF,A0A8I3P413,370,278,Y,,,No
MPI_MOUSE,Q924M7,370,278,Y,"[107, 277]",[],Yes
MPI_RAT,Q68FX1,370,278,Y,"[107, 277]",[],Yes
A0A3P9PED3_POERE,A0A3P9PED3,370,277,Y,"[107, 276]",[],Yes
Q3ZB95_DANRE,Q3ZB95,370,277,Y,"[107, 276]",[],Yes
O16315_CAEEL,O16315,373,283,G,"[93, 134, 136]",[],Yes
MPI_SCHPO,O43014,373,270,G,"[91, 132, 134]",[],Yes
MPI_YEAST,P29952,373,286,G,"[101, 142, 144]",[],Yes
Q9VH77_DROME,Q9VH77,373,246,G,"[78, 119, 121]",[],Yes
MPI_CAEEL,P34650,373,264,G,"[91, 132, 134]",[],Yes
D8SVH8_SELML,D8SVH8,373,273,G,"[97, 138, 140]",[],Yes
Q2R1L4_ORYSJ,Q2R1L4,373,319,G,"[141, 182, 184]",[],Yes
Q9FTR6_ORYSJ,Q9FTR6,373,287,G,"[109, 150, 152]",[],Yes
B4FP68_MAIZE,B4FP68,373,293,G,"[115, 156, 158]",[],Yes
B4FPI5_MAIZE,B4FPI5,373,296,G,"[118, 159, 161]",[],Yes
A0A072TVL2_MEDTR,A0A072TVL2,373,284,G,"[107, 148, 150]",[],Yes
MPI1_ARATH,Q9M884,373,293,G,"[116, 157, 159]",[],Yes
MPI2_ARATH,Q9FZH5,373,301,G,"[123, 164, 166]",[],Yes
MPI_DICDI,Q54PA0,373,300,G,"[133, 174, 176]",[],Yes
F7B5B2_CIOIN,F7B5B2,373,275,G,,,No
G5AL67_HETGA,G5AL67,373,281,G,"[102, 143, 145]",[],Yes
A0A8I3P413_CANLF,A0A8I3P413,373,281,G,,,No
MPI_MOUSE,Q924M7,373,281,G,"[102, 143, 145]",[],Yes
MPI_RAT,Q68FX1,373,281,G,"[102, 143, 145]",[],Yes
A0A3P9PED3_POERE,A0A3P9PED3,373,280,G,"[102, 143, 145]",[],Yes
Q3ZB95_DANRE,Q3ZB95,373,280,G,"[102, 143, 145]",[],Yes
O16315_CAEEL,O16315,377,287,E,"[90, 91, 130]",[],Yes
MPI_SCHPO,O43014,377,274,E,"[88, 89, 128]",[],Yes
MPI_YEAST,P29952,377,290,E,"[98, 99, 136, 138]",[136],Yes
Q9VH77_DROME,Q9VH77,377,250,E,"[75, 76, 113, 115]",[113],Yes
MPI_CAEEL,P34650,377,268,E,"[88, 89, 126, 128]",[126],Yes
D8SVH8_SELML,D8SVH8,377,277,E,"[94, 95, 134]",[],Yes
Q2R1L4_ORYSJ,Q2R1L4,377,323,E,"[138, 139, 178]",[],Yes
Q9FTR6_ORYSJ,Q9FTR6,377,291,E,"[106, 107, 144, 146]",[144],Yes
B4FP68_MAIZE,B4FP68,377,297,E,"[112, 113, 152]",[],Yes
B4FPI5_MAIZE,B4FPI5,377,300,E,"[115, 116, 155]",[],Yes
A0A072TVL2_MEDTR,A0A072TVL2,377,288,E,"[104, 105, 144]",[],Yes
MPI1_ARATH,Q9M884,377,297,E,"[113, 114, 151, 153]",[151],Yes
MPI2_ARATH,Q9FZH5,377,305,E,"[120, 121, 160]",[],Yes
MPI_DICDI,Q54PA0,377,304,E,"[130, 131, 168, 170]",[168],Yes
F7B5B2_CIOIN,F7B5B2,377,279,E,,,No
G5AL67_HETGA,G5AL67,377,285,E,"[99, 100, 139]",[],Yes
A0A8I3P413_CANLF,A0A8I3P413,377,285,E,,,No
MPI_MOUSE,Q924M7,377,285,E,"[99, 100, 139]",[],Yes
MPI_RAT,Q68FX1,377,285,E,"[99, 100, 137, 139]",[137],Yes
A0A3P9PED3_POERE,A0A3P9PED3,377,284,E,"[99, 100, 139]",[],Yes
Q3ZB95_DANRE,Q3ZB95,377,284,E,"[99, 100, 137, 139]",[137],Yes
O16315_CAEEL,O16315,382,292,S,"[122, 125, 126, 294]",[],Yes
MPI_SCHPO,O43014,382,279,S,"[120, 123, 124, 281]",[],Yes
MPI_YEAST,P29952,382,295,S,"[130, 133, 134, 297]",[],Yes
Q9VH77_DROME,Q9VH77,382,255,S,"[107, 110, 111, 257]",[],Yes
MPI_CAEEL,P34650,382,273,S,"[120, 123, 124, 275]",[],Yes
D8SVH8_SELML,D8SVH8,382,282,S,"[126, 129, 130, 284]",[],Yes
Q2R1L4_ORYSJ,Q2R1L4,382,328,S,"[170, 173, 174, 330]",[],Yes
Q9FTR6_ORYSJ,Q9FTR6,382,296,S,"[138, 141, 142, 298]",[],Yes
B4FP68_MAIZE,B4FP68,382,302,S,"[144, 147, 148, 304]",[],Yes
B4FPI5_MAIZE,B4FPI5,382,305,S,"[147, 150, 151, 307]",[],Yes
A0A072TVL2_MEDTR,A0A072TVL2,382,293,S,"[136, 139, 140, 295]",[],Yes
MPI1_ARATH,Q9M884,382,302,S,"[145, 148, 149, 304]",[],Yes
MPI2_ARATH,Q9FZH5,382,310,S,"[152, 155, 156, 312]",[],Yes
MPI_DICDI,Q54PA0,382,309,S,"[162, 165, 166, 311]",[],Yes
F7B5B2_CIOIN,F7B5B2,382,284,S,,,No
G5AL67_HETGA,G5AL67,382,290,S,"[131, 134, 135, 292]",[],Yes
A0A8I3P413_CANLF,A0A8I3P413,382,290,S,,,No
MPI_MOUSE,Q924M7,382,290,S,"[131, 134, 135, 292]",[],Yes
MPI_RAT,Q68FX1,382,290,S,"[131, 134, 135, 292]",[],Yes
A0A3P9PED3_POERE,A0A3P9PED3,382,289,S,"[131, 134, 135, 291]",[],Yes
Q3ZB95_DANRE,Q3ZB95,382,289,S,"[131, 134, 135, 291]",[],Yes
O16315_CAEEL,O16315,384,294,N,"[103, 120, 122, 125, 126, 292]",[103],Yes
MPI_SCHPO,O43014,384,281,N,"[101, 118, 120, 124, 279]",[101],Yes
MPI_YEAST,P29952,384,297,N,"[111, 128, 130, 134, 295]",[111],Yes
Q9VH77_DROME,Q9VH77,384,257,N,"[88, 105, 107, 111, 255]",[88],Yes
MPI_CAEEL,P34650,384,275,N,"[101, 118, 120, 124, 273]",[101],Yes
D8SVH8_SELML,D8SVH8,384,284,N,"[107, 124, 126, 282]",[107],Yes
Q2R1L4_ORYSJ,Q2R1L4,384,330,N,"[151, 168, 170, 174, 328]",[151],Yes
Q9FTR6_ORYSJ,Q9FTR6,384,298,N,"[119, 136, 138, 141, 142, 296]",[119],Yes
B4FP68_MAIZE,B4FP68,384,304,N,"[125, 142, 144, 302]",[125],Yes
B4FPI5_MAIZE,B4FPI5,384,307,N,"[128, 145, 147, 151, 305]",[128],Yes
A0A072TVL2_MEDTR,A0A072TVL2,384,295,N,"[117, 134, 136, 293]",[117],Yes
MPI1_ARATH,Q9M884,384,304,N,"[126, 143, 145, 149, 302]",[126],Yes
MPI2_ARATH,Q9FZH5,384,312,N,"[133, 150, 152, 156, 310]",[133],Yes
MPI_DICDI,Q54PA0,384,311,N,"[143, 160, 162, 166, 309]",[143],Yes
F7B5B2_CIOIN,F7B5B2,384,286,N,,,No
G5AL67_HETGA,G5AL67,384,292,N,"[112, 129, 131, 135, 290]",[112],Yes
A0A8I3P413_CANLF,A0A8I3P413,384,292,N,,,No
MPI_MOUSE,Q924M7,384,292,N,"[112, 129, 131, 135, 290]",[112],Yes
MPI_RAT,Q68FX1,384,292,N,"[112, 129, 131, 135, 290]",[112],Yes
A0A3P9PED3_POERE,A0A3P9PED3,384,291,N,"[112, 129, 131, 135, 289]",[112],Yes
Q3ZB95_DANRE,Q3ZB95,384,291,N,"[112, 129, 131, 135, 289]",[112],Yes
O16315_CAEEL,O16315,387,297,R,"[99, 101]",[101],Yes
MPI_SCHPO,O43014,387,284,R,"[97, 99, 293]",[99],Yes
MPI_YEAST,P29952,387,300,R,"[107, 109, 309]",[109],Yes
Q9VH77_DROME,Q9VH77,387,260,R,"[84, 86, 269]",[86],Yes
MPI_CAEEL,P34650,387,278,R,"[97, 99, 287]",[99],Yes
D8SVH8_SELML,D8SVH8,387,287,R,"[103, 105, 296, 300]",[105],Yes
Q2R1L4_ORYSJ,Q2R1L4,387,333,R,"[147, 149, 342]",[149],Yes
Q9FTR6_ORYSJ,Q9FTR6,387,301,R,"[115, 117, 310, 314]",[117],Yes
B4FP68_MAIZE,B4FP68,387,307,R,"[121, 123, 316]",[123],Yes
B4FPI5_MAIZE,B4FPI5,387,310,R,"[124, 126, 319]",[126],Yes
A0A072TVL2_MEDTR,A0A072TVL2,387,298,R,"[113, 115, 307]",[115],Yes
MPI1_ARATH,Q9M884,387,307,R,"[122, 124, 316]",[124],Yes
MPI2_ARATH,Q9FZH5,387,315,R,"[129, 131, 324]",[131],Yes
MPI_DICDI,Q54PA0,387,314,R,"[139, 141, 323]",[141],Yes
F7B5B2_CIOIN,F7B5B2,387,289,R,,,No
G5AL67_HETGA,G5AL67,387,295,R,"[108, 110, 304]",[110],Yes
A0A8I3P413_CANLF,A0A8I3P413,387,295,R,,,No
MPI_MOUSE,Q924M7,387,295,R,"[108, 110, 304, 308]",[110],Yes
MPI_RAT,Q68FX1,387,295,R,"[108, 110, 304, 308]",[110],Yes
A0A3P9PED3_POERE,A0A3P9PED3,387,294,R,"[108, 110, 303]",[110],Yes
Q3ZB95_DANRE,Q3ZB95,387,294,R,"[108, 110, 303, 307]",[110],Yes
O16315_CAEEL,O16315,391,301,T,[99],[],Yes
MPI_SCHPO,O43014,391,288,T,[97],[],Yes
MPI_YEAST,P29952,391,304,T,[107],[],Yes
Q9VH77_DROME,Q9VH77,391,264,T,[84],[],Yes
MPI_CAEEL,P34650,391,282,T,[97],[],Yes
D8SVH8_SELML,D8SVH8,391,291,T,[103],[],Yes
Q2R1L4_ORYSJ,Q2R1L4,391,337,T,[147],[],Yes
Q9FTR6_ORYSJ,Q9FTR6,391,305,T,[115],[],Yes
B4FP68_MAIZE,B4FP68,391,311,T,[121],[],Yes
B4FPI5_MAIZE,B4FPI5,391,314,T,[124],[],Yes
A0A072TVL2_MEDTR,A0A072TVL2,391,302,T,[113],[],Yes
MPI1_ARATH,Q9M884,391,311,T,[122],[],Yes
MPI2_ARATH,Q9FZH5,391,319,T,[129],[],Yes
MPI_DICDI,Q54PA0,391,318,T,[139],[],Yes
F7B5B2_CIOIN,F7B5B2,391,293,T,,,No
G5AL67_HETGA,G5AL67,391,299,T,[108],[],Yes
A0A8I3P413_CANLF,A0A8I3P413,391,299,T,,,No
MPI_MOUSE,Q924M7,391,299,T,[108],[],Yes
MPI_RAT,Q68FX1,391,299,T,[108],[],Yes
A0A3P9PED3_POERE,A0A3P9PED3,391,298,T,[108],[],Yes
Q3ZB95_DANRE,Q3ZB95,391,298,T,[108],[],Yes
O16315_CAEEL,O16315,396,306,D,[310],[],Yes
MPI_SCHPO,O43014,396,293,D,"[284, 297]",[284],Yes
MPI_YEAST,P29952,396,309,D,"[300, 313]",[300],Yes
Q9VH77_DROME,Q9VH77,396,269,D,"[260, 273]",[260],Yes
MPI_CAEEL,P34650,396,287,D,"[278, 291]",[278],Yes
D8SVH8_SELML,D8SVH8,396,296,D,"[287, 300]",[287],Yes
Q2R1L4_ORYSJ,Q2R1L4,396,342,D,"[333, 346]",[333],Yes
Q9FTR6_ORYSJ,Q9FTR6,396,310,D,"[301, 314]",[301],Yes
B4FP68_MAIZE,B4FP68,396,316,D,"[307, 320]",[307],Yes
B4FPI5_MAIZE,B4FPI5,396,319,D,"[310, 323]",[310],Yes
A0A072TVL2_MEDTR,A0A072TVL2,396,307,D,"[298, 311]",[298],Yes
MPI1_ARATH,Q9M884,396,316,D,"[307, 320]",[307],Yes
MPI2_ARATH,Q9FZH5,396,324,D,"[315, 328]",[315],Yes
MPI_DICDI,Q54PA0,396,323,D,"[314, 327]",[314],Yes
F7B5B2_CIOIN,F7B5B2,396,298,D,,,No
G5AL67_HETGA,G5AL67,396,304,D,"[295, 308]",[295],Yes
A0A8I3P413_CANLF,A0A8I3P413,396,304,D,,,No
MPI_MOUSE,Q924M7,396,304,D,"[295, 308]",[295],Yes
MPI_RAT,Q68FX1,396,304,D,"[295, 308]",[295],Yes
A0A3P9PED3_POERE,A0A3P9PED3,396,303,D,"[294, 307]",[294],Yes
Q3ZB95_DANRE,Q3ZB95,396,303,D,"[294, 307]",[294],Yes
O16315_CAEEL,O16315,400,310,L,[306],[],Yes
MPI_SCHPO,O43014,400,297,L,[293],[],Yes
MPI_YEAST,P29952,400,313,L,[309],[],Yes
Q9VH77_DROME,Q9VH77,400,273,L,[269],[],Yes
MPI_CAEEL,P34650,400,291,L,[287],[],Yes
D8SVH8_SELML,D8SVH8,400,300,L,"[287, 296]",[287],Yes
Q2R1L4_ORYSJ,Q2R1L4,400,346,L,[342],[],Yes
Q9FTR6_ORYSJ,Q9FTR6,400,314,L,"[301, 310]",[301],Yes
B4FP68_MAIZE,B4FP68,400,320,L,[316],[],Yes
B4FPI5_MAIZE,B4FPI5,400,323,L,[319],[],Yes
A0A072TVL2_MEDTR,A0A072TVL2,400,311,L,[307],[],Yes
MPI1_ARATH,Q9M884,400,320,L,[316],[],Yes
MPI2_ARATH,Q9FZH5,400,328,L,[324],[],Yes
MPI_DICDI,Q54PA0,400,327,L,[323],[],Yes
F7B5B2_CIOIN,F7B5B2,400,302,L,,,No
G5AL67_HETGA,G5AL67,400,308,L,[304],[],Yes
A0A8I3P413_CANLF,A0A8I3P413,400,308,L,,,No
MPI_MOUSE,Q924M7,400,308,L,"[295, 304]",[295],Yes
MPI_RAT,Q68FX1,400,308,L,"[295, 304]",[295],Yes
A0A3P9PED3_POERE,A0A3P9PED3,400,307,L,[303],[],Yes
Q3ZB95_DANRE,Q3ZB95,400,307,L,"[294, 303]",[294],Yes
O16315_CAEEL,O16315,435,340,P,,,Yes
MPI_SCHPO,O43014,435,332,P,,,Yes
MPI_YEAST,P29952,435,348,P,,,Yes
Q9VH77_DROME,Q9VH77,435,303,P,,,Yes
MPI_CAEEL,P34650,435,319,P,,,Yes
D8SVH8_SELML,D8SVH8,435,328,P,,,Yes
Q2R1L4_ORYSJ,Q2R1L4,435,374,P,,,Yes
Q9FTR6_ORYSJ,Q9FTR6,435,342,P,,,Yes
B4FP68_MAIZE,B4FP68,435,348,P,,,Yes
B4FPI5_MAIZE,B4FPI5,435,351,P,,,Yes
A0A072TVL2_MEDTR,A0A072TVL2,435,339,P,,,Yes
MPI1_ARATH,Q9M884,435,348,P,,,Yes
MPI2_ARATH,Q9FZH5,435,356,P,,,Yes
MPI_DICDI,Q54PA0,435,359,P,,,Yes
F7B5B2_CIOIN,F7B5B2,435,333,P,,,No
G5AL67_HETGA,G5AL67,435,340,P,,,Yes
A0A8I3P413_CANLF,A0A8I3P413,435,338,P,,,No
MPI_MOUSE,Q924M7,435,340,P,,,Yes
MPI_RAT,Q68FX1,435,340,P,,,Yes
A0A3P9PED3_POERE,A0A3P9PED3,435,339,P,,,Yes
Q3ZB95_DANRE,Q3ZB95,435,339,P,,,Yes
O16315_CAEEL,O16315,441,345,F,,,Yes
MPI_SCHPO,O43014,441,337,F,,,Yes
MPI_YEAST,P29952,441,353,F,,,Yes
Q9VH77_DROME,Q9VH77,441,308,F,,,Yes
MPI_CAEEL,P34650,441,325,F,,,Yes
D8SVH8_SELML,D8SVH8,441,333,F,,,Yes
Q2R1L4_ORYSJ,Q2R1L4,441,379,F,,,Yes
Q9FTR6_ORYSJ,Q9FTR6,441,347,F,,,Yes
B4FP68_MAIZE,B4FP68,441,353,F,,,Yes
B4FPI5_MAIZE,B4FPI5,441,356,F,,,Yes
A0A072TVL2_MEDTR,A0A072TVL2,441,344,F,,,Yes
MPI1_ARATH,Q9M884,441,353,F,,,Yes
MPI2_ARATH,Q9FZH5,441,361,F,,,Yes
MPI_DICDI,Q54PA0,441,364,F,,,Yes
F7B5B2_CIOIN,F7B5B2,441,338,F,,,No
G5AL67_HETGA,G5AL67,441,345,F,,,Yes
A0A8I3P413_CANLF,A0A8I3P413,441,343,F,,,No
MPI_MOUSE,Q924M7,441,345,F,,,Yes
MPI_RAT,Q68FX1,441,345,F,,,Yes
A0A3P9PED3_POERE,A0A3P9PED3,441,344,F,,,Yes
Q3ZB95_DANRE,Q3ZB95,441,344,F,,,Yes
O16315_CAEEL,O16315,473,377,G,,,Yes
MPI_SCHPO,O43014,473,366,G,,,Yes
MPI_YEAST,P29952,473,383,G,,,Yes
Q9VH77_DROME,Q9VH77,473,338,G,,,Yes
MPI_CAEEL,P34650,473,354,G,,,Yes
D8SVH8_SELML,D8SVH8,473,362,G,,,Yes
Q2R1L4_ORYSJ,Q2R1L4,473,408,G,,,Yes
Q9FTR6_ORYSJ,Q9FTR6,473,376,G,,,Yes
B4FP68_MAIZE,B4FP68,473,383,G,,,Yes
B4FPI5_MAIZE,B4FPI5,473,385,G,,,Yes
A0A072TVL2_MEDTR,A0A072TVL2,473,373,G,,,Yes
MPI1_ARATH,Q9M884,473,382,G,,,Yes
MPI2_ARATH,Q9FZH5,473,390,G,,,Yes
MPI_DICDI,Q54PA0,473,394,G,,,Yes
F7B5B2_CIOIN,F7B5B2,473,366,G,,,No
G5AL67_HETGA,G5AL67,473,375,G,,,Yes
A0A8I3P413_CANLF,A0A8I3P413,473,373,G,,,No
MPI_MOUSE,Q924M7,473,375,G,,,Yes
MPI_RAT,Q68FX1,473,375,G,,,Yes
A0A3P9PED3_POERE,A0A3P9PED3,473,374,G,,,Yes
Q3ZB95_DANRE,Q3ZB95,473,374,G,,,Yes
O16315_CAEEL,O16315,496,399,G,,,Yes
MPI_SCHPO,O43014,496,383,G,,,Yes
MPI_YEAST,P29952,496,399,G,,,Yes
Q9VH77_DROME,Q9VH77,496,358,G,,,Yes
MPI_CAEEL,P34650,496,370,G,,,Yes
D8SVH8_SELML,D8SVH8,496,385,G,,,Yes
Q2R1L4_ORYSJ,Q2R1L4,496,426,G,,,Yes
Q9FTR6_ORYSJ,Q9FTR6,496,394,G,,,Yes
B4FP68_MAIZE,B4FP68,496,401,G,,,Yes
B4FPI5_MAIZE,B4FPI5,496,403,G,,,Yes
A0A072TVL2_MEDTR,A0A072TVL2,496,390,G,,,Yes
MPI1_ARATH,Q9M884,496,398,G,,,Yes
MPI2_ARATH,Q9FZH5,496,406,G,,,Yes
MPI_DICDI,Q54PA0,496,413,G,,,Yes
F7B5B2_CIOIN,F7B5B2,496,380,G,,,No
G5AL67_HETGA,G5AL67,496,393,G,,,Yes
A0A8I3P413_CANLF,A0A8I3P413,496,391,G,,,No
MPI_MOUSE,Q924M7,496,393,G,,,Yes
MPI_RAT,Q68FX1,496,393,G,,,Yes
A0A3P9PED3_POERE,A0A3P9PED3,496,392,G,,,Yes
Q3ZB95_DANRE,Q3ZB95,496,392,G,,,Yes
