,Unnamed: 0,pathway_name,pathway_description,ko_id
5,5,hsa00051,Fructose and mannose metabolism - Homo sapiens (human),K01809
5,5,hsa00051,Fructose and mannose metabolism - Homo sapiens (human),K17497
5,5,hsa00051,Fructose and mannose metabolism - Homo sapiens (human),K00966
5,5,hsa00051,Fructose and mannose metabolism - Homo sapiens (human),K01711
5,5,hsa00051,Fructose and mannose metabolism - Homo sapiens (human),K02377
5,5,hsa00051,Fructose and mannose metabolism - Homo sapiens (human),K00976
5,5,hsa00051,Fructose and mannose metabolism - Homo sapiens (human),K05305
5,5,hsa00051,Fructose and mannose metabolism - Homo sapiens (human),K18334
5,5,hsa00051,Fructose and mannose metabolism - Homo sapiens (human),K00844
5,5,hsa00051,Fructose and mannose metabolism - Homo sapiens (human),K00850
5,5,hsa00051,Fructose and mannose metabolism - Homo sapiens (human),K03841
5,5,hsa00051,Fructose and mannose metabolism - Homo sapiens (human),K19028
5,5,hsa00051,Fructose and mannose metabolism - Homo sapiens (human),K19029
5,5,hsa00051,Fructose and mannose metabolism - Homo sapiens (human),K01103
5,5,hsa00051,Fructose and mannose metabolism - Homo sapiens (human),K19030
5,5,hsa00051,Fructose and mannose metabolism - Homo sapiens (human),K14634
5,5,hsa00051,Fructose and mannose metabolism - Homo sapiens (human),K00846
5,5,hsa00051,Fructose and mannose metabolism - Homo sapiens (human),K00008
5,5,hsa00051,Fructose and mannose metabolism - Homo sapiens (human),K00011
5,5,hsa00051,Fructose and mannose metabolism - Homo sapiens (human),K01623
5,5,hsa00051,Fructose and mannose metabolism - Homo sapiens (human),K01803
5,5,hsa00051,Fructose and mannose metabolism - Homo sapiens (human),K00863
6,6,hsa00052,Galactose metabolism - Homo sapiens (human),K01785
6,6,hsa00052,Galactose metabolism - Homo sapiens (human),K00849
6,6,hsa00052,Galactose metabolism - Homo sapiens (human),K00965
6,6,hsa00052,Galactose metabolism - Homo sapiens (human),K01784
6,6,hsa00052,Galactose metabolism - Homo sapiens (human),K00963
6,6,hsa00052,Galactose metabolism - Homo sapiens (human),K01835
6,6,hsa00052,Galactose metabolism - Homo sapiens (human),K15779
6,6,hsa00052,Galactose metabolism - Homo sapiens (human),K00844
6,6,hsa00052,Galactose metabolism - Homo sapiens (human),K12407
6,6,hsa00052,Galactose metabolism - Homo sapiens (human),K01084
6,6,hsa00052,Galactose metabolism - Homo sapiens (human),K12309
6,6,hsa00052,Galactose metabolism - Homo sapiens (human),K01229
6,6,hsa00052,Galactose metabolism - Homo sapiens (human),K00704
6,6,hsa00052,Galactose metabolism - Homo sapiens (human),K07966
6,6,hsa00052,Galactose metabolism - Homo sapiens (human),K07967
6,6,hsa00052,Galactose metabolism - Homo sapiens (human),K01189
6,6,hsa00052,Galactose metabolism - Homo sapiens (human),K00011
6,6,hsa00052,Galactose metabolism - Homo sapiens (human),K00850
6,6,hsa00052,Galactose metabolism - Homo sapiens (human),K12047
6,6,hsa00052,Galactose metabolism - Homo sapiens (human),K12316
6,6,hsa00052,Galactose metabolism - Homo sapiens (human),K12317
6,6,hsa00052,Galactose metabolism - Homo sapiens (human),K01203
7,7,hsa00053,Ascorbate and aldarate metabolism - Homo sapiens (human),K00012
7,7,hsa00053,Ascorbate and aldarate metabolism - Homo sapiens (human),K00699
7,7,hsa00053,Ascorbate and aldarate metabolism - Homo sapiens (human),K01195
7,7,hsa00053,Ascorbate and aldarate metabolism - Homo sapiens (human),K14756
7,7,hsa00053,Ascorbate and aldarate metabolism - Homo sapiens (human),K00469
7,7,hsa00053,Ascorbate and aldarate metabolism - Homo sapiens (human),K00002
7,7,hsa00053,Ascorbate and aldarate metabolism - Homo sapiens (human),K01053
7,7,hsa00053,Ascorbate and aldarate metabolism - Homo sapiens (human),K00128
7,7,hsa00053,Ascorbate and aldarate metabolism - Homo sapiens (human),K14085
7,7,hsa00053,Ascorbate and aldarate metabolism - Homo sapiens (human),K00149
8,8,hsa00500,Starch and sucrose metabolism - Homo sapiens (human),K12047
8,8,hsa00500,Starch and sucrose metabolism - Homo sapiens (human),K12316
8,8,hsa00500,Starch and sucrose metabolism - Homo sapiens (human),K12317
8,8,hsa00500,Starch and sucrose metabolism - Homo sapiens (human),K01203
8,8,hsa00500,Starch and sucrose metabolism - Homo sapiens (human),K00963
8,8,hsa00500,Starch and sucrose metabolism - Homo sapiens (human),K01513
8,8,hsa00500,Starch and sucrose metabolism - Homo sapiens (human),K05350
8,8,hsa00500,Starch and sucrose metabolism - Homo sapiens (human),K00693
8,8,hsa00500,Starch and sucrose metabolism - Homo sapiens (human),K00750
8,8,hsa00500,Starch and sucrose metabolism - Homo sapiens (human),K00700
8,8,hsa00500,Starch and sucrose metabolism - Homo sapiens (human),K00688
8,8,hsa00500,Starch and sucrose metabolism - Homo sapiens (human),K01196
8,8,hsa00500,Starch and sucrose metabolism - Homo sapiens (human),K01176
8,8,hsa00500,Starch and sucrose metabolism - Homo sapiens (human),K01194
8,8,hsa00500,Starch and sucrose metabolism - Homo sapiens (human),K01835
8,8,hsa00500,Starch and sucrose metabolism - Homo sapiens (human),K15779
8,8,hsa00500,Starch and sucrose metabolism - Homo sapiens (human),K00844
8,8,hsa00500,Starch and sucrose metabolism - Homo sapiens (human),K12407
8,8,hsa00500,Starch and sucrose metabolism - Homo sapiens (human),K01084
8,8,hsa00500,Starch and sucrose metabolism - Homo sapiens (human),K11809
8,8,hsa00500,Starch and sucrose metabolism - Homo sapiens (human),K01810
9,9,hsa00520,Amino sugar and nucleotide sugar metabolism - Homo sapiens (human),K01183
9,9,hsa00520,Amino sugar and nucleotide sugar metabolism - Homo sapiens (human),K12373
9,9,hsa00520,Amino sugar and nucleotide sugar metabolism - Homo sapiens (human),K00884
9,9,hsa00520,Amino sugar and nucleotide sugar metabolism - Homo sapiens (human),K01443
9,9,hsa00520,Amino sugar and nucleotide sugar metabolism - Homo sapiens (human),K02564
9,9,hsa00520,Amino sugar and nucleotide sugar metabolism - Homo sapiens (human),K00844
9,9,hsa00520,Amino sugar and nucleotide sugar metabolism - Homo sapiens (human),K00820
9,9,hsa00520,Amino sugar and nucleotide sugar metabolism - Homo sapiens (human),K00621
9,9,hsa00520,Amino sugar and nucleotide sugar metabolism - Homo sapiens (human),K01836
9,9,hsa00520,Amino sugar and nucleotide sugar metabolism - Homo sapiens (human),K18674
9,9,hsa00520,Amino sugar and nucleotide sugar metabolism - Homo sapiens (human),K00972
9,9,hsa00520,Amino sugar and nucleotide sugar metabolism - Homo sapiens (human),K12409
9,9,hsa00520,Amino sugar and nucleotide sugar metabolism - Homo sapiens (human),K01787
9,9,hsa00520,Amino sugar and nucleotide sugar metabolism - Homo sapiens (human),K05304
9,9,hsa00520,Amino sugar and nucleotide sugar metabolism - Homo sapiens (human),K01097
9,9,hsa00520,Amino sugar and nucleotide sugar metabolism - Homo sapiens (human),K01639
9,9,hsa00520,Amino sugar and nucleotide sugar metabolism - Homo sapiens (human),K21749
9,9,hsa00520,Amino sugar and nucleotide sugar metabolism - Homo sapiens (human),K00326
9,9,hsa00520,Amino sugar and nucleotide sugar metabolism - Homo sapiens (human),K08678
9,9,hsa00520,Amino sugar and nucleotide sugar metabolism - Homo sapiens (human),K12407
9,9,hsa00520,Amino sugar and nucleotide sugar metabolism - Homo sapiens (human),K01835
9,9,hsa00520,Amino sugar and nucleotide sugar metabolism - Homo sapiens (human),K15779
9,9,hsa00520,Amino sugar and nucleotide sugar metabolism - Homo sapiens (human),K00963
9,9,hsa00520,Amino sugar and nucleotide sugar metabolism - Homo sapiens (human),K00012
9,9,hsa00520,Amino sugar and nucleotide sugar metabolism - Homo sapiens (human),K00849
9,9,hsa00520,Amino sugar and nucleotide sugar metabolism - Homo sapiens (human),K00965
9,9,hsa00520,Amino sugar and nucleotide sugar metabolism - Homo sapiens (human),K01784
9,9,hsa00520,Amino sugar and nucleotide sugar metabolism - Homo sapiens (human),K01810
9,9,hsa00520,Amino sugar and nucleotide sugar metabolism - Homo sapiens (human),K01809
9,9,hsa00520,Amino sugar and nucleotide sugar metabolism - Homo sapiens (human),K17497
9,9,hsa00520,Amino sugar and nucleotide sugar metabolism - Homo sapiens (human),K00966
9,9,hsa00520,Amino sugar and nucleotide sugar metabolism - Homo sapiens (human),K01711
9,9,hsa00520,Amino sugar and nucleotide sugar metabolism - Homo sapiens (human),K02377
9,9,hsa00520,Amino sugar and nucleotide sugar metabolism - Homo sapiens (human),K05305
9,9,hsa00520,Amino sugar and nucleotide sugar metabolism - Homo sapiens (human),K00976
10,10,hsa00620,Pyruvate metabolism - Homo sapiens (human),K01895
10,10,hsa00620,Pyruvate metabolism - Homo sapiens (human),K00161
10,10,hsa00620,Pyruvate metabolism - Homo sapiens (human),K00162
10,10,hsa00620,Pyruvate metabolism - Homo sapiens (human),K00627
10,10,hsa00620,Pyruvate metabolism - Homo sapiens (human),K00382
10,10,hsa00620,Pyruvate metabolism - Homo sapiens (human),K13951
10,10,hsa00620,Pyruvate metabolism - Homo sapiens (human),K13980
10,10,hsa00620,Pyruvate metabolism - Homo sapiens (human),K13952
10,10,hsa00620,Pyruvate metabolism - Homo sapiens (human),K00121
10,10,hsa00620,Pyruvate metabolism - Homo sapiens (human),K00002
10,10,hsa00620,Pyruvate metabolism - Homo sapiens (human),K00873
10,10,hsa00620,Pyruvate metabolism - Homo sapiens (human),K12406
10,10,hsa00620,Pyruvate metabolism - Homo sapiens (human),K11262
10,10,hsa00620,Pyruvate metabolism - Homo sapiens (human),K01946
10,10,hsa00620,Pyruvate metabolism - Homo sapiens (human),K01512
10,10,hsa00620,Pyruvate metabolism - Homo sapiens (human),K00128
10,10,hsa00620,Pyruvate metabolism - Homo sapiens (human),K14085
10,10,hsa00620,Pyruvate metabolism - Homo sapiens (human),K00149
10,10,hsa00620,Pyruvate metabolism - Homo sapiens (human),K01067
10,10,hsa00620,Pyruvate metabolism - Homo sapiens (human),K00016
10,10,hsa00620,Pyruvate metabolism - Homo sapiens (human),K00102
10,10,hsa00620,Pyruvate metabolism - Homo sapiens (human),K01759
10,10,hsa00620,Pyruvate metabolism - Homo sapiens (human),K01069
10,10,hsa00620,Pyruvate metabolism - Homo sapiens (human),K00049
10,10,hsa00620,Pyruvate metabolism - Homo sapiens (human),K00027
10,10,hsa00620,Pyruvate metabolism - Homo sapiens (human),K00029
10,10,hsa00620,Pyruvate metabolism - Homo sapiens (human),K01958
10,10,hsa00620,Pyruvate metabolism - Homo sapiens (human),K00025
10,10,hsa00620,Pyruvate metabolism - Homo sapiens (human),K00026
10,10,hsa00620,Pyruvate metabolism - Homo sapiens (human),K01679
10,10,hsa00620,Pyruvate metabolism - Homo sapiens (human),K01596
10,10,hsa00620,Pyruvate metabolism - Homo sapiens (human),K00626
11,11,hsa00630,Glyoxylate and dicarboxylate metabolism - Homo sapiens (human),K01895
11,11,hsa00630,Glyoxylate and dicarboxylate metabolism - Homo sapiens (human),K00025
11,11,hsa00630,Glyoxylate and dicarboxylate metabolism - Homo sapiens (human),K00026
11,11,hsa00630,Glyoxylate and dicarboxylate metabolism - Homo sapiens (human),K01647
11,11,hsa00630,Glyoxylate and dicarboxylate metabolism - Homo sapiens (human),K01681
11,11,hsa00630,Glyoxylate and dicarboxylate metabolism - Homo sapiens (human),K00626
11,11,hsa00630,Glyoxylate and dicarboxylate metabolism - Homo sapiens (human),K05606
11,11,hsa00630,Glyoxylate and dicarboxylate metabolism - Homo sapiens (human),K01965
11,11,hsa00630,Glyoxylate and dicarboxylate metabolism - Homo sapiens (human),K01966
11,11,hsa00630,Glyoxylate and dicarboxylate metabolism - Homo sapiens (human),K01847
11,11,hsa00630,Glyoxylate and dicarboxylate metabolism - Homo sapiens (human),K11517
11,11,hsa00630,Glyoxylate and dicarboxylate metabolism - Homo sapiens (human),K03781
11,11,hsa00630,Glyoxylate and dicarboxylate metabolism - Homo sapiens (human),K00049
11,11,hsa00630,Glyoxylate and dicarboxylate metabolism - Homo sapiens (human),K19269
11,11,hsa00630,Glyoxylate and dicarboxylate metabolism - Homo sapiens (human),K00830
11,11,hsa00630,Glyoxylate and dicarboxylate metabolism - Homo sapiens (human),K01915
11,11,hsa00630,Glyoxylate and dicarboxylate metabolism - Homo sapiens (human),K00600
11,11,hsa00630,Glyoxylate and dicarboxylate metabolism - Homo sapiens (human),K00281
11,11,hsa00630,Glyoxylate and dicarboxylate metabolism - Homo sapiens (human),K00605
11,11,hsa00630,Glyoxylate and dicarboxylate metabolism - Homo sapiens (human),K00382
11,11,hsa00630,Glyoxylate and dicarboxylate metabolism - Homo sapiens (human),K02437
11,11,hsa00630,Glyoxylate and dicarboxylate metabolism - Homo sapiens (human),K01816
11,11,hsa00630,Glyoxylate and dicarboxylate metabolism - Homo sapiens (human),K11529
11,11,hsa00630,Glyoxylate and dicarboxylate metabolism - Homo sapiens (human),K18123
11,11,hsa00630,Glyoxylate and dicarboxylate metabolism - Homo sapiens (human),K01432
12,12,hsa00640,Propanoate metabolism - Homo sapiens (human),K01895
12,12,hsa00640,Propanoate metabolism - Homo sapiens (human),K01908
12,12,hsa00640,Propanoate metabolism - Homo sapiens (human),K00166
12,12,hsa00640,Propanoate metabolism - Homo sapiens (human),K00167
12,12,hsa00640,Propanoate metabolism - Homo sapiens (human),K09699
12,12,hsa00640,Propanoate metabolism - Homo sapiens (human),K00382
12,12,hsa00640,Propanoate metabolism - Homo sapiens (human),K00248
12,12,hsa00640,Propanoate metabolism - Homo sapiens (human),K00232
12,12,hsa00640,Propanoate metabolism - Homo sapiens (human),K07515
12,12,hsa00640,Propanoate metabolism - Homo sapiens (human),K07514
12,12,hsa00640,Propanoate metabolism - Homo sapiens (human),K07511
12,12,hsa00640,Propanoate metabolism - Homo sapiens (human),K05605
12,12,hsa00640,Propanoate metabolism - Homo sapiens (human),K11262
12,12,hsa00640,Propanoate metabolism - Homo sapiens (human),K01946
12,12,hsa00640,Propanoate metabolism - Homo sapiens (human),K01578
12,12,hsa00640,Propanoate metabolism - Homo sapiens (human),K13524
12,12,hsa00640,Propanoate metabolism - Homo sapiens (human),K01965
12,12,hsa00640,Propanoate metabolism - Homo sapiens (human),K01966
12,12,hsa00640,Propanoate metabolism - Homo sapiens (human),K18426
12,12,hsa00640,Propanoate metabolism - Homo sapiens (human),K05606
12,12,hsa00640,Propanoate metabolism - Homo sapiens (human),K01847
12,12,hsa00640,Propanoate metabolism - Homo sapiens (human),K01899
12,12,hsa00640,Propanoate metabolism - Homo sapiens (human),K01900
12,12,hsa00640,Propanoate metabolism - Homo sapiens (human),K00140
12,12,hsa00640,Propanoate metabolism - Homo sapiens (human),K00016
13,13,hsa00650,Butanoate metabolism - Homo sapiens (human),K00626
13,13,hsa00650,Butanoate metabolism - Homo sapiens (human),K00022
13,13,hsa00650,Butanoate metabolism - Homo sapiens (human),K07515
13,13,hsa00650,Butanoate metabolism - Homo sapiens (human),K07514
13,13,hsa00650,Butanoate metabolism - Homo sapiens (human),K07511
13,13,hsa00650,Butanoate metabolism - Homo sapiens (human),K00248
13,13,hsa00650,Butanoate metabolism - Homo sapiens (human),K23756
13,13,hsa00650,Butanoate metabolism - Homo sapiens (human),K01896
13,13,hsa00650,Butanoate metabolism - Homo sapiens (human),K00109
13,13,hsa00650,Butanoate metabolism - Homo sapiens (human),K01580
13,13,hsa00650,Butanoate metabolism - Homo sapiens (human),K13524
13,13,hsa00650,Butanoate metabolism - Homo sapiens (human),K00139
13,13,hsa00650,Butanoate metabolism - Homo sapiens (human),K01641
13,13,hsa00650,Butanoate metabolism - Homo sapiens (human),K01640
13,13,hsa00650,Butanoate metabolism - Homo sapiens (human),K01027
13,13,hsa00650,Butanoate metabolism - Homo sapiens (human),K01907
13,13,hsa00650,Butanoate metabolism - Homo sapiens (human),K00019
14,14,hsa00562,Inositol phosphate metabolism - Homo sapiens (human),K00914
14,14,hsa00562,Inositol phosphate metabolism - Homo sapiens (human),K01108
14,14,hsa00562,Inositol phosphate metabolism - Homo sapiens (human),K18081
14,14,hsa00562,Inositol phosphate metabolism - Homo sapiens (human),K18082
14,14,hsa00562,Inositol phosphate metabolism - Homo sapiens (human),K18083
14,14,hsa00562,Inositol phosphate metabolism - Homo sapiens (human),K18086
14,14,hsa00562,Inositol phosphate metabolism - Homo sapiens (human),K00888
14,14,hsa00562,Inositol phosphate metabolism - Homo sapiens (human),K19801
14,14,hsa00562,Inositol phosphate metabolism - Homo sapiens (human),K13711
14,14,hsa00562,Inositol phosphate metabolism - Homo sapiens (human),K21797
14,14,hsa00562,Inositol phosphate metabolism - Homo sapiens (human),K21798
14,14,hsa00562,Inositol phosphate metabolism - Homo sapiens (human),K00889
14,14,hsa00562,Inositol phosphate metabolism - Homo sapiens (human),K13712
14,14,hsa00562,Inositol phosphate metabolism - Homo sapiens (human),K01099
14,14,hsa00562,Inositol phosphate metabolism - Homo sapiens (human),K20278
14,14,hsa00562,Inositol phosphate metabolism - Homo sapiens (human),K20279
14,14,hsa00562,Inositol phosphate metabolism - Homo sapiens (human),K00922
14,14,hsa00562,Inositol phosphate metabolism - Homo sapiens (human),K21289
14,14,hsa00562,Inositol phosphate metabolism - Homo sapiens (human),K01110
14,14,hsa00562,Inositol phosphate metabolism - Homo sapiens (human),K03084
14,14,hsa00562,Inositol phosphate metabolism - Homo sapiens (human),K15909
14,14,hsa00562,Inositol phosphate metabolism - Homo sapiens (human),K00923
14,14,hsa00562,Inositol phosphate metabolism - Homo sapiens (human),K01109
14,14,hsa00562,Inositol phosphate metabolism - Homo sapiens (human),K00921
14,14,hsa00562,Inositol phosphate metabolism - Homo sapiens (human),K22913
14,14,hsa00562,Inositol phosphate metabolism - Homo sapiens (human),K00920
14,14,hsa00562,Inositol phosphate metabolism - Homo sapiens (human),K05858
14,14,hsa00562,Inositol phosphate metabolism - Homo sapiens (human),K05857
14,14,hsa00562,Inositol phosphate metabolism - Homo sapiens (human),K05860
14,14,hsa00562,Inositol phosphate metabolism - Homo sapiens (human),K01116
14,14,hsa00562,Inositol phosphate metabolism - Homo sapiens (human),K05859
14,14,hsa00562,Inositol phosphate metabolism - Homo sapiens (human),K05861
14,14,hsa00562,Inositol phosphate metabolism - Homo sapiens (human),K19006
14,14,hsa00562,Inositol phosphate metabolism - Homo sapiens (human),K01092
14,14,hsa00562,Inositol phosphate metabolism - Homo sapiens (human),K00999
14,14,hsa00562,Inositol phosphate metabolism - Homo sapiens (human),K01858
14,14,hsa00562,Inositol phosphate metabolism - Homo sapiens (human),K01107
14,14,hsa00562,Inositol phosphate metabolism - Homo sapiens (human),K01106
14,14,hsa00562,Inositol phosphate metabolism - Homo sapiens (human),K24222
14,14,hsa00562,Inositol phosphate metabolism - Homo sapiens (human),K03103
14,14,hsa00562,Inositol phosphate metabolism - Homo sapiens (human),K00911
14,14,hsa00562,Inositol phosphate metabolism - Homo sapiens (human),K00913
14,14,hsa00562,Inositol phosphate metabolism - Homo sapiens (human),K00915
14,14,hsa00562,Inositol phosphate metabolism - Homo sapiens (human),K10572
14,14,hsa00562,Inositol phosphate metabolism - Homo sapiens (human),K00469
14,14,hsa00562,Inositol phosphate metabolism - Homo sapiens (human),K00140
14,14,hsa00562,Inositol phosphate metabolism - Homo sapiens (human),K01803
15,15,hsa00910,Nitrogen metabolism - Homo sapiens (human),K00261
15,15,hsa00910,Nitrogen metabolism - Homo sapiens (human),K01915
15,15,hsa00910,Nitrogen metabolism - Homo sapiens (human),K01948
15,15,hsa00910,Nitrogen metabolism - Homo sapiens (human),K01672
15,15,hsa00910,Nitrogen metabolism - Homo sapiens (human),K18245
15,15,hsa00910,Nitrogen metabolism - Homo sapiens (human),K18246
16,16,hsa00920,Sulfur metabolism - Homo sapiens (human),K13811
16,16,hsa00920,Sulfur metabolism - Homo sapiens (human),K01082
16,16,hsa00920,Sulfur metabolism - Homo sapiens (human),K15759
16,16,hsa00920,Sulfur metabolism - Homo sapiens (human),K00387
16,16,hsa00920,Sulfur metabolism - Homo sapiens (human),K22470
16,16,hsa00920,Sulfur metabolism - Homo sapiens (human),K17725
16,16,hsa00920,Sulfur metabolism - Homo sapiens (human),K01011
16,16,hsa00920,Sulfur metabolism - Homo sapiens (human),K17285
17,17,hsa00561,Glycerolipid metabolism - Homo sapiens (human),K11529
17,17,hsa00561,Glycerolipid metabolism - Homo sapiens (human),K00128
17,17,hsa00561,Glycerolipid metabolism - Homo sapiens (human),K14085
17,17,hsa00561,Glycerolipid metabolism - Homo sapiens (human),K00149
17,17,hsa00561,Glycerolipid metabolism - Homo sapiens (human),K00011
17,17,hsa00561,Glycerolipid metabolism - Homo sapiens (human),K00002
17,17,hsa00561,Glycerolipid metabolism - Homo sapiens (human),K00863
17,17,hsa00561,Glycerolipid metabolism - Homo sapiens (human),K00864
17,17,hsa00561,Glycerolipid metabolism - Homo sapiens (human),K00629
17,17,hsa00561,Glycerolipid metabolism - Homo sapiens (human),K13506
17,17,hsa00561,Glycerolipid metabolism - Homo sapiens (human),K13509
17,17,hsa00561,Glycerolipid metabolism - Homo sapiens (human),K13523
17,17,hsa00561,Glycerolipid metabolism - Homo sapiens (human),K19007
17,17,hsa00561,Glycerolipid metabolism - Homo sapiens (human),K13513
17,17,hsa00561,Glycerolipid metabolism - Homo sapiens (human),K13517
17,17,hsa00561,Glycerolipid metabolism - Homo sapiens (human),K01080
17,17,hsa00561,Glycerolipid metabolism - Homo sapiens (human),K15728
17,17,hsa00561,Glycerolipid metabolism - Homo sapiens (human),K18693
17,17,hsa00561,Glycerolipid metabolism - Homo sapiens (human),K00901
17,17,hsa00561,Glycerolipid metabolism - Homo sapiens (human),K11155
17,17,hsa00561,Glycerolipid metabolism - Homo sapiens (human),K11160
17,17,hsa00561,Glycerolipid metabolism - Homo sapiens (human),K14456
17,17,hsa00561,Glycerolipid metabolism - Homo sapiens (human),K12298
17,17,hsa00561,Glycerolipid metabolism - Homo sapiens (human),K16816
17,17,hsa00561,Glycerolipid metabolism - Homo sapiens (human),K13534
17,17,hsa00561,Glycerolipid metabolism - Homo sapiens (human),K14073
17,17,hsa00561,Glycerolipid metabolism - Homo sapiens (human),K14074
17,17,hsa00561,Glycerolipid metabolism - Homo sapiens (human),K14075
17,17,hsa00561,Glycerolipid metabolism - Homo sapiens (human),K14076
17,17,hsa00561,Glycerolipid metabolism - Homo sapiens (human),K22283
17,17,hsa00561,Glycerolipid metabolism - Homo sapiens (human),K14452
17,17,hsa00561,Glycerolipid metabolism - Homo sapiens (human),K22284
17,17,hsa00561,Glycerolipid metabolism - Homo sapiens (human),K01059
17,17,hsa00561,Glycerolipid metabolism - Homo sapiens (human),K09881
17,17,hsa00561,Glycerolipid metabolism - Homo sapiens (human),K01054
17,17,hsa00561,Glycerolipid metabolism - Homo sapiens (human),K25824
17,17,hsa00561,Glycerolipid metabolism - Homo sapiens (human),K14458
17,17,hsa00561,Glycerolipid metabolism - Homo sapiens (human),K14457
17,17,hsa00561,Glycerolipid metabolism - Homo sapiens (human),K01189
18,18,hsa00564,Glycerophospholipid metabolism - Homo sapiens (human),K00006
18,18,hsa00564,Glycerophospholipid metabolism - Homo sapiens (human),K00111
18,18,hsa00564,Glycerophospholipid metabolism - Homo sapiens (human),K00629
18,18,hsa00564,Glycerophospholipid metabolism - Homo sapiens (human),K13506
18,18,hsa00564,Glycerophospholipid metabolism - Homo sapiens (human),K13509
18,18,hsa00564,Glycerophospholipid metabolism - Homo sapiens (human),K13523
18,18,hsa00564,Glycerophospholipid metabolism - Homo sapiens (human),K19007
18,18,hsa00564,Glycerophospholipid metabolism - Homo sapiens (human),K13513
18,18,hsa00564,Glycerophospholipid metabolism - Homo sapiens (human),K13517
18,18,hsa00564,Glycerophospholipid metabolism - Homo sapiens (human),K00649
18,18,hsa00564,Glycerophospholipid metabolism - Homo sapiens (human),K01517
18,18,hsa00564,Glycerophospholipid metabolism - Homo sapiens (human),K01080
18,18,hsa00564,Glycerophospholipid metabolism - Homo sapiens (human),K15728
18,18,hsa00564,Glycerophospholipid metabolism - Homo sapiens (human),K18693
18,18,hsa00564,Glycerophospholipid metabolism - Homo sapiens (human),K00901
18,18,hsa00564,Glycerophospholipid metabolism - Homo sapiens (human),K00994
18,18,hsa00564,Glycerophospholipid metabolism - Homo sapiens (human),K13644
18,18,hsa00564,Glycerophospholipid metabolism - Homo sapiens (human),K01115
18,18,hsa00564,Glycerophospholipid metabolism - Homo sapiens (human),K16860
18,18,hsa00564,Glycerophospholipid metabolism - Homo sapiens (human),K00650
18,18,hsa00564,Glycerophospholipid metabolism - Homo sapiens (human),K01047
18,18,hsa00564,Glycerophospholipid metabolism - Homo sapiens (human),K16342
18,18,hsa00564,Glycerophospholipid metabolism - Homo sapiens (human),K16343
18,18,hsa00564,Glycerophospholipid metabolism - Homo sapiens (human),K14621
18,18,hsa00564,Glycerophospholipid metabolism - Homo sapiens (human),K16817
18,18,hsa00564,Glycerophospholipid metabolism - Homo sapiens (human),K13510
18,18,hsa00564,Glycerophospholipid metabolism - Homo sapiens (human),K13512
18,18,hsa00564,Glycerophospholipid metabolism - Homo sapiens (human),K13515
18,18,hsa00564,Glycerophospholipid metabolism - Homo sapiens (human),K06128
18,18,hsa00564,Glycerophospholipid metabolism - Homo sapiens (human),K06129
18,18,hsa00564,Glycerophospholipid metabolism - Homo sapiens (human),K06130
18,18,hsa00564,Glycerophospholipid metabolism - Homo sapiens (human),K14676
18,18,hsa00564,Glycerophospholipid metabolism - Homo sapiens (human),K18695
18,18,hsa00564,Glycerophospholipid metabolism - Homo sapiens (human),K00623
18,18,hsa00564,Glycerophospholipid metabolism - Homo sapiens (human),K01049
18,18,hsa00564,Glycerophospholipid metabolism - Homo sapiens (human),K14156
18,18,hsa00564,Glycerophospholipid metabolism - Homo sapiens (human),K06124
18,18,hsa00564,Glycerophospholipid metabolism - Homo sapiens (human),K00968
18,18,hsa00564,Glycerophospholipid metabolism - Homo sapiens (human),K00993
18,18,hsa00564,Glycerophospholipid metabolism - Homo sapiens (human),K00894
18,18,hsa00564,Glycerophospholipid metabolism - Homo sapiens (human),K00967
18,18,hsa00564,Glycerophospholipid metabolism - Homo sapiens (human),K14286
18,18,hsa00564,Glycerophospholipid metabolism - Homo sapiens (human),K00551
18,18,hsa00564,Glycerophospholipid metabolism - Homo sapiens (human),K00981
18,18,hsa00564,Glycerophospholipid metabolism - Homo sapiens (human),K13618
18,18,hsa00564,Glycerophospholipid metabolism - Homo sapiens (human),K08729
18,18,hsa00564,Glycerophospholipid metabolism - Homo sapiens (human),K08730
18,18,hsa00564,Glycerophospholipid metabolism - Homo sapiens (human),K01613
18,18,hsa00564,Glycerophospholipid metabolism - Homo sapiens (human),K00995
18,18,hsa00564,Glycerophospholipid metabolism - Homo sapiens (human),K08744
18,18,hsa00564,Glycerophospholipid metabolism - Homo sapiens (human),K13511
18,18,hsa00564,Glycerophospholipid metabolism - Homo sapiens (human),K13514
18,18,hsa00564,Glycerophospholipid metabolism - Homo sapiens (human),K00999
18,18,hsa00564,Glycerophospholipid metabolism - Homo sapiens (human),K13516
19,19,hsa00565,Ether lipid metabolism - Homo sapiens (human),K00803
19,19,hsa00565,Ether lipid metabolism - Homo sapiens (human),K01080
19,19,hsa00565,Ether lipid metabolism - Homo sapiens (human),K00993
19,19,hsa00565,Ether lipid metabolism - Homo sapiens (human),K00994
19,19,hsa00565,Ether lipid metabolism - Homo sapiens (human),K13644
19,19,hsa00565,Ether lipid metabolism - Homo sapiens (human),K20656
19,19,hsa00565,Ether lipid metabolism - Homo sapiens (human),K01047
19,19,hsa00565,Ether lipid metabolism - Homo sapiens (human),K16342
19,19,hsa00565,Ether lipid metabolism - Homo sapiens (human),K16343
19,19,hsa00565,Ether lipid metabolism - Homo sapiens (human),K14621
19,19,hsa00565,Ether lipid metabolism - Homo sapiens (human),K16817
19,19,hsa00565,Ether lipid metabolism - Homo sapiens (human),K13512
19,19,hsa00565,Ether lipid metabolism - Homo sapiens (human),K08743
19,19,hsa00565,Ether lipid metabolism - Homo sapiens (human),K01122
19,19,hsa00565,Ether lipid metabolism - Homo sapiens (human),K22387
19,19,hsa00565,Ether lipid metabolism - Homo sapiens (human),K18575
19,19,hsa00565,Ether lipid metabolism - Homo sapiens (human),K01115
19,19,hsa00565,Ether lipid metabolism - Homo sapiens (human),K16860
19,19,hsa00565,Ether lipid metabolism - Homo sapiens (human),K04628
19,19,hsa00565,Ether lipid metabolism - Homo sapiens (human),K01019
19,19,hsa00565,Ether lipid metabolism - Homo sapiens (human),K13510
19,19,hsa00565,Ether lipid metabolism - Homo sapiens (human),K16794
19,19,hsa00565,Ether lipid metabolism - Homo sapiens (human),K16795
19,19,hsa00565,Ether lipid metabolism - Homo sapiens (human),K01062
20,20,hsa00600,Sphingolipid metabolism - Homo sapiens (human),K00654
20,20,hsa00600,Sphingolipid metabolism - Homo sapiens (human),K04708
20,20,hsa00600,Sphingolipid metabolism - Homo sapiens (human),K04710
20,20,hsa00600,Sphingolipid metabolism - Homo sapiens (human),K24621
20,20,hsa00600,Sphingolipid metabolism - Homo sapiens (human),K24622
20,20,hsa00600,Sphingolipid metabolism - Homo sapiens (human),K23727
20,20,hsa00600,Sphingolipid metabolism - Homo sapiens (human),K12348
20,20,hsa00600,Sphingolipid metabolism - Homo sapiens (human),K12349
20,20,hsa00600,Sphingolipid metabolism - Homo sapiens (human),K01441
20,20,hsa00600,Sphingolipid metabolism - Homo sapiens (human),K04711
20,20,hsa00600,Sphingolipid metabolism - Homo sapiens (human),K04712
20,20,hsa00600,Sphingolipid metabolism - Homo sapiens (human),K04714
20,20,hsa00600,Sphingolipid metabolism - Homo sapiens (human),K12350
20,20,hsa00600,Sphingolipid metabolism - Homo sapiens (human),K12351
20,20,hsa00600,Sphingolipid metabolism - Homo sapiens (human),K12352
20,20,hsa00600,Sphingolipid metabolism - Homo sapiens (human),K12353
20,20,hsa00600,Sphingolipid metabolism - Homo sapiens (human),K12354
20,20,hsa00600,Sphingolipid metabolism - Homo sapiens (human),K04715
20,20,hsa00600,Sphingolipid metabolism - Homo sapiens (human),K01080
20,20,hsa00600,Sphingolipid metabolism - Homo sapiens (human),K04716
20,20,hsa00600,Sphingolipid metabolism - Homo sapiens (human),K04717
20,20,hsa00600,Sphingolipid metabolism - Homo sapiens (human),K04718
20,20,hsa00600,Sphingolipid metabolism - Homo sapiens (human),K01634
20,20,hsa00600,Sphingolipid metabolism - Homo sapiens (human),K00720
20,20,hsa00600,Sphingolipid metabolism - Homo sapiens (human),K01201
20,20,hsa00600,Sphingolipid metabolism - Homo sapiens (human),K17108
20,20,hsa00600,Sphingolipid metabolism - Homo sapiens (human),K07553
20,20,hsa00600,Sphingolipid metabolism - Homo sapiens (human),K09905
20,20,hsa00600,Sphingolipid metabolism - Homo sapiens (human),K12309
20,20,hsa00600,Sphingolipid metabolism - Homo sapiens (human),K04628
20,20,hsa00600,Sphingolipid metabolism - Homo sapiens (human),K01202
20,20,hsa00600,Sphingolipid metabolism - Homo sapiens (human),K01019
20,20,hsa00600,Sphingolipid metabolism - Homo sapiens (human),K01134
20,20,hsa00600,Sphingolipid metabolism - Homo sapiens (human),K01186
20,20,hsa00600,Sphingolipid metabolism - Homo sapiens (human),K12357
20,20,hsa00600,Sphingolipid metabolism - Homo sapiens (human),K01189
20,20,hsa00600,Sphingolipid metabolism - Homo sapiens (human),K00725
20,20,hsa00600,Sphingolipid metabolism - Homo sapiens (human),K12373
20,20,hsa00600,Sphingolipid metabolism - Homo sapiens (human),K12383
20,20,hsa00600,Sphingolipid metabolism - Homo sapiens (human),K12382
21,21,hsa00590,Arachidonic acid metabolism - Homo sapiens (human),K01047
21,21,hsa00590,Arachidonic acid metabolism - Homo sapiens (human),K16342
21,21,hsa00590,Arachidonic acid metabolism - Homo sapiens (human),K16343
21,21,hsa00590,Arachidonic acid metabolism - Homo sapiens (human),K14621
21,21,hsa00590,Arachidonic acid metabolism - Homo sapiens (human),K16817
21,21,hsa00590,Arachidonic acid metabolism - Homo sapiens (human),K00509
21,21,hsa00590,Arachidonic acid metabolism - Homo sapiens (human),K11987
21,21,hsa00590,Arachidonic acid metabolism - Homo sapiens (human),K15729
21,21,hsa00590,Arachidonic acid metabolism - Homo sapiens (human),K05309
21,21,hsa00590,Arachidonic acid metabolism - Homo sapiens (human),K15730
21,21,hsa00590,Arachidonic acid metabolism - Homo sapiens (human),K00079
21,21,hsa00590,Arachidonic acid metabolism - Homo sapiens (human),K00084
21,21,hsa00590,Arachidonic acid metabolism - Homo sapiens (human),K15717
21,21,hsa00590,Arachidonic acid metabolism - Homo sapiens (human),K00069
21,21,hsa00590,Arachidonic acid metabolism - Homo sapiens (human),K01832
21,21,hsa00590,Arachidonic acid metabolism - Homo sapiens (human),K01830
21,21,hsa00590,Arachidonic acid metabolism - Homo sapiens (human),K04097
21,21,hsa00590,Arachidonic acid metabolism - Homo sapiens (human),K04119
21,21,hsa00590,Arachidonic acid metabolism - Homo sapiens (human),K01831
21,21,hsa00590,Arachidonic acid metabolism - Homo sapiens (human),K00461
21,21,hsa00590,Arachidonic acid metabolism - Homo sapiens (human),K01254
21,21,hsa00590,Arachidonic acid metabolism - Homo sapiens (human),K07119
21,21,hsa00590,Arachidonic acid metabolism - Homo sapiens (human),K13949
21,21,hsa00590,Arachidonic acid metabolism - Homo sapiens (human),K13948
21,21,hsa00590,Arachidonic acid metabolism - Homo sapiens (human),K17726
21,21,hsa00590,Arachidonic acid metabolism - Homo sapiens (human),K00807
21,21,hsa00590,Arachidonic acid metabolism - Homo sapiens (human),K18592
21,21,hsa00590,Arachidonic acid metabolism - Homo sapiens (human),K05361
21,21,hsa00590,Arachidonic acid metabolism - Homo sapiens (human),K07415
21,21,hsa00590,Arachidonic acid metabolism - Homo sapiens (human),K07418
21,21,hsa00590,Arachidonic acid metabolism - Homo sapiens (human),K07422
21,21,hsa00590,Arachidonic acid metabolism - Homo sapiens (human),K17721
21,21,hsa00590,Arachidonic acid metabolism - Homo sapiens (human),K17728
21,21,hsa00590,Arachidonic acid metabolism - Homo sapiens (human),K00458
21,21,hsa00590,Arachidonic acid metabolism - Homo sapiens (human),K18684
21,21,hsa00590,Arachidonic acid metabolism - Homo sapiens (human),K08021
21,21,hsa00590,Arachidonic acid metabolism - Homo sapiens (human),K08022
21,21,hsa00590,Arachidonic acid metabolism - Homo sapiens (human),K17709
21,21,hsa00590,Arachidonic acid metabolism - Homo sapiens (human),K17718
21,21,hsa00590,Arachidonic acid metabolism - Homo sapiens (human),K17719
21,21,hsa00590,Arachidonic acid metabolism - Homo sapiens (human),K08726
21,21,hsa00590,Arachidonic acid metabolism - Homo sapiens (human),K00460
22,22,hsa00591,Linoleic acid metabolism - Homo sapiens (human),K01047
22,22,hsa00591,Linoleic acid metabolism - Homo sapiens (human),K16342
22,22,hsa00591,Linoleic acid metabolism - Homo sapiens (human),K16343
22,22,hsa00591,Linoleic acid metabolism - Homo sapiens (human),K14621
22,22,hsa00591,Linoleic acid metabolism - Homo sapiens (human),K16817
22,22,hsa00591,Linoleic acid metabolism - Homo sapiens (human),K00460
22,22,hsa00591,Linoleic acid metabolism - Homo sapiens (human),K07409
22,22,hsa00591,Linoleic acid metabolism - Homo sapiens (human),K17718
22,22,hsa00591,Linoleic acid metabolism - Homo sapiens (human),K17719
22,22,hsa00591,Linoleic acid metabolism - Homo sapiens (human),K17721
22,22,hsa00591,Linoleic acid metabolism - Homo sapiens (human),K07418
22,22,hsa00591,Linoleic acid metabolism - Homo sapiens (human),K07415
22,22,hsa00591,Linoleic acid metabolism - Homo sapiens (human),K17689
23,23,hsa00592,alpha-Linolenic acid metabolism - Homo sapiens (human),K01047
23,23,hsa00592,alpha-Linolenic acid metabolism - Homo sapiens (human),K16342
23,23,hsa00592,alpha-Linolenic acid metabolism - Homo sapiens (human),K16343
23,23,hsa00592,alpha-Linolenic acid metabolism - Homo sapiens (human),K14621
23,23,hsa00592,alpha-Linolenic acid metabolism - Homo sapiens (human),K16817
23,23,hsa00592,alpha-Linolenic acid metabolism - Homo sapiens (human),K10226
23,23,hsa00592,alpha-Linolenic acid metabolism - Homo sapiens (human),K00232
23,23,hsa00592,alpha-Linolenic acid metabolism - Homo sapiens (human),K07513
24,24,hsa00230,Purine metabolism - Homo sapiens (human),K13988
24,24,hsa00230,Purine metabolism - Homo sapiens (human),K01517
24,24,hsa00230,Purine metabolism - Homo sapiens (human),K13987
24,24,hsa00230,Purine metabolism - Homo sapiens (human),K01835
24,24,hsa00230,Purine metabolism - Homo sapiens (human),K15779
24,24,hsa00230,Purine metabolism - Homo sapiens (human),K00948
24,24,hsa00230,Purine metabolism - Homo sapiens (human),K00764
24,24,hsa00230,Purine metabolism - Homo sapiens (human),K11787
24,24,hsa00230,Purine metabolism - Homo sapiens (human),K01952
24,24,hsa00230,Purine metabolism - Homo sapiens (human),K01587
24,24,hsa00230,Purine metabolism - Homo sapiens (human),K01756
24,24,hsa00230,Purine metabolism - Homo sapiens (human),K00602
24,24,hsa00230,Purine metabolism - Homo sapiens (human),K00759
24,24,hsa00230,Purine metabolism - Homo sapiens (human),K01081
24,24,hsa00230,Purine metabolism - Homo sapiens (human),K19970
24,24,hsa00230,Purine metabolism - Homo sapiens (human),K03783
24,24,hsa00230,Purine metabolism - Homo sapiens (human),K05810
24,24,hsa00230,Purine metabolism - Homo sapiens (human),K00760
24,24,hsa00230,Purine metabolism - Homo sapiens (human),K00088
24,24,hsa00230,Purine metabolism - Homo sapiens (human),K00940
24,24,hsa00230,Purine metabolism - Homo sapiens (human),K18533
24,24,hsa00230,Purine metabolism - Homo sapiens (human),K01510
24,24,hsa00230,Purine metabolism - Homo sapiens (human),K12304
24,24,hsa00230,Purine metabolism - Homo sapiens (human),K12305
24,24,hsa00230,Purine metabolism - Homo sapiens (human),K01511
24,24,hsa00230,Purine metabolism - Homo sapiens (human),K16855
24,24,hsa00230,Purine metabolism - Homo sapiens (human),K01519
24,24,hsa00230,Purine metabolism - Homo sapiens (human),K00106
24,24,hsa00230,Purine metabolism - Homo sapiens (human),K01518
24,24,hsa00230,Purine metabolism - Homo sapiens (human),K01951
24,24,hsa00230,Purine metabolism - Homo sapiens (human),K00364
24,24,hsa00230,Purine metabolism - Homo sapiens (human),K01487
24,24,hsa00230,Purine metabolism - Homo sapiens (human),K00942
24,24,hsa00230,Purine metabolism - Homo sapiens (human),K10807
24,24,hsa00230,Purine metabolism - Homo sapiens (human),K10808
24,24,hsa00230,Purine metabolism - Homo sapiens (human),K07023
24,24,hsa00230,Purine metabolism - Homo sapiens (human),K00904
24,24,hsa00230,Purine metabolism - Homo sapiens (human),K00893
24,24,hsa00230,Purine metabolism - Homo sapiens (human),K21138
24,24,hsa00230,Purine metabolism - Homo sapiens (human),K01514
24,24,hsa00230,Purine metabolism - Homo sapiens (human),K08041
24,24,hsa00230,Purine metabolism - Homo sapiens (human),K08042
24,24,hsa00230,Purine metabolism - Homo sapiens (human),K08043
24,24,hsa00230,Purine metabolism - Homo sapiens (human),K08044
24,24,hsa00230,Purine metabolism - Homo sapiens (human),K08045
24,24,hsa00230,Purine metabolism - Homo sapiens (human),K08046
24,24,hsa00230,Purine metabolism - Homo sapiens (human),K08047
24,24,hsa00230,Purine metabolism - Homo sapiens (human),K08048
24,24,hsa00230,Purine metabolism - Homo sapiens (human),K08049
24,24,hsa00230,Purine metabolism - Homo sapiens (human),K11265
24,24,hsa00230,Purine metabolism - Homo sapiens (human),K12318
24,24,hsa00230,Purine metabolism - Homo sapiens (human),K12319
24,24,hsa00230,Purine metabolism - Homo sapiens (human),K12320
24,24,hsa00230,Purine metabolism - Homo sapiens (human),K12321
24,24,hsa00230,Purine metabolism - Homo sapiens (human),K12322
24,24,hsa00230,Purine metabolism - Homo sapiens (human),K12323
24,24,hsa00230,Purine metabolism - Homo sapiens (human),K12324
24,24,hsa00230,Purine metabolism - Homo sapiens (human),K13755
24,24,hsa00230,Purine metabolism - Homo sapiens (human),K18283
24,24,hsa00230,Purine metabolism - Homo sapiens (human),K19021
24,24,hsa00230,Purine metabolism - Homo sapiens (human),K13296
24,24,hsa00230,Purine metabolism - Homo sapiens (human),K13762
24,24,hsa00230,Purine metabolism - Homo sapiens (human),K08718
24,24,hsa00230,Purine metabolism - Homo sapiens (human),K13756
24,24,hsa00230,Purine metabolism - Homo sapiens (human),K13757
24,24,hsa00230,Purine metabolism - Homo sapiens (human),K13758
24,24,hsa00230,Purine metabolism - Homo sapiens (human),K13759
24,24,hsa00230,Purine metabolism - Homo sapiens (human),K13760
24,24,hsa00230,Purine metabolism - Homo sapiens (human),K13761
24,24,hsa00230,Purine metabolism - Homo sapiens (human),K18438
24,24,hsa00230,Purine metabolism - Homo sapiens (human),K13298
24,24,hsa00230,Purine metabolism - Homo sapiens (human),K01939
24,24,hsa00230,Purine metabolism - Homo sapiens (human),K01490
24,24,hsa00230,Purine metabolism - Homo sapiens (human),K00856
24,24,hsa00230,Purine metabolism - Homo sapiens (human),K01488
24,24,hsa00230,Purine metabolism - Homo sapiens (human),K19572
24,24,hsa00230,Purine metabolism - Homo sapiens (human),K00939
24,24,hsa00230,Purine metabolism - Homo sapiens (human),K18532
24,24,hsa00230,Purine metabolism - Homo sapiens (human),K00944
24,24,hsa00230,Purine metabolism - Homo sapiens (human),K01509
24,24,hsa00230,Purine metabolism - Homo sapiens (human),K06928
24,24,hsa00230,Purine metabolism - Homo sapiens (human),K01513
24,24,hsa00230,Purine metabolism - Homo sapiens (human),K13293
24,24,hsa00230,Purine metabolism - Homo sapiens (human),K18436
24,24,hsa00230,Purine metabolism - Homo sapiens (human),K18437
24,24,hsa00230,Purine metabolism - Homo sapiens (human),K01522
24,24,hsa00230,Purine metabolism - Homo sapiens (human),K18424
24,24,hsa00230,Purine metabolism - Homo sapiens (human),K13811
24,24,hsa00230,Purine metabolism - Homo sapiens (human),K13485
24,24,hsa00230,Purine metabolism - Homo sapiens (human),K01477
25,25,hsa00240,Pyrimidine metabolism - Homo sapiens (human),K11540
25,25,hsa00240,Pyrimidine metabolism - Homo sapiens (human),K00254
25,25,hsa00240,Pyrimidine metabolism - Homo sapiens (human),K13421
25,25,hsa00240,Pyrimidine metabolism - Homo sapiens (human),K13800
25,25,hsa00240,Pyrimidine metabolism - Homo sapiens (human),K13809
25,25,hsa00240,Pyrimidine metabolism - Homo sapiens (human),K00940
25,25,hsa00240,Pyrimidine metabolism - Homo sapiens (human),K18533
25,25,hsa00240,Pyrimidine metabolism - Homo sapiens (human),K01510
25,25,hsa00240,Pyrimidine metabolism - Homo sapiens (human),K12304
25,25,hsa00240,Pyrimidine metabolism - Homo sapiens (human),K12305
25,25,hsa00240,Pyrimidine metabolism - Homo sapiens (human),K01511
25,25,hsa00240,Pyrimidine metabolism - Homo sapiens (human),K01513
25,25,hsa00240,Pyrimidine metabolism - Homo sapiens (human),K25435
25,25,hsa00240,Pyrimidine metabolism - Homo sapiens (human),K01518
25,25,hsa00240,Pyrimidine metabolism - Homo sapiens (human),K01937
25,25,hsa00240,Pyrimidine metabolism - Homo sapiens (human),K00876
25,25,hsa00240,Pyrimidine metabolism - Homo sapiens (human),K01081
25,25,hsa00240,Pyrimidine metabolism - Homo sapiens (human),K19970
25,25,hsa00240,Pyrimidine metabolism - Homo sapiens (human),K00757
25,25,hsa00240,Pyrimidine metabolism - Homo sapiens (human),K24242
25,25,hsa00240,Pyrimidine metabolism - Homo sapiens (human),K01489
25,25,hsa00240,Pyrimidine metabolism - Homo sapiens (human),K10807
25,25,hsa00240,Pyrimidine metabolism - Homo sapiens (human),K10808
25,25,hsa00240,Pyrimidine metabolism - Homo sapiens (human),K16904
25,25,hsa00240,Pyrimidine metabolism - Homo sapiens (human),K07023
25,25,hsa00240,Pyrimidine metabolism - Homo sapiens (human),K00893
25,25,hsa00240,Pyrimidine metabolism - Homo sapiens (human),K01493
25,25,hsa00240,Pyrimidine metabolism - Homo sapiens (human),K00943
25,25,hsa00240,Pyrimidine metabolism - Homo sapiens (human),K01520
25,25,hsa00240,Pyrimidine metabolism - Homo sapiens (human),K00758
25,25,hsa00240,Pyrimidine metabolism - Homo sapiens (human),K00857
25,25,hsa00240,Pyrimidine metabolism - Homo sapiens (human),K00560
25,25,hsa00240,Pyrimidine metabolism - Homo sapiens (human),K00207
25,25,hsa00240,Pyrimidine metabolism - Homo sapiens (human),K01464
25,25,hsa00240,Pyrimidine metabolism - Homo sapiens (human),K01431
26,26,hsa00250,"Alanine, aspartate and glutamate metabolism - Homo sapiens (human)",K14454
26,26,hsa00250,"Alanine, aspartate and glutamate metabolism - Homo sapiens (human)",K14455
26,26,hsa00250,"Alanine, aspartate and glutamate metabolism - Homo sapiens (human)",K03334
26,26,hsa00250,"Alanine, aspartate and glutamate metabolism - Homo sapiens (human)",K00272
26,26,hsa00250,"Alanine, aspartate and glutamate metabolism - Homo sapiens (human)",K13051
26,26,hsa00250,"Alanine, aspartate and glutamate metabolism - Homo sapiens (human)",K01953
26,26,hsa00250,"Alanine, aspartate and glutamate metabolism - Homo sapiens (human)",K13566
26,26,hsa00250,"Alanine, aspartate and glutamate metabolism - Homo sapiens (human)",K00814
26,26,hsa00250,"Alanine, aspartate and glutamate metabolism - Homo sapiens (human)",K00830
26,26,hsa00250,"Alanine, aspartate and glutamate metabolism - Homo sapiens (human)",K00827
26,26,hsa00250,"Alanine, aspartate and glutamate metabolism - Homo sapiens (human)",K01940
26,26,hsa00250,"Alanine, aspartate and glutamate metabolism - Homo sapiens (human)",K01755
26,26,hsa00250,"Alanine, aspartate and glutamate metabolism - Homo sapiens (human)",K01939
26,26,hsa00250,"Alanine, aspartate and glutamate metabolism - Homo sapiens (human)",K01756
26,26,hsa00250,"Alanine, aspartate and glutamate metabolism - Homo sapiens (human)",K18309
26,26,hsa00250,"Alanine, aspartate and glutamate metabolism - Homo sapiens (human)",K18310
26,26,hsa00250,"Alanine, aspartate and glutamate metabolism - Homo sapiens (human)",K18311
26,26,hsa00250,"Alanine, aspartate and glutamate metabolism - Homo sapiens (human)",K14592
26,26,hsa00250,"Alanine, aspartate and glutamate metabolism - Homo sapiens (human)",K01437
26,26,hsa00250,"Alanine, aspartate and glutamate metabolism - Homo sapiens (human)",K01580
26,26,hsa00250,"Alanine, aspartate and glutamate metabolism - Homo sapiens (human)",K13524
26,26,hsa00250,"Alanine, aspartate and glutamate metabolism - Homo sapiens (human)",K00139
26,26,hsa00250,"Alanine, aspartate and glutamate metabolism - Homo sapiens (human)",K00261
26,26,hsa00250,"Alanine, aspartate and glutamate metabolism - Homo sapiens (human)",K00294
26,26,hsa00250,"Alanine, aspartate and glutamate metabolism - Homo sapiens (human)",K01915
26,26,hsa00250,"Alanine, aspartate and glutamate metabolism - Homo sapiens (human)",K11540
26,26,hsa00250,"Alanine, aspartate and glutamate metabolism - Homo sapiens (human)",K01425
26,26,hsa00250,"Alanine, aspartate and glutamate metabolism - Homo sapiens (human)",K01948
26,26,hsa00250,"Alanine, aspartate and glutamate metabolism - Homo sapiens (human)",K00820
26,26,hsa00250,"Alanine, aspartate and glutamate metabolism - Homo sapiens (human)",K00764
27,27,hsa00260,"Glycine, serine and threonine metabolism - Homo sapiens (human)",K00600
27,27,hsa00260,"Glycine, serine and threonine metabolism - Homo sapiens (human)",K00830
27,27,hsa00260,"Glycine, serine and threonine metabolism - Homo sapiens (human)",K00049
27,27,hsa00260,"Glycine, serine and threonine metabolism - Homo sapiens (human)",K11529
27,27,hsa00260,"Glycine, serine and threonine metabolism - Homo sapiens (human)",K01834
27,27,hsa00260,"Glycine, serine and threonine metabolism - Homo sapiens (human)",K01837
27,27,hsa00260,"Glycine, serine and threonine metabolism - Homo sapiens (human)",K00058
27,27,hsa00260,"Glycine, serine and threonine metabolism - Homo sapiens (human)",K00831
27,27,hsa00260,"Glycine, serine and threonine metabolism - Homo sapiens (human)",K01079
27,27,hsa00260,"Glycine, serine and threonine metabolism - Homo sapiens (human)",K00639
27,27,hsa00260,"Glycine, serine and threonine metabolism - Homo sapiens (human)",K00643
27,27,hsa00260,"Glycine, serine and threonine metabolism - Homo sapiens (human)",K00274
27,27,hsa00260,"Glycine, serine and threonine metabolism - Homo sapiens (human)",K00276
27,27,hsa00260,"Glycine, serine and threonine metabolism - Homo sapiens (human)",K00281
27,27,hsa00260,"Glycine, serine and threonine metabolism - Homo sapiens (human)",K00605
27,27,hsa00260,"Glycine, serine and threonine metabolism - Homo sapiens (human)",K00382
27,27,hsa00260,"Glycine, serine and threonine metabolism - Homo sapiens (human)",K02437
27,27,hsa00260,"Glycine, serine and threonine metabolism - Homo sapiens (human)",K00273
27,27,hsa00260,"Glycine, serine and threonine metabolism - Homo sapiens (human)",K00827
27,27,hsa00260,"Glycine, serine and threonine metabolism - Homo sapiens (human)",K00613
27,27,hsa00260,"Glycine, serine and threonine metabolism - Homo sapiens (human)",K00542
27,27,hsa00260,"Glycine, serine and threonine metabolism - Homo sapiens (human)",K00108
27,27,hsa00260,"Glycine, serine and threonine metabolism - Homo sapiens (human)",K14085
27,27,hsa00260,"Glycine, serine and threonine metabolism - Homo sapiens (human)",K00544
27,27,hsa00260,"Glycine, serine and threonine metabolism - Homo sapiens (human)",K00315
27,27,hsa00260,"Glycine, serine and threonine metabolism - Homo sapiens (human)",K00306
27,27,hsa00260,"Glycine, serine and threonine metabolism - Homo sapiens (human)",K00314
27,27,hsa00260,"Glycine, serine and threonine metabolism - Homo sapiens (human)",K00552
27,27,hsa00260,"Glycine, serine and threonine metabolism - Homo sapiens (human)",K01697
27,27,hsa00260,"Glycine, serine and threonine metabolism - Homo sapiens (human)",K01758
27,27,hsa00260,"Glycine, serine and threonine metabolism - Homo sapiens (human)",K17989
27,27,hsa00260,"Glycine, serine and threonine metabolism - Homo sapiens (human)",K12235
28,28,hsa00270,Cysteine and methionine metabolism - Homo sapiens (human),K01758
28,28,hsa00270,Cysteine and methionine metabolism - Homo sapiens (human),K00816
28,28,hsa00270,Cysteine and methionine metabolism - Homo sapiens (human),K01697
28,28,hsa00270,Cysteine and methionine metabolism - Homo sapiens (human),K00544
28,28,hsa00270,Cysteine and methionine metabolism - Homo sapiens (human),K00547
28,28,hsa00270,Cysteine and methionine metabolism - Homo sapiens (human),K00548
28,28,hsa00270,Cysteine and methionine metabolism - Homo sapiens (human),K00789
28,28,hsa00270,Cysteine and methionine metabolism - Homo sapiens (human),K01611
28,28,hsa00270,Cysteine and methionine metabolism - Homo sapiens (human),K00797
28,28,hsa00270,Cysteine and methionine metabolism - Homo sapiens (human),K00802
28,28,hsa00270,Cysteine and methionine metabolism - Homo sapiens (human),K00772
28,28,hsa00270,Cysteine and methionine metabolism - Homo sapiens (human),K05810
28,28,hsa00270,Cysteine and methionine metabolism - Homo sapiens (human),K08963
28,28,hsa00270,Cysteine and methionine metabolism - Homo sapiens (human),K08964
28,28,hsa00270,Cysteine and methionine metabolism - Homo sapiens (human),K09880
28,28,hsa00270,Cysteine and methionine metabolism - Homo sapiens (human),K08967
28,28,hsa00270,Cysteine and methionine metabolism - Homo sapiens (human),K00815
28,28,hsa00270,Cysteine and methionine metabolism - Homo sapiens (human),K03334
28,28,hsa00270,Cysteine and methionine metabolism - Homo sapiens (human),K00552
28,28,hsa00270,Cysteine and methionine metabolism - Homo sapiens (human),K00558
28,28,hsa00270,Cysteine and methionine metabolism - Homo sapiens (human),K17398
28,28,hsa00270,Cysteine and methionine metabolism - Homo sapiens (human),K17399
28,28,hsa00270,Cysteine and methionine metabolism - Homo sapiens (human),K01251
28,28,hsa00270,Cysteine and methionine metabolism - Homo sapiens (human),K00826
28,28,hsa00270,Cysteine and methionine metabolism - Homo sapiens (human),K00827
28,28,hsa00270,Cysteine and methionine metabolism - Homo sapiens (human),K11204
28,28,hsa00270,Cysteine and methionine metabolism - Homo sapiens (human),K11205
28,28,hsa00270,Cysteine and methionine metabolism - Homo sapiens (human),K21456
28,28,hsa00270,Cysteine and methionine metabolism - Homo sapiens (human),K00456
28,28,hsa00270,Cysteine and methionine metabolism - Homo sapiens (human),K14454
28,28,hsa00270,Cysteine and methionine metabolism - Homo sapiens (human),K14455
28,28,hsa00270,Cysteine and methionine metabolism - Homo sapiens (human),K01011
28,28,hsa00270,Cysteine and methionine metabolism - Homo sapiens (human),K00016
28,28,hsa00270,Cysteine and methionine metabolism - Homo sapiens (human),K00025
28,28,hsa00270,Cysteine and methionine metabolism - Homo sapiens (human),K00026
28,28,hsa00270,Cysteine and methionine metabolism - Homo sapiens (human),K17989
28,28,hsa00270,Cysteine and methionine metabolism - Homo sapiens (human),K00058
28,28,hsa00270,Cysteine and methionine metabolism - Homo sapiens (human),K00831
29,29,hsa00330,Arginine and proline metabolism - Homo sapiens (human),K00613
29,29,hsa00330,Arginine and proline metabolism - Homo sapiens (human),K00542
29,29,hsa00330,Arginine and proline metabolism - Homo sapiens (human),K00933
29,29,hsa00330,Arginine and proline metabolism - Homo sapiens (human),K01583
29,29,hsa00330,Arginine and proline metabolism - Homo sapiens (human),K01581
29,29,hsa00330,Arginine and proline metabolism - Homo sapiens (human),K00797
29,29,hsa00330,Arginine and proline metabolism - Homo sapiens (human),K00802
29,29,hsa00330,Arginine and proline metabolism - Homo sapiens (human),K01611
29,29,hsa00330,Arginine and proline metabolism - Homo sapiens (human),K11182
29,29,hsa00330,Arginine and proline metabolism - Homo sapiens (human),K12259
29,29,hsa00330,Arginine and proline metabolism - Homo sapiens (human),K00128
29,29,hsa00330,Arginine and proline metabolism - Homo sapiens (human),K14085
29,29,hsa00330,Arginine and proline metabolism - Homo sapiens (human),K00149
29,29,hsa00330,Arginine and proline metabolism - Homo sapiens (human),K05604
29,29,hsa00330,Arginine and proline metabolism - Homo sapiens (human),K08660
29,29,hsa00330,Arginine and proline metabolism - Homo sapiens (human),K14755
29,29,hsa00330,Arginine and proline metabolism - Homo sapiens (human),K00657
29,29,hsa00330,Arginine and proline metabolism - Homo sapiens (human),K00274
29,29,hsa00330,Arginine and proline metabolism - Homo sapiens (human),K27001
29,29,hsa00330,Arginine and proline metabolism - Homo sapiens (human),K13240
29,29,hsa00330,Arginine and proline metabolism - Homo sapiens (human),K13241
29,29,hsa00330,Arginine and proline metabolism - Homo sapiens (human),K13242
29,29,hsa00330,Arginine and proline metabolism - Homo sapiens (human),K01476
29,29,hsa00330,Arginine and proline metabolism - Homo sapiens (human),K00819
29,29,hsa00330,Arginine and proline metabolism - Homo sapiens (human),K00286
29,29,hsa00330,Arginine and proline metabolism - Homo sapiens (human),K00318
29,29,hsa00330,Arginine and proline metabolism - Homo sapiens (human),K00294
29,29,hsa00330,Arginine and proline metabolism - Homo sapiens (human),K12657
29,29,hsa00330,Arginine and proline metabolism - Homo sapiens (human),K11142
29,29,hsa00330,Arginine and proline metabolism - Homo sapiens (human),K00472
29,29,hsa00330,Arginine and proline metabolism - Homo sapiens (human),K11394
29,29,hsa00330,Arginine and proline metabolism - Homo sapiens (human),K14454
29,29,hsa00330,Arginine and proline metabolism - Homo sapiens (human),K14455
29,29,hsa00330,Arginine and proline metabolism - Homo sapiens (human),K18123
29,29,hsa00330,Arginine and proline metabolism - Homo sapiens (human),K00273
29,29,hsa00330,Arginine and proline metabolism - Homo sapiens (human),K18384
30,30,hsa00340,Histidine metabolism - Homo sapiens (human),K01745
30,30,hsa00340,Histidine metabolism - Homo sapiens (human),K01712
30,30,hsa00340,Histidine metabolism - Homo sapiens (human),K01468
30,30,hsa00340,Histidine metabolism - Homo sapiens (human),K13990
30,30,hsa00340,Histidine metabolism - Homo sapiens (human),K01590
30,30,hsa00340,Histidine metabolism - Homo sapiens (human),K11182
30,30,hsa00340,Histidine metabolism - Homo sapiens (human),K00128
30,30,hsa00340,Histidine metabolism - Homo sapiens (human),K14085
30,30,hsa00340,Histidine metabolism - Homo sapiens (human),K00149
30,30,hsa00340,Histidine metabolism - Homo sapiens (human),K01437
30,30,hsa00340,Histidine metabolism - Homo sapiens (human),K00546
30,30,hsa00340,Histidine metabolism - Homo sapiens (human),K00274
30,30,hsa00340,Histidine metabolism - Homo sapiens (human),K00129
30,30,hsa00340,Histidine metabolism - Homo sapiens (human),K14755
30,30,hsa00340,Histidine metabolism - Homo sapiens (human),K19787
30,30,hsa00340,Histidine metabolism - Homo sapiens (human),K08660
30,30,hsa00340,Histidine metabolism - Homo sapiens (human),K05604
31,31,hsa00350,Tyrosine metabolism - Homo sapiens (human),K14454
31,31,hsa00350,Tyrosine metabolism - Homo sapiens (human),K14455
31,31,hsa00350,Tyrosine metabolism - Homo sapiens (human),K00815
31,31,hsa00350,Tyrosine metabolism - Homo sapiens (human),K03334
31,31,hsa00350,Tyrosine metabolism - Homo sapiens (human),K00457
31,31,hsa00350,Tyrosine metabolism - Homo sapiens (human),K00451
31,31,hsa00350,Tyrosine metabolism - Homo sapiens (human),K01800
31,31,hsa00350,Tyrosine metabolism - Homo sapiens (human),K01555
31,31,hsa00350,Tyrosine metabolism - Homo sapiens (human),K00505
31,31,hsa00350,Tyrosine metabolism - Homo sapiens (human),K00501
31,31,hsa00350,Tyrosine metabolism - Homo sapiens (human),K01827
31,31,hsa00350,Tyrosine metabolism - Homo sapiens (human),K00506
31,31,hsa00350,Tyrosine metabolism - Homo sapiens (human),K01593
31,31,hsa00350,Tyrosine metabolism - Homo sapiens (human),K00503
31,31,hsa00350,Tyrosine metabolism - Homo sapiens (human),K00553
31,31,hsa00350,Tyrosine metabolism - Homo sapiens (human),K00545
31,31,hsa00350,Tyrosine metabolism - Homo sapiens (human),K00274
31,31,hsa00350,Tyrosine metabolism - Homo sapiens (human),K00276
31,31,hsa00350,Tyrosine metabolism - Homo sapiens (human),K00129
31,31,hsa00350,Tyrosine metabolism - Homo sapiens (human),K13951
31,31,hsa00350,Tyrosine metabolism - Homo sapiens (human),K13980
31,31,hsa00350,Tyrosine metabolism - Homo sapiens (human),K00121
31,31,hsa00350,Tyrosine metabolism - Homo sapiens (human),K13952
31,31,hsa00350,Tyrosine metabolism - Homo sapiens (human),K00431
31,31,hsa00350,Tyrosine metabolism - Homo sapiens (human),K00157
31,31,hsa00350,Tyrosine metabolism - Homo sapiens (human),K01557
31,31,hsa00350,Tyrosine metabolism - Homo sapiens (human),K07253
32,32,hsa00360,Phenylalanine metabolism - Homo sapiens (human),K00500
32,32,hsa00360,Phenylalanine metabolism - Homo sapiens (human),K01593
32,32,hsa00360,Phenylalanine metabolism - Homo sapiens (human),K00276
32,32,hsa00360,Phenylalanine metabolism - Homo sapiens (human),K00274
32,32,hsa00360,Phenylalanine metabolism - Homo sapiens (human),K00129
32,32,hsa00360,Phenylalanine metabolism - Homo sapiens (human),K14454
32,32,hsa00360,Phenylalanine metabolism - Homo sapiens (human),K14455
32,32,hsa00360,Phenylalanine metabolism - Homo sapiens (human),K00815
32,32,hsa00360,Phenylalanine metabolism - Homo sapiens (human),K03334
32,32,hsa00360,Phenylalanine metabolism - Homo sapiens (human),K00457
32,32,hsa00360,Phenylalanine metabolism - Homo sapiens (human),K07253
33,33,hsa00380,Tryptophan metabolism - Homo sapiens (human),K00453
33,33,hsa00380,Tryptophan metabolism - Homo sapiens (human),K00463
33,33,hsa00380,Tryptophan metabolism - Homo sapiens (human),K01432
33,33,hsa00380,Tryptophan metabolism - Homo sapiens (human),K00486
33,33,hsa00380,Tryptophan metabolism - Homo sapiens (human),K01556
33,33,hsa00380,Tryptophan metabolism - Homo sapiens (human),K00452
33,33,hsa00380,Tryptophan metabolism - Homo sapiens (human),K03392
33,33,hsa00380,Tryptophan metabolism - Homo sapiens (human),K23234
33,33,hsa00380,Tryptophan metabolism - Homo sapiens (human),K15791
33,33,hsa00380,Tryptophan metabolism - Homo sapiens (human),K00658
33,33,hsa00380,Tryptophan metabolism - Homo sapiens (human),K00382
33,33,hsa00380,Tryptophan metabolism - Homo sapiens (human),K00252
33,33,hsa00380,Tryptophan metabolism - Homo sapiens (human),K07515
33,33,hsa00380,Tryptophan metabolism - Homo sapiens (human),K07514
33,33,hsa00380,Tryptophan metabolism - Homo sapiens (human),K07511
33,33,hsa00380,Tryptophan metabolism - Homo sapiens (human),K00022
33,33,hsa00380,Tryptophan metabolism - Homo sapiens (human),K00626
33,33,hsa00380,Tryptophan metabolism - Homo sapiens (human),K00816
33,33,hsa00380,Tryptophan metabolism - Homo sapiens (human),K00825
33,33,hsa00380,Tryptophan metabolism - Homo sapiens (human),K00502
33,33,hsa00380,Tryptophan metabolism - Homo sapiens (human),K01593
33,33,hsa00380,Tryptophan metabolism - Homo sapiens (human),K00274
33,33,hsa00380,Tryptophan metabolism - Homo sapiens (human),K00128
33,33,hsa00380,Tryptophan metabolism - Homo sapiens (human),K14085
33,33,hsa00380,Tryptophan metabolism - Homo sapiens (human),K00149
33,33,hsa00380,Tryptophan metabolism - Homo sapiens (human),K00157
33,33,hsa00380,Tryptophan metabolism - Homo sapiens (human),K00543
33,33,hsa00380,Tryptophan metabolism - Homo sapiens (human),K00669
33,33,hsa00380,Tryptophan metabolism - Homo sapiens (human),K07408
33,33,hsa00380,Tryptophan metabolism - Homo sapiens (human),K07409
33,33,hsa00380,Tryptophan metabolism - Homo sapiens (human),K07410
33,33,hsa00380,Tryptophan metabolism - Homo sapiens (human),K00562
33,33,hsa00380,Tryptophan metabolism - Homo sapiens (human),K03334
33,33,hsa00380,Tryptophan metabolism - Homo sapiens (human),K11182
33,33,hsa00380,Tryptophan metabolism - Homo sapiens (human),K03781
34,34,hsa00410,beta-Alanine metabolism - Homo sapiens (human),K18966
34,34,hsa00410,beta-Alanine metabolism - Homo sapiens (human),K01580
34,34,hsa00410,beta-Alanine metabolism - Homo sapiens (human),K05604
34,34,hsa00410,beta-Alanine metabolism - Homo sapiens (human),K14755
34,34,hsa00410,beta-Alanine metabolism - Homo sapiens (human),K08660
34,34,hsa00410,beta-Alanine metabolism - Homo sapiens (human),K13524
34,34,hsa00410,beta-Alanine metabolism - Homo sapiens (human),K12259
34,34,hsa00410,beta-Alanine metabolism - Homo sapiens (human),K00276
34,34,hsa00410,beta-Alanine metabolism - Homo sapiens (human),K00128
34,34,hsa00410,beta-Alanine metabolism - Homo sapiens (human),K14085
34,34,hsa00410,beta-Alanine metabolism - Homo sapiens (human),K00149
34,34,hsa00410,beta-Alanine metabolism - Homo sapiens (human),K00129
34,34,hsa00410,beta-Alanine metabolism - Homo sapiens (human),K00207
34,34,hsa00410,beta-Alanine metabolism - Homo sapiens (human),K01464
34,34,hsa00410,beta-Alanine metabolism - Homo sapiens (human),K01431
34,34,hsa00410,beta-Alanine metabolism - Homo sapiens (human),K05605
34,34,hsa00410,beta-Alanine metabolism - Homo sapiens (human),K07515
34,34,hsa00410,beta-Alanine metabolism - Homo sapiens (human),K07514
34,34,hsa00410,beta-Alanine metabolism - Homo sapiens (human),K07511
34,34,hsa00410,beta-Alanine metabolism - Homo sapiens (human),K00248
34,34,hsa00410,beta-Alanine metabolism - Homo sapiens (human),K00232
34,34,hsa00410,beta-Alanine metabolism - Homo sapiens (human),K01578
34,34,hsa00410,beta-Alanine metabolism - Homo sapiens (human),K00140
35,35,hsa00430,Taurine and hypotaurine metabolism - Homo sapiens (human),K00456
35,35,hsa00430,Taurine and hypotaurine metabolism - Homo sapiens (human),K01580
35,35,hsa00430,Taurine and hypotaurine metabolism - Homo sapiens (human),K18966
35,35,hsa00430,Taurine and hypotaurine metabolism - Homo sapiens (human),K10712
35,35,hsa00430,Taurine and hypotaurine metabolism - Homo sapiens (human),K00485
35,35,hsa00430,Taurine and hypotaurine metabolism - Homo sapiens (human),K00681
35,35,hsa00430,Taurine and hypotaurine metabolism - Homo sapiens (human),K18592
35,35,hsa00430,Taurine and hypotaurine metabolism - Homo sapiens (human),K00659
36,36,hsa00440,Phosphonate and phosphinate metabolism - Homo sapiens (human),K00967
36,36,hsa00440,Phosphonate and phosphinate metabolism - Homo sapiens (human),K00993
36,36,hsa00440,Phosphonate and phosphinate metabolism - Homo sapiens (human),K13644
36,36,hsa00440,Phosphonate and phosphinate metabolism - Homo sapiens (human),K00968
36,36,hsa00440,Phosphonate and phosphinate metabolism - Homo sapiens (human),K00994
37,37,hsa00450,Selenocompound metabolism - Homo sapiens (human),K00816
37,37,hsa00450,Selenocompound metabolism - Homo sapiens (human),K00548
37,37,hsa00450,Selenocompound metabolism - Homo sapiens (human),K01758
37,37,hsa00450,Selenocompound metabolism - Homo sapiens (human),K01763
37,37,hsa00450,Selenocompound metabolism - Homo sapiens (human),K22182
37,37,hsa00450,Selenocompound metabolism - Homo sapiens (human),K00562
37,37,hsa00450,Selenocompound metabolism - Homo sapiens (human),K13811
37,37,hsa00450,Selenocompound metabolism - Homo sapiens (human),K01008
37,37,hsa00450,Selenocompound metabolism - Homo sapiens (human),K10837
37,37,hsa00450,Selenocompound metabolism - Homo sapiens (human),K03341
37,37,hsa00450,Selenocompound metabolism - Homo sapiens (human),K01874
38,38,hsa00470,D-Amino acid metabolism - Homo sapiens (human),K01425
38,38,hsa00470,D-Amino acid metabolism - Homo sapiens (human),K22210
38,38,hsa00470,D-Amino acid metabolism - Homo sapiens (human),K00272
38,38,hsa00470,D-Amino acid metabolism - Homo sapiens (human),K12235
38,38,hsa00470,D-Amino acid metabolism - Homo sapiens (human),K00273
39,39,hsa00480,Glutathione metabolism - Homo sapiens (human),K00681
39,39,hsa00480,Glutathione metabolism - Homo sapiens (human),K18592
39,39,hsa00480,Glutathione metabolism - Homo sapiens (human),K00682
39,39,hsa00480,Glutathione metabolism - Homo sapiens (human),K07232
39,39,hsa00480,Glutathione metabolism - Homo sapiens (human),K01469
39,39,hsa00480,Glutathione metabolism - Homo sapiens (human),K11204
39,39,hsa00480,Glutathione metabolism - Homo sapiens (human),K11205
39,39,hsa00480,Glutathione metabolism - Homo sapiens (human),K21456
39,39,hsa00480,Glutathione metabolism - Homo sapiens (human),K11142
39,39,hsa00480,Glutathione metabolism - Homo sapiens (human),K11140
39,39,hsa00480,Glutathione metabolism - Homo sapiens (human),K00799
39,39,hsa00480,Glutathione metabolism - Homo sapiens (human),K23790
39,39,hsa00480,Glutathione metabolism - Homo sapiens (human),K13299
39,39,hsa00480,Glutathione metabolism - Homo sapiens (human),K04097
39,39,hsa00480,Glutathione metabolism - Homo sapiens (human),K25210
39,39,hsa00480,Glutathione metabolism - Homo sapiens (human),K20838
39,39,hsa00480,Glutathione metabolism - Homo sapiens (human),K00383
39,39,hsa00480,Glutathione metabolism - Homo sapiens (human),K00031
39,39,hsa00480,Glutathione metabolism - Homo sapiens (human),K00033
39,39,hsa00480,Glutathione metabolism - Homo sapiens (human),K00036
39,39,hsa00480,Glutathione metabolism - Homo sapiens (human),K05360
39,39,hsa00480,Glutathione metabolism - Homo sapiens (human),K05361
39,39,hsa00480,Glutathione metabolism - Homo sapiens (human),K00432
39,39,hsa00480,Glutathione metabolism - Homo sapiens (human),K11188
39,39,hsa00480,Glutathione metabolism - Homo sapiens (human),K01581
39,39,hsa00480,Glutathione metabolism - Homo sapiens (human),K00797
39,39,hsa00480,Glutathione metabolism - Homo sapiens (human),K00802
39,39,hsa00480,Glutathione metabolism - Homo sapiens (human),K10807
39,39,hsa00480,Glutathione metabolism - Homo sapiens (human),K10808
40,40,hsa00730,Thiamine metabolism - Homo sapiens (human),K04487
40,40,hsa00730,Thiamine metabolism - Homo sapiens (human),K06928
40,40,hsa00730,Thiamine metabolism - Homo sapiens (human),K01077
40,40,hsa00730,Thiamine metabolism - Homo sapiens (human),K14394
40,40,hsa00730,Thiamine metabolism - Homo sapiens (human),K00949
40,40,hsa00730,Thiamine metabolism - Homo sapiens (human),K00939
40,40,hsa00730,Thiamine metabolism - Homo sapiens (human),K05307
41,41,hsa00740,Riboflavin metabolism - Homo sapiens (human),K00861
41,41,hsa00740,Riboflavin metabolism - Homo sapiens (human),K14379
41,41,hsa00740,Riboflavin metabolism - Homo sapiens (human),K14394
41,41,hsa00740,Riboflavin metabolism - Homo sapiens (human),K14410
41,41,hsa00740,Riboflavin metabolism - Homo sapiens (human),K00953
41,41,hsa00740,Riboflavin metabolism - Homo sapiens (human),K01513
41,41,hsa00740,Riboflavin metabolism - Homo sapiens (human),K05901
42,42,hsa00750,Vitamin B6 metabolism - Homo sapiens (human),K00275
42,42,hsa00750,Vitamin B6 metabolism - Homo sapiens (human),K00868
42,42,hsa00750,Vitamin B6 metabolism - Homo sapiens (human),K07758
42,42,hsa00750,Vitamin B6 metabolism - Homo sapiens (human),K13248
42,42,hsa00750,Vitamin B6 metabolism - Homo sapiens (human),K00157
42,42,hsa00750,Vitamin B6 metabolism - Homo sapiens (human),K00831
43,43,hsa00760,Nicotinate and nicotinamide metabolism - Homo sapiens (human),K06989
43,43,hsa00760,Nicotinate and nicotinamide metabolism - Homo sapiens (human),K00767
43,43,hsa00760,Nicotinate and nicotinamide metabolism - Homo sapiens (human),K00763
43,43,hsa00760,Nicotinate and nicotinamide metabolism - Homo sapiens (human),K03783
43,43,hsa00760,Nicotinate and nicotinamide metabolism - Homo sapiens (human),K10524
43,43,hsa00760,Nicotinate and nicotinamide metabolism - Homo sapiens (human),K01081
43,43,hsa00760,Nicotinate and nicotinamide metabolism - Homo sapiens (human),K19970
43,43,hsa00760,Nicotinate and nicotinamide metabolism - Homo sapiens (human),K06210
43,43,hsa00760,Nicotinate and nicotinamide metabolism - Homo sapiens (human),K01513
43,43,hsa00760,Nicotinate and nicotinamide metabolism - Homo sapiens (human),K03426
43,43,hsa00760,Nicotinate and nicotinamide metabolism - Homo sapiens (human),K01950
43,43,hsa00760,Nicotinate and nicotinamide metabolism - Homo sapiens (human),K03462
43,43,hsa00760,Nicotinate and nicotinamide metabolism - Homo sapiens (human),K01242
43,43,hsa00760,Nicotinate and nicotinamide metabolism - Homo sapiens (human),K18152
43,43,hsa00760,Nicotinate and nicotinamide metabolism - Homo sapiens (human),K11411
43,43,hsa00760,Nicotinate and nicotinamide metabolism - Homo sapiens (human),K11412
43,43,hsa00760,Nicotinate and nicotinamide metabolism - Homo sapiens (human),K11413
43,43,hsa00760,Nicotinate and nicotinamide metabolism - Homo sapiens (human),K11414
43,43,hsa00760,Nicotinate and nicotinamide metabolism - Homo sapiens (human),K11415
43,43,hsa00760,Nicotinate and nicotinamide metabolism - Homo sapiens (human),K11416
43,43,hsa00760,Nicotinate and nicotinamide metabolism - Homo sapiens (human),K11417
43,43,hsa00760,Nicotinate and nicotinamide metabolism - Homo sapiens (human),K00858
43,43,hsa00760,Nicotinate and nicotinamide metabolism - Homo sapiens (human),K00323
43,43,hsa00760,Nicotinate and nicotinamide metabolism - Homo sapiens (human),K00541
43,43,hsa00760,Nicotinate and nicotinamide metabolism - Homo sapiens (human),K00157
44,44,hsa00780,Biotin metabolism - Homo sapiens (human),K09458
44,44,hsa00780,Biotin metabolism - Homo sapiens (human),K01942
44,44,hsa00780,Biotin metabolism - Homo sapiens (human),K01435
45,45,hsa00785,Lipoic acid metabolism - Homo sapiens (human),K23735
45,45,hsa00785,Lipoic acid metabolism - Homo sapiens (human),K03644
45,45,hsa00785,Lipoic acid metabolism - Homo sapiens (human),K10105
45,45,hsa00785,Lipoic acid metabolism - Homo sapiens (human),K23756
45,45,hsa00785,Lipoic acid metabolism - Homo sapiens (human),K00382
45,45,hsa00785,Lipoic acid metabolism - Homo sapiens (human),K00161
45,45,hsa00785,Lipoic acid metabolism - Homo sapiens (human),K00162
45,45,hsa00785,Lipoic acid metabolism - Homo sapiens (human),K00627
45,45,hsa00785,Lipoic acid metabolism - Homo sapiens (human),K00164
45,45,hsa00785,Lipoic acid metabolism - Homo sapiens (human),K00658
45,45,hsa00785,Lipoic acid metabolism - Homo sapiens (human),K15791
45,45,hsa00785,Lipoic acid metabolism - Homo sapiens (human),K00166
45,45,hsa00785,Lipoic acid metabolism - Homo sapiens (human),K00167
45,45,hsa00785,Lipoic acid metabolism - Homo sapiens (human),K09699
45,45,hsa00785,Lipoic acid metabolism - Homo sapiens (human),K00281
45,45,hsa00785,Lipoic acid metabolism - Homo sapiens (human),K00605
45,45,hsa00785,Lipoic acid metabolism - Homo sapiens (human),K02437
46,46,hsa00830,Retinol metabolism - Homo sapiens (human),K00515
46,46,hsa00830,Retinol metabolism - Homo sapiens (human),K13951
46,46,hsa00830,Retinol metabolism - Homo sapiens (human),K13980
46,46,hsa00830,Retinol metabolism - Homo sapiens (human),K00121
46,46,hsa00830,Retinol metabolism - Homo sapiens (human),K13952
46,46,hsa00830,Retinol metabolism - Homo sapiens (human),K11146
46,46,hsa00830,Retinol metabolism - Homo sapiens (human),K11147
46,46,hsa00830,Retinol metabolism - Homo sapiens (human),K11148
46,46,hsa00830,Retinol metabolism - Homo sapiens (human),K11149
46,46,hsa00830,Retinol metabolism - Homo sapiens (human),K11150
46,46,hsa00830,Retinol metabolism - Homo sapiens (human),K11151
46,46,hsa00830,Retinol metabolism - Homo sapiens (human),K11152
46,46,hsa00830,Retinol metabolism - Homo sapiens (human),K11153
46,46,hsa00830,Retinol metabolism - Homo sapiens (human),K11161
46,46,hsa00830,Retinol metabolism - Homo sapiens (human),K11154
46,46,hsa00830,Retinol metabolism - Homo sapiens (human),K15734
46,46,hsa00830,Retinol metabolism - Homo sapiens (human),K13369
46,46,hsa00830,Retinol metabolism - Homo sapiens (human),K00678
46,46,hsa00830,Retinol metabolism - Homo sapiens (human),K11155
46,46,hsa00830,Retinol metabolism - Homo sapiens (human),K11156
46,46,hsa00830,Retinol metabolism - Homo sapiens (human),K11157
46,46,hsa00830,Retinol metabolism - Homo sapiens (human),K11158
46,46,hsa00830,Retinol metabolism - Homo sapiens (human),K00061
46,46,hsa00830,Retinol metabolism - Homo sapiens (human),K00157
46,46,hsa00830,Retinol metabolism - Homo sapiens (human),K07249
46,46,hsa00830,Retinol metabolism - Homo sapiens (human),K07437
46,46,hsa00830,Retinol metabolism - Homo sapiens (human),K12664
46,46,hsa00830,Retinol metabolism - Homo sapiens (human),K12665
46,46,hsa00830,Retinol metabolism - Homo sapiens (human),K07408
46,46,hsa00830,Retinol metabolism - Homo sapiens (human),K07409
46,46,hsa00830,Retinol metabolism - Homo sapiens (human),K17683
46,46,hsa00830,Retinol metabolism - Homo sapiens (human),K17709
46,46,hsa00830,Retinol metabolism - Homo sapiens (human),K17718
46,46,hsa00830,Retinol metabolism - Homo sapiens (human),K17719
46,46,hsa00830,Retinol metabolism - Homo sapiens (human),K17720
46,46,hsa00830,Retinol metabolism - Homo sapiens (human),K07420
46,46,hsa00830,Retinol metabolism - Homo sapiens (human),K17689
46,46,hsa00830,Retinol metabolism - Homo sapiens (human),K17690
46,46,hsa00830,Retinol metabolism - Homo sapiens (human),K17691
46,46,hsa00830,Retinol metabolism - Homo sapiens (human),K07423
46,46,hsa00830,Retinol metabolism - Homo sapiens (human),K00699
46,46,hsa00830,Retinol metabolism - Homo sapiens (human),K09516
46,46,hsa00830,Retinol metabolism - Homo sapiens (human),K17951
47,47,hsa00860,Porphyrin metabolism - Homo sapiens (human),K00643
47,47,hsa00860,Porphyrin metabolism - Homo sapiens (human),K01885
47,47,hsa00860,Porphyrin metabolism - Homo sapiens (human),K14163
47,47,hsa00860,Porphyrin metabolism - Homo sapiens (human),K01698
47,47,hsa00860,Porphyrin metabolism - Homo sapiens (human),K01749
47,47,hsa00860,Porphyrin metabolism - Homo sapiens (human),K01719
47,47,hsa00860,Porphyrin metabolism - Homo sapiens (human),K01599
47,47,hsa00860,Porphyrin metabolism - Homo sapiens (human),K00228
47,47,hsa00860,Porphyrin metabolism - Homo sapiens (human),K00231
47,47,hsa00860,Porphyrin metabolism - Homo sapiens (human),K01772
47,47,hsa00860,Porphyrin metabolism - Homo sapiens (human),K02257
47,47,hsa00860,Porphyrin metabolism - Homo sapiens (human),K02259
47,47,hsa00860,Porphyrin metabolism - Homo sapiens (human),K00798
47,47,hsa00860,Porphyrin metabolism - Homo sapiens (human),K00510
47,47,hsa00860,Porphyrin metabolism - Homo sapiens (human),K21418
47,47,hsa00860,Porphyrin metabolism - Homo sapiens (human),K00214
47,47,hsa00860,Porphyrin metabolism - Homo sapiens (human),K05901
47,47,hsa00860,Porphyrin metabolism - Homo sapiens (human),K00699
47,47,hsa00860,Porphyrin metabolism - Homo sapiens (human),K01195
47,47,hsa00860,Porphyrin metabolism - Homo sapiens (human),K01764
47,47,hsa00860,Porphyrin metabolism - Homo sapiens (human),K13624
47,47,hsa00860,Porphyrin metabolism - Homo sapiens (human),K14735
47,47,hsa00860,Porphyrin metabolism - Homo sapiens (human),K19054
48,48,hsa00232,Caffeine metabolism - Homo sapiens (human),K07409
48,48,hsa00232,Caffeine metabolism - Homo sapiens (human),K00622
48,48,hsa00232,Caffeine metabolism - Homo sapiens (human),K17683
48,48,hsa00232,Caffeine metabolism - Homo sapiens (human),K00106
49,49,hsa00980,Metabolism of xenobiotics by cytochrome P450 - Homo sapiens (human),K07408
49,49,hsa00980,Metabolism of xenobiotics by cytochrome P450 - Homo sapiens (human),K17719
49,49,hsa00980,Metabolism of xenobiotics by cytochrome P450 - Homo sapiens (human),K17689
49,49,hsa00980,Metabolism of xenobiotics by cytochrome P450 - Homo sapiens (human),K07410
49,49,hsa00980,Metabolism of xenobiotics by cytochrome P450 - Homo sapiens (human),K00799
49,49,hsa00980,Metabolism of xenobiotics by cytochrome P450 - Homo sapiens (human),K23790
49,49,hsa00980,Metabolism of xenobiotics by cytochrome P450 - Homo sapiens (human),K13299
49,49,hsa00980,Metabolism of xenobiotics by cytochrome P450 - Homo sapiens (human),K04097
49,49,hsa00980,Metabolism of xenobiotics by cytochrome P450 - Homo sapiens (human),K01253
49,49,hsa00980,Metabolism of xenobiotics by cytochrome P450 - Homo sapiens (human),K17709
49,49,hsa00980,Metabolism of xenobiotics by cytochrome P450 - Homo sapiens (human),K11822
49,49,hsa00980,Metabolism of xenobiotics by cytochrome P450 - Homo sapiens (human),K07409
49,49,hsa00980,Metabolism of xenobiotics by cytochrome P450 - Homo sapiens (human),K17683
49,49,hsa00980,Metabolism of xenobiotics by cytochrome P450 - Homo sapiens (human),K07415
49,49,hsa00980,Metabolism of xenobiotics by cytochrome P450 - Homo sapiens (human),K07416
49,49,hsa00980,Metabolism of xenobiotics by cytochrome P450 - Homo sapiens (human),K07420
49,49,hsa00980,Metabolism of xenobiotics by cytochrome P450 - Homo sapiens (human),K00212
49,49,hsa00980,Metabolism of xenobiotics by cytochrome P450 - Homo sapiens (human),K00078
49,49,hsa00980,Metabolism of xenobiotics by cytochrome P450 - Homo sapiens (human),K17685
49,49,hsa00980,Metabolism of xenobiotics by cytochrome P450 - Homo sapiens (human),K17712
49,49,hsa00980,Metabolism of xenobiotics by cytochrome P450 - Homo sapiens (human),K15680
49,49,hsa00980,Metabolism of xenobiotics by cytochrome P450 - Homo sapiens (human),K00079
49,49,hsa00980,Metabolism of xenobiotics by cytochrome P450 - Homo sapiens (human),K00084
49,49,hsa00980,Metabolism of xenobiotics by cytochrome P450 - Homo sapiens (human),K00699
49,49,hsa00980,Metabolism of xenobiotics by cytochrome P450 - Homo sapiens (human),K17690
49,49,hsa00980,Metabolism of xenobiotics by cytochrome P450 - Homo sapiens (human),K15303
49,49,hsa00980,Metabolism of xenobiotics by cytochrome P450 - Homo sapiens (human),K00129
49,49,hsa00980,Metabolism of xenobiotics by cytochrome P450 - Homo sapiens (human),K13951
49,49,hsa00980,Metabolism of xenobiotics by cytochrome P450 - Homo sapiens (human),K13980
49,49,hsa00980,Metabolism of xenobiotics by cytochrome P450 - Homo sapiens (human),K00121
49,49,hsa00980,Metabolism of xenobiotics by cytochrome P450 - Homo sapiens (human),K13952
50,50,hsa00982,Drug metabolism - cytochrome P450 - Homo sapiens (human),K17712
50,50,hsa00982,Drug metabolism - cytochrome P450 - Homo sapiens (human),K17719
50,50,hsa00982,Drug metabolism - cytochrome P450 - Homo sapiens (human),K17689
50,50,hsa00982,Drug metabolism - cytochrome P450 - Homo sapiens (human),K00485
50,50,hsa00982,Drug metabolism - cytochrome P450 - Homo sapiens (human),K17721
50,50,hsa00982,Drug metabolism - cytochrome P450 - Homo sapiens (human),K17709
50,50,hsa00982,Drug metabolism - cytochrome P450 - Homo sapiens (human),K17690
50,50,hsa00982,Drug metabolism - cytochrome P450 - Homo sapiens (human),K00799
50,50,hsa00982,Drug metabolism - cytochrome P450 - Homo sapiens (human),K23790
50,50,hsa00982,Drug metabolism - cytochrome P450 - Homo sapiens (human),K13299
50,50,hsa00982,Drug metabolism - cytochrome P450 - Homo sapiens (human),K04097
50,50,hsa00982,Drug metabolism - cytochrome P450 - Homo sapiens (human),K13951
50,50,hsa00982,Drug metabolism - cytochrome P450 - Homo sapiens (human),K13980
50,50,hsa00982,Drug metabolism - cytochrome P450 - Homo sapiens (human),K00121
50,50,hsa00982,Drug metabolism - cytochrome P450 - Homo sapiens (human),K13952
50,50,hsa00982,Drug metabolism - cytochrome P450 - Homo sapiens (human),K00129
50,50,hsa00982,Drug metabolism - cytochrome P450 - Homo sapiens (human),K00274
50,50,hsa00982,Drug metabolism - cytochrome P450 - Homo sapiens (human),K00157
50,50,hsa00982,Drug metabolism - cytochrome P450 - Homo sapiens (human),K00699
50,50,hsa00982,Drug metabolism - cytochrome P450 - Homo sapiens (human),K07409
50,50,hsa00982,Drug metabolism - cytochrome P450 - Homo sapiens (human),K07415
50,50,hsa00982,Drug metabolism - cytochrome P450 - Homo sapiens (human),K17718
50,50,hsa00982,Drug metabolism - cytochrome P450 - Homo sapiens (human),K17683
51,51,hsa00983,Drug metabolism - other enzymes - Homo sapiens (human),K00760
51,51,hsa00983,Drug metabolism - other enzymes - Homo sapiens (human),K00088
51,51,hsa00983,Drug metabolism - other enzymes - Homo sapiens (human),K01951
51,51,hsa00983,Drug metabolism - other enzymes - Homo sapiens (human),K00569
51,51,hsa00983,Drug metabolism - other enzymes - Homo sapiens (human),K00106
51,51,hsa00983,Drug metabolism - other enzymes - Homo sapiens (human),K01519
51,51,hsa00983,Drug metabolism - other enzymes - Homo sapiens (human),K01044
51,51,hsa00983,Drug metabolism - other enzymes - Homo sapiens (human),K03927
51,51,hsa00983,Drug metabolism - other enzymes - Homo sapiens (human),K00699
51,51,hsa00983,Drug metabolism - other enzymes - Homo sapiens (human),K01195
51,51,hsa00983,Drug metabolism - other enzymes - Homo sapiens (human),K17689
51,51,hsa00983,Drug metabolism - other enzymes - Homo sapiens (human),K01489
51,51,hsa00983,Drug metabolism - other enzymes - Homo sapiens (human),K00758
51,51,hsa00983,Drug metabolism - other enzymes - Homo sapiens (human),K00207
51,51,hsa00983,Drug metabolism - other enzymes - Homo sapiens (human),K01464
51,51,hsa00983,Drug metabolism - other enzymes - Homo sapiens (human),K01431
51,51,hsa00983,Drug metabolism - other enzymes - Homo sapiens (human),K17683
51,51,hsa00983,Drug metabolism - other enzymes - Homo sapiens (human),K00757
51,51,hsa00983,Drug metabolism - other enzymes - Homo sapiens (human),K00876
51,51,hsa00983,Drug metabolism - other enzymes - Homo sapiens (human),K00857
51,51,hsa00983,Drug metabolism - other enzymes - Homo sapiens (human),K13421
51,51,hsa00983,Drug metabolism - other enzymes - Homo sapiens (human),K13800
51,51,hsa00983,Drug metabolism - other enzymes - Homo sapiens (human),K10807
51,51,hsa00983,Drug metabolism - other enzymes - Homo sapiens (human),K10808
51,51,hsa00983,Drug metabolism - other enzymes - Homo sapiens (human),K00940
51,51,hsa00983,Drug metabolism - other enzymes - Homo sapiens (human),K01520
51,51,hsa00983,Drug metabolism - other enzymes - Homo sapiens (human),K10789
51,51,hsa00983,Drug metabolism - other enzymes - Homo sapiens (human),K00622
51,51,hsa00983,Drug metabolism - other enzymes - Homo sapiens (human),K07415
51,51,hsa00983,Drug metabolism - other enzymes - Homo sapiens (human),K00799
51,51,hsa00983,Drug metabolism - other enzymes - Homo sapiens (human),K23790
52,52,hsa04979,Cholesterol metabolism - Homo sapiens (human),K05641
52,52,hsa04979,Cholesterol metabolism - Homo sapiens (human),K08757
52,52,hsa04979,Cholesterol metabolism - Homo sapiens (human),K01059
52,52,hsa04979,Cholesterol metabolism - Homo sapiens (human),K00650
52,52,hsa04979,Cholesterol metabolism - Homo sapiens (human),K22284
52,52,hsa04979,Cholesterol metabolism - Homo sapiens (human),K08761
52,52,hsa04979,Cholesterol metabolism - Homo sapiens (human),K16835
52,52,hsa04979,Cholesterol metabolism - Homo sapiens (human),K22283
52,52,hsa04979,Cholesterol metabolism - Homo sapiens (human),K09644
52,52,hsa04979,Cholesterol metabolism - Homo sapiens (human),K06259
52,52,hsa04979,Cholesterol metabolism - Homo sapiens (human),K12473
52,52,hsa04979,Cholesterol metabolism - Homo sapiens (human),K14349
52,52,hsa04979,Cholesterol metabolism - Homo sapiens (human),K00637
52,52,hsa04979,Cholesterol metabolism - Homo sapiens (human),K22286
52,52,hsa04979,Cholesterol metabolism - Homo sapiens (human),K22287
52,52,hsa04979,Cholesterol metabolism - Homo sapiens (human),K17305
52,52,hsa04979,Cholesterol metabolism - Homo sapiens (human),K22288
52,52,hsa04979,Cholesterol metabolism - Homo sapiens (human),K08767
52,52,hsa04979,Cholesterol metabolism - Homo sapiens (human),K22289
52,52,hsa04979,Cholesterol metabolism - Homo sapiens (human),K13885
52,52,hsa04979,Cholesterol metabolism - Homo sapiens (human),K12388
52,52,hsa04979,Cholesterol metabolism - Homo sapiens (human),K14462
52,52,hsa04979,Cholesterol metabolism - Homo sapiens (human),K13050
52,52,hsa04979,Cholesterol metabolism - Homo sapiens (human),K12474
52,52,hsa04979,Cholesterol metabolism - Homo sapiens (human),K10637
52,52,hsa04979,Cholesterol metabolism - Homo sapiens (human),K04524
52,52,hsa04979,Cholesterol metabolism - Homo sapiens (human),K04550
52,52,hsa04979,Cholesterol metabolism - Homo sapiens (human),K06233
52,52,hsa04979,Cholesterol metabolism - Homo sapiens (human),K22290
52,52,hsa04979,Cholesterol metabolism - Homo sapiens (human),K01052
52,52,hsa04979,Cholesterol metabolism - Homo sapiens (human),K22291
52,52,hsa04979,Cholesterol metabolism - Homo sapiens (human),K05862
52,52,hsa04979,Cholesterol metabolism - Homo sapiens (human),K15040
52,52,hsa04979,Cholesterol metabolism - Homo sapiens (human),K15041
52,52,hsa04979,Cholesterol metabolism - Homo sapiens (human),K05770
52,52,hsa04979,Cholesterol metabolism - Homo sapiens (human),K00488
52,52,hsa04979,Cholesterol metabolism - Homo sapiens (human),K06096
52,52,hsa04979,Cholesterol metabolism - Homo sapiens (human),K10707
52,52,hsa04979,Cholesterol metabolism - Homo sapiens (human),K12385
52,52,hsa04979,Cholesterol metabolism - Homo sapiens (human),K20464
52,52,hsa04979,Cholesterol metabolism - Homo sapiens (human),K13443
52,52,hsa04979,Cholesterol metabolism - Homo sapiens (human),K16931
52,52,hsa04979,Cholesterol metabolism - Homo sapiens (human),K25914
52,52,hsa04979,Cholesterol metabolism - Homo sapiens (human),K00489
52,52,hsa04979,Cholesterol metabolism - Homo sapiens (human),K05664
52,52,hsa04979,Cholesterol metabolism - Homo sapiens (human),K05683
52,52,hsa04979,Cholesterol metabolism - Homo sapiens (human),K05684
52,52,hsa04979,Cholesterol metabolism - Homo sapiens (human),K08758
52,52,hsa04979,Cholesterol metabolism - Homo sapiens (human),K08759
52,52,hsa04979,Cholesterol metabolism - Homo sapiens (human),K08760
53,53,hsa05230,Central carbon metabolism in cancer - Homo sapiens (human),K07299
53,53,hsa05230,Central carbon metabolism in cancer - Homo sapiens (human),K07593
53,53,hsa05230,Central carbon metabolism in cancer - Homo sapiens (human),K12407
53,53,hsa05230,Central carbon metabolism in cancer - Homo sapiens (human),K00873
53,53,hsa05230,Central carbon metabolism in cancer - Homo sapiens (human),K00161
53,53,hsa05230,Central carbon metabolism in cancer - Homo sapiens (human),K00162
53,53,hsa05230,Central carbon metabolism in cancer - Homo sapiens (human),K12077
53,53,hsa05230,Central carbon metabolism in cancer - Homo sapiens (human),K04451
53,53,hsa05230,Central carbon metabolism in cancer - Homo sapiens (human),K23755
53,53,hsa05230,Central carbon metabolism in cancer - Homo sapiens (human),K05616
53,53,hsa05230,Central carbon metabolism in cancer - Homo sapiens (human),K11413
53,53,hsa05230,Central carbon metabolism in cancer - Homo sapiens (human),K08180
53,53,hsa05230,Central carbon metabolism in cancer - Homo sapiens (human),K11416
53,53,hsa05230,Central carbon metabolism in cancer - Homo sapiens (human),K04377
53,53,hsa05230,Central carbon metabolism in cancer - Homo sapiens (human),K08268
53,53,hsa05230,Central carbon metabolism in cancer - Homo sapiens (human),K05091
53,53,hsa05230,Central carbon metabolism in cancer - Homo sapiens (human),K05099
53,53,hsa05230,Central carbon metabolism in cancer - Homo sapiens (human),K05126
53,53,hsa05230,Central carbon metabolism in cancer - Homo sapiens (human),K04361
53,53,hsa05230,Central carbon metabolism in cancer - Homo sapiens (human),K05083
53,53,hsa05230,Central carbon metabolism in cancer - Homo sapiens (human),K03176
53,53,hsa05230,Central carbon metabolism in cancer - Homo sapiens (human),K05101
53,53,hsa05230,Central carbon metabolism in cancer - Homo sapiens (human),K04363
53,53,hsa05230,Central carbon metabolism in cancer - Homo sapiens (human),K05089
53,53,hsa05230,Central carbon metabolism in cancer - Homo sapiens (human),K04362
53,53,hsa05230,Central carbon metabolism in cancer - Homo sapiens (human),K05093
53,53,hsa05230,Central carbon metabolism in cancer - Homo sapiens (human),K05094
53,53,hsa05230,Central carbon metabolism in cancer - Homo sapiens (human),K05092
53,53,hsa05230,Central carbon metabolism in cancer - Homo sapiens (human),K02833
53,53,hsa05230,Central carbon metabolism in cancer - Homo sapiens (human),K07827
53,53,hsa05230,Central carbon metabolism in cancer - Homo sapiens (human),K07828
53,53,hsa05230,Central carbon metabolism in cancer - Homo sapiens (human),K04366
53,53,hsa05230,Central carbon metabolism in cancer - Homo sapiens (human),K04368
53,53,hsa05230,Central carbon metabolism in cancer - Homo sapiens (human),K04369
53,53,hsa05230,Central carbon metabolism in cancer - Homo sapiens (human),K04371
53,53,hsa05230,Central carbon metabolism in cancer - Homo sapiens (human),K01425
53,53,hsa05230,Central carbon metabolism in cancer - Homo sapiens (human),K00036
53,53,hsa05230,Central carbon metabolism in cancer - Homo sapiens (human),K00844
53,53,hsa05230,Central carbon metabolism in cancer - Homo sapiens (human),K00850
53,53,hsa05230,Central carbon metabolism in cancer - Homo sapiens (human),K01834
53,53,hsa05230,Central carbon metabolism in cancer - Homo sapiens (human),K00016
53,53,hsa05230,Central carbon metabolism in cancer - Homo sapiens (human),K00031
53,53,hsa05230,Central carbon metabolism in cancer - Homo sapiens (human),K14634
53,53,hsa05230,Central carbon metabolism in cancer - Homo sapiens (human),K01110
53,53,hsa05230,Central carbon metabolism in cancer - Homo sapiens (human),K00922
53,53,hsa05230,Central carbon metabolism in cancer - Homo sapiens (human),K02649
53,53,hsa05230,Central carbon metabolism in cancer - Homo sapiens (human),K04456
53,53,hsa05230,Central carbon metabolism in cancer - Homo sapiens (human),K07203
53,53,hsa05230,Central carbon metabolism in cancer - Homo sapiens (human),K13780
54,54,hsa05231,Choline metabolism in cancer - Homo sapiens (human),K04357
54,54,hsa05231,Choline metabolism in cancer - Homo sapiens (human),K04359
54,54,hsa05231,Choline metabolism in cancer - Homo sapiens (human),K17386
54,54,hsa05231,Choline metabolism in cancer - Homo sapiens (human),K05450
54,54,hsa05231,Choline metabolism in cancer - Homo sapiens (human),K04361
54,54,hsa05231,Choline metabolism in cancer - Homo sapiens (human),K04363
54,54,hsa05231,Choline metabolism in cancer - Homo sapiens (human),K05089
54,54,hsa05231,Choline metabolism in cancer - Homo sapiens (human),K04364
54,54,hsa05231,Choline metabolism in cancer - Homo sapiens (human),K03099
54,54,hsa05231,Choline metabolism in cancer - Homo sapiens (human),K02833
54,54,hsa05231,Choline metabolism in cancer - Homo sapiens (human),K07827
54,54,hsa05231,Choline metabolism in cancer - Homo sapiens (human),K07828
54,54,hsa05231,Choline metabolism in cancer - Homo sapiens (human),K04366
54,54,hsa05231,Choline metabolism in cancer - Homo sapiens (human),K04368
54,54,hsa05231,Choline metabolism in cancer - Homo sapiens (human),K04369
54,54,hsa05231,Choline metabolism in cancer - Homo sapiens (human),K04371
54,54,hsa05231,Choline metabolism in cancer - Homo sapiens (human),K08732
54,54,hsa05231,Choline metabolism in cancer - Homo sapiens (human),K04440
54,54,hsa05231,Choline metabolism in cancer - Homo sapiens (human),K16342
54,54,hsa05231,Choline metabolism in cancer - Homo sapiens (human),K00922
54,54,hsa05231,Choline metabolism in cancer - Homo sapiens (human),K02649
54,54,hsa05231,Choline metabolism in cancer - Homo sapiens (human),K06276
54,54,hsa05231,Choline metabolism in cancer - Homo sapiens (human),K04456
54,54,hsa05231,Choline metabolism in cancer - Homo sapiens (human),K07206
54,54,hsa05231,Choline metabolism in cancer - Homo sapiens (human),K07207
54,54,hsa05231,Choline metabolism in cancer - Homo sapiens (human),K07208
54,54,hsa05231,Choline metabolism in cancer - Homo sapiens (human),K07203
54,54,hsa05231,Choline metabolism in cancer - Homo sapiens (human),K04688
54,54,hsa05231,Choline metabolism in cancer - Homo sapiens (human),K07205
54,54,hsa05231,Choline metabolism in cancer - Homo sapiens (human),K00889
54,54,hsa05231,Choline metabolism in cancer - Homo sapiens (human),K05747
54,54,hsa05231,Choline metabolism in cancer - Homo sapiens (human),K04392
54,54,hsa05231,Choline metabolism in cancer - Homo sapiens (human),K07860
54,54,hsa05231,Choline metabolism in cancer - Homo sapiens (human),K07861
54,54,hsa05231,Choline metabolism in cancer - Homo sapiens (human),K05753
54,54,hsa05231,Choline metabolism in cancer - Homo sapiens (human),K05748
54,54,hsa05231,Choline metabolism in cancer - Homo sapiens (human),K06083
54,54,hsa05231,Choline metabolism in cancer - Homo sapiens (human),K04684
54,54,hsa05231,Choline metabolism in cancer - Homo sapiens (human),K01115
54,54,hsa05231,Choline metabolism in cancer - Homo sapiens (human),K14387
54,54,hsa05231,Choline metabolism in cancer - Homo sapiens (human),K06515
54,54,hsa05231,Choline metabolism in cancer - Homo sapiens (human),K15377
54,54,hsa05231,Choline metabolism in cancer - Homo sapiens (human),K15282
54,54,hsa05231,Choline metabolism in cancer - Homo sapiens (human),K08198
54,54,hsa05231,Choline metabolism in cancer - Homo sapiens (human),K08199
54,54,hsa05231,Choline metabolism in cancer - Homo sapiens (human),K08200
54,54,hsa05231,Choline metabolism in cancer - Homo sapiens (human),K08202
54,54,hsa05231,Choline metabolism in cancer - Homo sapiens (human),K14156
54,54,hsa05231,Choline metabolism in cancer - Homo sapiens (human),K08268
54,54,hsa05231,Choline metabolism in cancer - Homo sapiens (human),K04448
54,54,hsa05231,Choline metabolism in cancer - Homo sapiens (human),K04379
54,54,hsa05231,Choline metabolism in cancer - Homo sapiens (human),K00968
54,54,hsa05231,Choline metabolism in cancer - Homo sapiens (human),K00994
54,54,hsa05231,Choline metabolism in cancer - Homo sapiens (human),K01116
54,54,hsa05231,Choline metabolism in cancer - Homo sapiens (human),K01080
54,54,hsa05231,Choline metabolism in cancer - Homo sapiens (human),K00901
54,54,hsa05231,Choline metabolism in cancer - Homo sapiens (human),K02677
54,54,hsa05231,Choline metabolism in cancer - Homo sapiens (human),K19662
54,54,hsa05231,Choline metabolism in cancer - Homo sapiens (human),K19663
54,54,hsa05231,Choline metabolism in cancer - Homo sapiens (human),K06128
54,54,hsa05231,Choline metabolism in cancer - Homo sapiens (human),K18695
